epoch,total,loss_f,loss_ic,loss_bc,lambda_f,lambda_ic,lambda_bc,n_f
1,1.433741807937622,0.570900022983551,0.1335836946964264,0.729258120059967,1.0,1.0,1.0,2000
2,1.1685640811920166,0.2024163007736206,0.1516990214586258,0.8144487738609314,1.0,1.0,1.0,2000
3,1.2329778671264648,0.11812657862901688,0.16760684549808502,0.94724440574646,1.0,1.0,1.0,2000
4,1.1834232807159424,0.03895018622279167,0.15819650888442993,0.9862766265869141,1.0,1.0,1.0,2000
5,1.129293441772461,0.010582341812551022,0.145174041390419,0.9735370874404907,1.0,1.0,1.0,2000
6,1.1152634620666504,0.048019666224718094,0.1357576698064804,0.9314861297607422,1.0,1.0,1.0,2000
7,1.098065733909607,0.09250620752573013,0.12918801605701447,0.8763715028762817,1.0,1.0,1.0,2000
8,1.0841479301452637,0.1321072280406952,0.12511666119098663,0.8269240856170654,1.0,1.0,1.0,2000
9,1.0881410837173462,0.16555733978748322,0.12394662201404572,0.7986371517181396,1.0,1.0,1.0,2000
10,1.095278263092041,0.1743655800819397,0.12468768656253815,0.7962249517440796,1.0,1.0,1.0,2000
11,1.0866419076919556,0.1475483775138855,0.12544067203998566,0.8136528730392456,1.0,1.0,1.0,2000
12,1.0647917985916138,0.09775405377149582,0.12517182528972626,0.8418659567832947,1.0,1.0,1.0,2000
13,1.0495258569717407,0.052579086273908615,0.1241268590092659,0.8728199005126953,1.0,1.0,1.0,2000
14,1.0534355640411377,0.0320005789399147,0.12303745746612549,0.8983975648880005,1.0,1.0,1.0,2000
15,1.0646398067474365,0.03178717941045761,0.12230126559734344,0.9105514287948608,1.0,1.0,1.0,2000
16,1.0630642175674438,0.03567272797226906,0.12186728417873383,0.9055242538452148,1.0,1.0,1.0,2000
17,1.0464203357696533,0.03886716812849045,0.12167881429195404,0.8858743906021118,1.0,1.0,1.0,2000
18,1.028775930404663,0.049052268266677856,0.12183288484811783,0.8578908443450928,1.0,1.0,1.0,2000
19,1.0221718549728394,0.07126639038324356,0.12231630831956863,0.8285892009735107,1.0,1.0,1.0,2000
20,1.0245640277862549,0.09793124347925186,0.12282482534646988,0.8038079738616943,1.0,1.0,1.0,2000
21,1.0251203775405884,0.11489041149616241,0.12300436943769455,0.787225604057312,1.0,1.0,1.0,2000
22,1.0178947448730469,0.11472304165363312,0.12284550070762634,0.780326247215271,1.0,1.0,1.0,2000
23,1.006404161453247,0.10093645006418228,0.12271250784397125,0.7827552556991577,1.0,1.0,1.0,2000
24,0.9973775148391724,0.0820712149143219,0.1230163648724556,0.7922899127006531,1.0,1.0,1.0,2000
25,0.9934567213058472,0.06477157026529312,0.12390485405921936,0.8047803044319153,1.0,1.0,1.0,2000
26,0.9920191764831543,0.05186240375041962,0.12519948184490204,0.8149572610855103,1.0,1.0,1.0,2000
27,0.9894039630889893,0.04477057233452797,0.1265197992324829,0.8181136250495911,1.0,1.0,1.0,2000
28,0.9843467473983765,0.04529908671975136,0.12740939855575562,0.8116382360458374,1.0,1.0,1.0,2000
29,0.9778261184692383,0.05464116483926773,0.12744449079036713,0.7957404255867004,1.0,1.0,1.0,2000
30,0.9718677997589111,0.07197721302509308,0.12643209099769592,0.7734584808349609,1.0,1.0,1.0,2000
31,0.9683610200881958,0.0938119888305664,0.12461194396018982,0.7499370574951172,1.0,1.0,1.0,2000
32,0.9670583009719849,0.11357834190130234,0.12261772155761719,0.7308622598648071,1.0,1.0,1.0,2000
33,0.9650775790214539,0.12354068458080292,0.12114717811346054,0.720389723777771,1.0,1.0,1.0,2000
34,0.9602985978126526,0.12015575170516968,0.12059235572814941,0.7195504903793335,1.0,1.0,1.0,2000
35,0.95461106300354,0.10771236568689346,0.12088941037654877,0.7260092496871948,1.0,1.0,1.0,2000
36,0.9516167640686035,0.09524548053741455,0.12155337631702423,0.7348179221153259,1.0,1.0,1.0,2000
37,0.9512456655502319,0.08957357704639435,0.1218319684267044,0.7398401498794556,1.0,1.0,1.0,2000
38,0.9497472643852234,0.09227174520492554,0.12109804898500443,0.736377477645874,1.0,1.0,1.0,2000
39,0.9459463357925415,0.10281457006931305,0.11930535733699799,0.7238264083862305,1.0,1.0,1.0,2000
40,0.9427734017372131,0.11986742913722992,0.11702045798301697,0.7058855295181274,1.0,1.0,1.0,2000
41,0.941857635974884,0.13841183483600616,0.11502949893474579,0.6884163022041321,1.0,1.0,1.0,2000
42,0.9413479566574097,0.15086209774017334,0.11388830095529556,0.676597535610199,1.0,1.0,1.0,2000
43,0.9396486282348633,0.15327748656272888,0.11366886645555496,0.6727022528648376,1.0,1.0,1.0,2000
44,0.9375380277633667,0.14826272428035736,0.11395557969808578,0.6753197312355042,1.0,1.0,1.0,2000
45,0.9360882043838501,0.14179736375808716,0.1140923947095871,0.6801984310150146,1.0,1.0,1.0,2000
46,0.9351474642753601,0.13898971676826477,0.1136278286576271,0.6825299263000488,1.0,1.0,1.0,2000
47,0.934185266494751,0.14209146797657013,0.11261176317930222,0.6794820427894592,1.0,1.0,1.0,2000
48,0.9328258037567139,0.15000970661640167,0.11146584898233414,0.6713502407073975,1.0,1.0,1.0,2000
49,0.9310879707336426,0.15946997702121735,0.1106477901339531,0.6609702110290527,1.0,1.0,1.0,2000
50,0.929659366607666,0.16722902655601501,0.11039423197507858,0.6520360708236694,1.0,1.0,1.0,2000
51,0.9287698268890381,0.17101721465587616,0.11059699207544327,0.6471556425094604,1.0,1.0,1.0,2000
52,0.9275588989257812,0.1700422614812851,0.1108807697892189,0.6466358304023743,1.0,1.0,1.0,2000
53,0.925717830657959,0.16604535281658173,0.11091561615467072,0.6487568616867065,1.0,1.0,1.0,2000
54,0.9242110252380371,0.16252759099006653,0.11066891252994537,0.651014506816864,1.0,1.0,1.0,2000
55,0.9233248829841614,0.16170020401477814,0.1103338971734047,0.651290774345398,1.0,1.0,1.0,2000
56,0.9220917224884033,0.16322240233421326,0.11011333763599396,0.6487559676170349,1.0,1.0,1.0,2000
57,0.9204005002975464,0.16599537432193756,0.11010308563709259,0.6443020105361938,1.0,1.0,1.0,2000
58,0.9191685914993286,0.168938547372818,0.11025697737932205,0.6399730443954468,1.0,1.0,1.0,2000
59,0.9183376431465149,0.1702684760093689,0.1104053184390068,0.6376638412475586,1.0,1.0,1.0,2000
60,0.9171242713928223,0.16866104304790497,0.11039001494646072,0.638073205947876,1.0,1.0,1.0,2000
61,0.9157353639602661,0.16507399082183838,0.11020435392856598,0.640457034111023,1.0,1.0,1.0,2000
62,0.9147984385490417,0.16180221736431122,0.1099555715918541,0.643040657043457,1.0,1.0,1.0,2000
63,0.913989245891571,0.16026189923286438,0.10973314195871353,0.6439942121505737,1.0,1.0,1.0,2000
64,0.9128609895706177,0.1606246829032898,0.10956260561943054,0.642673671245575,1.0,1.0,1.0,2000
65,0.9118190407752991,0.1622803956270218,0.1094275638461113,0.6401110887527466,1.0,1.0,1.0,2000
66,0.9111138582229614,0.16364771127700806,0.1092771589756012,0.6381889581680298,1.0,1.0,1.0,2000
67,0.9103202819824219,0.16305427253246307,0.10905154794454575,0.6382144689559937,1.0,1.0,1.0,2000
68,0.9093606472015381,0.1606207937002182,0.10873471945524216,0.6400051116943359,1.0,1.0,1.0,2000
69,0.9086089730262756,0.15820851922035217,0.10835959762334824,0.6420408487319946,1.0,1.0,1.0,2000
70,0.9079875946044922,0.15742512047290802,0.10797185450792313,0.6425906419754028,1.0,1.0,1.0,2000
71,0.9072104096412659,0.1584765762090683,0.1076221764087677,0.6411116719245911,1.0,1.0,1.0,2000
72,0.9064487218856812,0.16038778424263,0.10736163705587387,0.6386992931365967,1.0,1.0,1.0,2000
73,0.9058446884155273,0.16159336268901825,0.10719268769025803,0.6370586156845093,1.0,1.0,1.0,2000
74,0.9051833152770996,0.1611703485250473,0.1070413812994957,0.6369715929031372,1.0,1.0,1.0,2000
75,0.9044307470321655,0.15992774069309235,0.10681451857089996,0.6376885175704956,1.0,1.0,1.0,2000
76,0.9037593007087708,0.15956878662109375,0.1064857766032219,0.6377047300338745,1.0,1.0,1.0,2000
77,0.9031180739402771,0.16082260012626648,0.10612903535366058,0.6361664533615112,1.0,1.0,1.0,2000
78,0.9023987054824829,0.1628844141960144,0.10587409138679504,0.6336401700973511,1.0,1.0,1.0,2000
79,0.9016852378845215,0.16440635919570923,0.10579832643270493,0.6314805746078491,1.0,1.0,1.0,2000
80,0.9010303020477295,0.16478031873703003,0.10583098232746124,0.6304190158843994,1.0,1.0,1.0,2000
81,0.9003495573997498,0.16467082500457764,0.10579150915145874,0.6298872232437134,1.0,1.0,1.0,2000
82,0.8996357917785645,0.1652892678976059,0.10556227713823318,0.6287842392921448,1.0,1.0,1.0,2000
83,0.8989744186401367,0.16702044010162354,0.10521307587623596,0.6267409324645996,1.0,1.0,1.0,2000
84,0.8983340263366699,0.16895495355129242,0.10493350774049759,0.6244455575942993,1.0,1.0,1.0,2000
85,0.8976541757583618,0.17005249857902527,0.10484223812818527,0.6227594614028931,1.0,1.0,1.0,2000
86,0.8970067501068115,0.17043963074684143,0.10486097633838654,0.6217061281204224,1.0,1.0,1.0,2000
87,0.8963953852653503,0.17108644545078278,0.10478412359952927,0.6205248236656189,1.0,1.0,1.0,2000
88,0.8957509398460388,0.1725180447101593,0.10449735820293427,0.6187355518341064,1.0,1.0,1.0,2000
89,0.8951213359832764,0.17420348525047302,0.10410396009683609,0.6168138980865479,1.0,1.0,1.0,2000
90,0.8945241570472717,0.17520155012607574,0.10379862785339355,0.6155239939689636,1.0,1.0,1.0,2000
91,0.8939096927642822,0.17541906237602234,0.10364982485771179,0.6148408055305481,1.0,1.0,1.0,2000
92,0.8933000564575195,0.17578624188899994,0.10354737192392349,0.6139664649963379,1.0,1.0,1.0,2000
93,0.8927143812179565,0.1769217550754547,0.1033521369099617,0.6124404668807983,1.0,1.0,1.0,2000
94,0.8921242356300354,0.1782270073890686,0.10305869579315186,0.6108385324478149,1.0,1.0,1.0,2000
95,0.8915277719497681,0.17873108386993408,0.1027776226401329,0.6100190281867981,1.0,1.0,1.0,2000
96,0.8909494876861572,0.17847947776317596,0.10258123278617859,0.6098887920379639,1.0,1.0,1.0,2000
97,0.890372097492218,0.1784595102071762,0.10243520140647888,0.6094774007797241,1.0,1.0,1.0,2000
98,0.8897851705551147,0.17919449508190155,0.10228852182626724,0.608302116394043,1.0,1.0,1.0,2000
99,0.8892146348953247,0.1800113469362259,0.10215406864881516,0.6070492267608643,1.0,1.0,1.0,2000
100,0.8886412382125854,0.18004120886325836,0.10205686837434769,0.6065431833267212,1.0,1.0,1.0,2000
101,0.8880612850189209,0.17956234514713287,0.10196234285831451,0.6065366268157959,1.0,1.0,1.0,2000
102,0.8874922394752502,0.17953844368457794,0.10182568430900574,0.6061280965805054,1.0,1.0,1.0,2000
103,0.8869223594665527,0.18011042475700378,0.10168533027172089,0.6051266193389893,1.0,1.0,1.0,2000
104,0.8863494992256165,0.1804882287979126,0.10162366926670074,0.6042376160621643,1.0,1.0,1.0,2000
105,0.8857834935188293,0.18031084537506104,0.10162796080112457,0.6038447022438049,1.0,1.0,1.0,2000
106,0.8852171897888184,0.18020565807819366,0.10158071666955948,0.6034308075904846,1.0,1.0,1.0,2000
107,0.8846452236175537,0.18066821992397308,0.10142778605222702,0.6025492548942566,1.0,1.0,1.0,2000
108,0.8840795159339905,0.1812368780374527,0.10126309841871262,0.6015795469284058,1.0,1.0,1.0,2000
109,0.8835095763206482,0.18137897551059723,0.10118262469768524,0.6009479761123657,1.0,1.0,1.0,2000
110,0.8829373121261597,0.18149176239967346,0.10114164650440216,0.6003038883209229,1.0,1.0,1.0,2000
111,0.8823667764663696,0.1821407526731491,0.10103939473628998,0.5991865992546082,1.0,1.0,1.0,2000
112,0.881791353225708,0.18297724425792694,0.10087810456752777,0.5979359745979309,1.0,1.0,1.0,2000
113,0.8812129497528076,0.1833934485912323,0.10073547810316086,0.5970839858055115,1.0,1.0,1.0,2000
114,0.8806348443031311,0.18367567658424377,0.10062889754772186,0.5963302850723267,1.0,1.0,1.0,2000
115,0.880050539970398,0.18444015085697174,0.10052110254764557,0.595089316368103,1.0,1.0,1.0,2000
116,0.8794646263122559,0.18544194102287292,0.10041745752096176,0.5936052203178406,1.0,1.0,1.0,2000
117,0.8788750171661377,0.18605512380599976,0.10034232586622238,0.592477560043335,1.0,1.0,1.0,2000
118,0.8782790899276733,0.1864842176437378,0.10026414692401886,0.5915307402610779,1.0,1.0,1.0,2000
119,0.8776801824569702,0.18729059398174286,0.10015574842691422,0.5902338027954102,1.0,1.0,1.0,2000
120,0.8770754337310791,0.1882423758506775,0.10007180273532867,0.5887612700462341,1.0,1.0,1.0,2000
121,0.8764647841453552,0.1888546496629715,0.10005496442317963,0.5875551700592041,1.0,1.0,1.0,2000
122,0.8758498430252075,0.18940450251102448,0.10004045069217682,0.5864049196243286,1.0,1.0,1.0,2000
123,0.875226616859436,0.19026541709899902,0.0999675840139389,0.5849936008453369,1.0,1.0,1.0,2000
124,0.8745975494384766,0.19108060002326965,0.09989058971405029,0.583626389503479,1.0,1.0,1.0,2000
125,0.8739611506462097,0.1915910392999649,0.09986609220504761,0.5825040340423584,1.0,1.0,1.0,2000
126,0.8733165264129639,0.19223077595233917,0.09985091537237167,0.5812348127365112,1.0,1.0,1.0,2000
127,0.8726644515991211,0.1931207776069641,0.0998033657670021,0.5797402858734131,1.0,1.0,1.0,2000
128,0.872002363204956,0.19378598034381866,0.09975308179855347,0.5784633159637451,1.0,1.0,1.0,2000
129,0.8713318109512329,0.19426663219928741,0.09971513599157333,0.5773500204086304,1.0,1.0,1.0,2000
130,0.870651125907898,0.19501639902591705,0.09967371076345444,0.5759609937667847,1.0,1.0,1.0,2000
131,0.8699601292610168,0.19584065675735474,0.09964895993471146,0.5744705200195312,1.0,1.0,1.0,2000
132,0.869258463382721,0.19640037417411804,0.09964893013238907,0.5732091665267944,1.0,1.0,1.0,2000
133,0.8685445785522461,0.19702692329883575,0.0996289923787117,0.5718886852264404,1.0,1.0,1.0,2000
134,0.8678188323974609,0.1978771835565567,0.09959530085325241,0.5703463554382324,1.0,1.0,1.0,2000
135,0.8670796751976013,0.198581725358963,0.09960576146841049,0.5688921809196472,1.0,1.0,1.0,2000
136,0.866327166557312,0.19923001527786255,0.09963789582252502,0.5674592852592468,1.0,1.0,1.0,2000
137,0.8655598163604736,0.2001204788684845,0.09963466972112656,0.565804660320282,1.0,1.0,1.0,2000
138,0.8647769689559937,0.20097535848617554,0.0996256172657013,0.5641760230064392,1.0,1.0,1.0,2000
139,0.8639780282974243,0.20171292126178741,0.09964294731616974,0.5626221299171448,1.0,1.0,1.0,2000
140,0.8631612658500671,0.20267875492572784,0.09965524077415466,0.5608272552490234,1.0,1.0,1.0,2000
141,0.8623263835906982,0.20370535552501678,0.09965582191944122,0.5589652061462402,1.0,1.0,1.0,2000
142,0.8614712953567505,0.2045867145061493,0.09965672343969345,0.5572278499603271,1.0,1.0,1.0,2000
143,0.8605952262878418,0.20564964413642883,0.09964752197265625,0.5552980899810791,1.0,1.0,1.0,2000
144,0.8596963286399841,0.20682905614376068,0.09964951127767563,0.5532177686691284,1.0,1.0,1.0,2000
145,0.8587732315063477,0.20787982642650604,0.09967046976089478,0.5512229204177856,1.0,1.0,1.0,2000
146,0.8578231334686279,0.20908282697200775,0.09966924041509628,0.5490710735321045,1.0,1.0,1.0,2000
147,0.856844425201416,0.21040713787078857,0.09966741502285004,0.5467698574066162,1.0,1.0,1.0,2000
148,0.8558342456817627,0.21163120865821838,0.09970150887966156,0.544501543045044,1.0,1.0,1.0,2000
149,0.854789674282074,0.21302121877670288,0.09972614794969559,0.5420423150062561,1.0,1.0,1.0,2000
150,0.8537066578865051,0.21451306343078613,0.09973353147506714,0.5394600629806519,1.0,1.0,1.0,2000
151,0.8525813817977905,0.21594570577144623,0.0997578352689743,0.5368778705596924,1.0,1.0,1.0,2000
152,0.8514086008071899,0.21758344769477844,0.09978173673152924,0.5340434312820435,1.0,1.0,1.0,2000
153,0.850182294845581,0.21928595006465912,0.09979883581399918,0.5310974717140198,1.0,1.0,1.0,2000
154,0.8488947153091431,0.22101160883903503,0.09981027990579605,0.5280728340148926,1.0,1.0,1.0,2000
155,0.8475368618965149,0.22299179434776306,0.0998172014951706,0.5247278809547424,1.0,1.0,1.0,2000
156,0.8460972309112549,0.2250022441148758,0.09984158724546432,0.5212534070014954,1.0,1.0,1.0,2000
157,0.8445607423782349,0.227180615067482,0.09985215216875076,0.5175279378890991,1.0,1.0,1.0,2000
158,0.8429082632064819,0.22965197265148163,0.0998506024479866,0.5134056806564331,1.0,1.0,1.0,2000
159,0.8411145210266113,0.2322002351284027,0.09987402707338333,0.5090402364730835,1.0,1.0,1.0,2000
160,0.8391442894935608,0.23510950803756714,0.09987568855285645,0.5041590929031372,1.0,1.0,1.0,2000
161,0.836948573589325,0.23834741115570068,0.09985554218292236,0.4987456202507019,1.0,1.0,1.0,2000
162,0.8344570398330688,0.24190649390220642,0.09983623772859573,0.4927143454551697,1.0,1.0,1.0,2000
163,0.8315623998641968,0.24600280821323395,0.09978477656841278,0.48577481508255005,1.0,1.0,1.0,2000
164,0.8280965685844421,0.25062432885169983,0.0996859222650528,0.4777863025665283,1.0,1.0,1.0,2000
165,0.8237826824188232,0.2560017704963684,0.099531389772892,0.46824949979782104,1.0,1.0,1.0,2000
166,0.818139910697937,0.26205724477767944,0.09929781407117844,0.45678484439849854,1.0,1.0,1.0,2000
167,0.8102917671203613,0.2689136862754822,0.09889348596334457,0.4424845576286316,1.0,1.0,1.0,2000
168,0.7986316680908203,0.2761373221874237,0.09822181612253189,0.4242725372314453,1.0,1.0,1.0,2000
169,0.7806885838508606,0.2821601629257202,0.0971667617559433,0.4013616442680359,1.0,1.0,1.0,2000
170,0.7569760084152222,0.2863403260707855,0.09579604864120483,0.3748396337032318,1.0,1.0,1.0,2000
171,0.7437982559204102,0.29214048385620117,0.09605953842401505,0.35559824109077454,1.0,1.0,1.0,2000
172,0.7411975264549255,0.26357656717300415,0.10475245863199234,0.37286850810050964,1.0,1.0,1.0,2000
173,0.7385942339897156,0.2907891273498535,0.09434635192155838,0.3534587621688843,1.0,1.0,1.0,2000
174,0.7484946250915527,0.26185181736946106,0.09624481946229935,0.39039796590805054,1.0,1.0,1.0,2000
175,0.7636461853981018,0.3489219844341278,0.08101209998130798,0.333712100982666,1.0,1.0,1.0,2000
176,0.7667561769485474,0.27488037943840027,0.0884733647108078,0.4034024477005005,1.0,1.0,1.0,2000
177,0.7403597831726074,0.2985110580921173,0.08616138249635696,0.35568732023239136,1.0,1.0,1.0,2000
178,0.7458380460739136,0.31722933053970337,0.08454122394323349,0.3440674841403961,1.0,1.0,1.0,2000
179,0.7377525568008423,0.24086619913578033,0.09914770722389221,0.39773863554000854,1.0,1.0,1.0,2000
180,0.7237895727157593,0.25178468227386475,0.10082671791315079,0.37117820978164673,1.0,1.0,1.0,2000
181,0.7355265617370605,0.3054519593715668,0.09391965717077255,0.336154967546463,1.0,1.0,1.0,2000
182,0.7162888050079346,0.2573690712451935,0.09942938387393951,0.35949036478996277,1.0,1.0,1.0,2000
183,0.725719690322876,0.235884889960289,0.10342379659414291,0.38641104102134705,1.0,1.0,1.0,2000
184,0.7183582782745361,0.2496570497751236,0.0982140526175499,0.37048715353012085,1.0,1.0,1.0,2000
185,0.7243211269378662,0.28850796818733215,0.09255506843328476,0.3432580828666687,1.0,1.0,1.0,2000
186,0.7217727899551392,0.28533458709716797,0.0933544933795929,0.3430837094783783,1.0,1.0,1.0,2000
187,0.7165849804878235,0.2524557113647461,0.09904085844755173,0.36508840322494507,1.0,1.0,1.0,2000
188,0.716994047164917,0.24169592559337616,0.10247503966093063,0.3728231191635132,1.0,1.0,1.0,2000
189,0.7080367803573608,0.2610962986946106,0.09976837784051895,0.3471720814704895,1.0,1.0,1.0,2000
190,0.7102684378623962,0.2920786142349243,0.09714864194393158,0.32104116678237915,1.0,1.0,1.0,2000
191,0.7035448551177979,0.2774486839771271,0.10061133652925491,0.32548487186431885,1.0,1.0,1.0,2000
192,0.7010405659675598,0.2541865110397339,0.1027950644493103,0.3440589904785156,1.0,1.0,1.0,2000
193,0.6975519061088562,0.25567254424095154,0.09920507669448853,0.34267428517341614,1.0,1.0,1.0,2000
194,0.6916429400444031,0.276907742023468,0.09572020918130875,0.3190149962902069,1.0,1.0,1.0,2000
195,0.6903115510940552,0.2864059805870056,0.09581433236598969,0.30809125304222107,1.0,1.0,1.0,2000
196,0.6818357110023499,0.2760283350944519,0.09520696103572845,0.3106003999710083,1.0,1.0,1.0,2000
197,0.6762241125106812,0.2679230570793152,0.09569244086742401,0.31260859966278076,1.0,1.0,1.0,2000
198,0.6621483564376831,0.2651103734970093,0.09830526262521744,0.2987327575683594,1.0,1.0,1.0,2000
199,0.6414535045623779,0.27272576093673706,0.09939724206924438,0.2693305015563965,1.0,1.0,1.0,2000
200,0.6228930354118347,0.2811965346336365,0.09984120726585388,0.24185529351234436,1.0,1.0,1.0,2000
201,0.599829912185669,0.239118292927742,0.10500966757535934,0.2557019293308258,1.0,1.0,1.0,2000
202,0.5774471759796143,0.2206134796142578,0.09953556209802628,0.2572981119155884,1.0,1.0,1.0,2000
203,0.5729368329048157,0.231367826461792,0.09512604773044586,0.2464429885149002,1.0,1.0,1.0,2000
204,0.5766278505325317,0.23300276696681976,0.0946299359202385,0.24899518489837646,1.0,1.0,1.0,2000
205,0.5909789800643921,0.22618865966796875,0.0933842808008194,0.2714060842990875,1.0,1.0,1.0,2000
206,0.5959336757659912,0.2577074468135834,0.089076928794384,0.24914929270744324,1.0,1.0,1.0,2000
207,0.6004642248153687,0.25800755620002747,0.08858246356248856,0.2538742423057556,1.0,1.0,1.0,2000
208,0.5975433588027954,0.2459191232919693,0.09054948389530182,0.2610747516155243,1.0,1.0,1.0,2000
209,0.5940139293670654,0.23437094688415527,0.09324520826339722,0.2663978040218353,1.0,1.0,1.0,2000
210,0.586503803730011,0.21888668835163116,0.09423403441905975,0.27338308095932007,1.0,1.0,1.0,2000
211,0.5794141888618469,0.23809267580509186,0.0916062518954277,0.24971525371074677,1.0,1.0,1.0,2000
212,0.5724033117294312,0.20905400812625885,0.09329146146774292,0.2700578570365906,1.0,1.0,1.0,2000
213,0.5654488801956177,0.21283504366874695,0.09355161339044571,0.2590622007846832,1.0,1.0,1.0,2000
214,0.567608118057251,0.22132547199726105,0.09362035244703293,0.25266233086586,1.0,1.0,1.0,2000
215,0.5705211162567139,0.20565059781074524,0.09498344361782074,0.2698870897293091,1.0,1.0,1.0,2000
216,0.5714312791824341,0.21370984613895416,0.0951806902885437,0.2625407576560974,1.0,1.0,1.0,2000
217,0.5747661590576172,0.22253014147281647,0.09704817831516266,0.25518786907196045,1.0,1.0,1.0,2000
218,0.574874997138977,0.20910024642944336,0.09884282201528549,0.2669319212436676,1.0,1.0,1.0,2000
219,0.5719987154006958,0.21877965331077576,0.09494694322347641,0.25827211141586304,1.0,1.0,1.0,2000
220,0.5689549446105957,0.2228870540857315,0.09379489719867706,0.25227296352386475,1.0,1.0,1.0,2000
221,0.5660452246665955,0.21391206979751587,0.09599629044532776,0.25613686442375183,1.0,1.0,1.0,2000
222,0.5623226165771484,0.2186337411403656,0.09468655288219452,0.2490023523569107,1.0,1.0,1.0,2000
223,0.5606240034103394,0.22164417803287506,0.0927794873714447,0.2462003082036972,1.0,1.0,1.0,2000
224,0.5599225163459778,0.21694079041481018,0.09350615739822388,0.24947556853294373,1.0,1.0,1.0,2000
225,0.5604792237281799,0.22097353637218475,0.09417783468961716,0.2453278750181198,1.0,1.0,1.0,2000
226,0.5605510473251343,0.22071295976638794,0.09347032755613327,0.24636775255203247,1.0,1.0,1.0,2000
227,0.5613813400268555,0.22707122564315796,0.09132561087608337,0.24298450350761414,1.0,1.0,1.0,2000
228,0.5616824626922607,0.23698778450489044,0.08985079079866409,0.23484385013580322,1.0,1.0,1.0,2000
229,0.560523509979248,0.22865279018878937,0.09098561108112335,0.24088512361049652,1.0,1.0,1.0,2000
230,0.5596668720245361,0.22729036211967468,0.09135852009057999,0.24101799726486206,1.0,1.0,1.0,2000
231,0.5579566359519958,0.2346179187297821,0.09011893719434738,0.23321977257728577,1.0,1.0,1.0,2000
232,0.5567811131477356,0.23081426322460175,0.09023331105709076,0.2357335388660431,1.0,1.0,1.0,2000
233,0.5551798343658447,0.2284892201423645,0.09099400788545609,0.23569661378860474,1.0,1.0,1.0,2000
234,0.5550441741943359,0.2313200831413269,0.091129370033741,0.23259471356868744,1.0,1.0,1.0,2000
235,0.5543193221092224,0.23038017749786377,0.09032439440488815,0.2336147427558899,1.0,1.0,1.0,2000
236,0.5546423196792603,0.23544169962406158,0.08908554166555405,0.23011508584022522,1.0,1.0,1.0,2000
237,0.5543968677520752,0.23637673258781433,0.08937238901853561,0.22864776849746704,1.0,1.0,1.0,2000
238,0.5546001195907593,0.23348508775234222,0.09027832746505737,0.2308366894721985,1.0,1.0,1.0,2000
239,0.5538743138313293,0.2365531027317047,0.08943918347358704,0.2278820276260376,1.0,1.0,1.0,2000
240,0.5535234808921814,0.23777209222316742,0.08883592486381531,0.22691546380519867,1.0,1.0,1.0,2000
241,0.5526208281517029,0.23512837290763855,0.0893256813287735,0.22816675901412964,1.0,1.0,1.0,2000
242,0.5520435571670532,0.23815768957138062,0.08906403183937073,0.22482186555862427,1.0,1.0,1.0,2000
243,0.5512213110923767,0.23864130675792694,0.08825217187404633,0.22432783246040344,1.0,1.0,1.0,2000
244,0.5509802103042603,0.23981167376041412,0.08749224990606308,0.22367632389068604,1.0,1.0,1.0,2000
245,0.5506001710891724,0.24238274991512299,0.08731009811162949,0.2209073305130005,1.0,1.0,1.0,2000
246,0.5504440665245056,0.23984366655349731,0.08792004734277725,0.22268036007881165,1.0,1.0,1.0,2000
247,0.5501506924629211,0.2405054271221161,0.08772824704647064,0.2219170331954956,1.0,1.0,1.0,2000
248,0.5499582886695862,0.24356311559677124,0.08714186400175095,0.2192532867193222,1.0,1.0,1.0,2000
249,0.5495009422302246,0.24127358198165894,0.08746419847011566,0.2207631766796112,1.0,1.0,1.0,2000
250,0.549014687538147,0.24193835258483887,0.08764747530221939,0.21942883729934692,1.0,1.0,1.0,2000
251,0.548485517501831,0.24278537929058075,0.08744674175977707,0.21825340390205383,1.0,1.0,1.0,2000
252,0.5480219721794128,0.2422918975353241,0.08721509575843811,0.21851497888565063,1.0,1.0,1.0,2000
253,0.547571063041687,0.24369774758815765,0.08716955780982971,0.21670374274253845,1.0,1.0,1.0,2000
254,0.5471850633621216,0.24203181266784668,0.08778347074985504,0.21736976504325867,1.0,1.0,1.0,2000
255,0.5468890070915222,0.2414393275976181,0.08801679313182831,0.217432901263237,1.0,1.0,1.0,2000
256,0.5465841293334961,0.24335061013698578,0.08761531114578247,0.21561816334724426,1.0,1.0,1.0,2000
257,0.546264111995697,0.24244773387908936,0.08765168488025665,0.216164693236351,1.0,1.0,1.0,2000
258,0.5458669662475586,0.24307769536972046,0.08770997822284698,0.21507930755615234,1.0,1.0,1.0,2000
259,0.5454886555671692,0.2440357506275177,0.08757900446653366,0.21387389302253723,1.0,1.0,1.0,2000
260,0.5450404286384583,0.2435319870710373,0.0873684287071228,0.21413998305797577,1.0,1.0,1.0,2000
261,0.54461270570755,0.24509450793266296,0.08704698830842972,0.21247121691703796,1.0,1.0,1.0,2000
262,0.5441673994064331,0.2446363866329193,0.08721670508384705,0.21231427788734436,1.0,1.0,1.0,2000
263,0.5437999963760376,0.24431583285331726,0.08732548356056213,0.2121586948633194,1.0,1.0,1.0,2000
264,0.5434120893478394,0.2459649294614792,0.08694536238908768,0.2105017900466919,1.0,1.0,1.0,2000
265,0.5430533289909363,0.24589864909648895,0.08673195540904999,0.21042273938655853,1.0,1.0,1.0,2000
266,0.5426531434059143,0.24694152176380157,0.08659030497074127,0.20912130177021027,1.0,1.0,1.0,2000
267,0.5422611236572266,0.2473311424255371,0.0865926519036293,0.20833735167980194,1.0,1.0,1.0,2000
268,0.5418301820755005,0.24728845059871674,0.08651413023471832,0.20802760124206543,1.0,1.0,1.0,2000
269,0.5413920283317566,0.24866461753845215,0.08625523746013641,0.20647214353084564,1.0,1.0,1.0,2000
270,0.5409363508224487,0.2481268048286438,0.08636841922998428,0.20644110441207886,1.0,1.0,1.0,2000
271,0.5404885411262512,0.24874389171600342,0.08642539381980896,0.20531925559043884,1.0,1.0,1.0,2000
272,0.5400482416152954,0.2493223249912262,0.08634543418884277,0.20438045263290405,1.0,1.0,1.0,2000
273,0.5396114587783813,0.24972684681415558,0.08616431057453156,0.2037203013896942,1.0,1.0,1.0,2000
274,0.5391716361045837,0.2511048913002014,0.08595316857099533,0.2021135836839676,1.0,1.0,1.0,2000
275,0.5387127995491028,0.2509874701499939,0.08603286743164062,0.20169247686862946,1.0,1.0,1.0,2000
276,0.5382398962974548,0.25212714076042175,0.08592125028371811,0.20019149780273438,1.0,1.0,1.0,2000
277,0.5377450585365295,0.252572238445282,0.08578923344612122,0.19938358664512634,1.0,1.0,1.0,2000
278,0.5372470021247864,0.2533133029937744,0.08564809709787369,0.19828562438488007,1.0,1.0,1.0,2000
279,0.5367358326911926,0.2542758285999298,0.08555958420038223,0.19690042734146118,1.0,1.0,1.0,2000
280,0.5362270474433899,0.25464925169944763,0.08551019430160522,0.19606760144233704,1.0,1.0,1.0,2000
281,0.5357052087783813,0.2561931908130646,0.08522392064332962,0.19428813457489014,1.0,1.0,1.0,2000
282,0.5351797342300415,0.25655028223991394,0.08507861196994781,0.19355085492134094,1.0,1.0,1.0,2000
283,0.5346338152885437,0.25797128677368164,0.08490823209285736,0.1917542815208435,1.0,1.0,1.0,2000
284,0.5340741872787476,0.25805237889289856,0.08493673801422119,0.1910850703716278,1.0,1.0,1.0,2000
285,0.5334927439689636,0.25943079590797424,0.0847512036561966,0.18931074440479279,1.0,1.0,1.0,2000
286,0.5328971147537231,0.2596239745616913,0.08466025441884995,0.18861284852027893,1.0,1.0,1.0,2000
287,0.5322848558425903,0.2611507177352905,0.08444835245609283,0.18668583035469055,1.0,1.0,1.0,2000
288,0.5316616296768188,0.2611425518989563,0.0844506248831749,0.18606841564178467,1.0,1.0,1.0,2000
289,0.5310249924659729,0.26311609148979187,0.08417221903800964,0.18373669683933258,1.0,1.0,1.0,2000
290,0.5303831100463867,0.26255422830581665,0.08415102958679199,0.18367785215377808,1.0,1.0,1.0,2000
291,0.529743492603302,0.2656613886356354,0.08371356874704361,0.1803685426712036,1.0,1.0,1.0,2000
292,0.5291813015937805,0.2632223963737488,0.08400365710258484,0.1819552481174469,1.0,1.0,1.0,2000
293,0.5288134813308716,0.26989981532096863,0.08318419009447098,0.17572945356369019,1.0,1.0,1.0,2000
294,0.529453694820404,0.26275336742401123,0.08410226553678513,0.1825980544090271,1.0,1.0,1.0,2000
295,0.5317266583442688,0.28196093440055847,0.0819723829627037,0.16779331862926483,1.0,1.0,1.0,2000
296,0.5445461869239807,0.26699700951576233,0.08529496937990189,0.1922542154788971,1.0,1.0,1.0,2000
297,0.540585458278656,0.3007757365703583,0.08050709217786789,0.15930262207984924,1.0,1.0,1.0,2000
298,0.5534801483154297,0.27417075634002686,0.0852803960442543,0.19402900338172913,1.0,1.0,1.0,2000
299,0.5247718095779419,0.2788059115409851,0.0810280367732048,0.1649378538131714,1.0,1.0,1.0,2000
300,0.5375714302062988,0.3021119236946106,0.07985267788171768,0.15560683608055115,1.0,1.0,1.0,2000
301,0.5843266248703003,0.29218223690986633,0.08732588589191437,0.2048184871673584,1.0,1.0,1.0,2000
302,0.5254729986190796,0.27084052562713623,0.08244708925485611,0.17218536138534546,1.0,1.0,1.0,2000
303,0.682814359664917,0.4731368124485016,0.07603597640991211,0.1336415708065033,1.0,1.0,1.0,2000
304,0.7606196403503418,0.3880326449871063,0.09687256813049316,0.2757144570350647,1.0,1.0,1.0,2000
305,0.9266040325164795,0.4675195515155792,0.10071589797735214,0.3583686053752899,1.0,1.0,1.0,2000
306,0.8360410332679749,0.4497707486152649,0.08526565879583359,0.30100464820861816,1.0,1.0,1.0,2000
307,0.7861106395721436,0.5090968608856201,0.07322246581315994,0.20379133522510529,1.0,1.0,1.0,2000
308,0.6582274436950684,0.46010854840278625,0.06963242590427399,0.12848645448684692,1.0,1.0,1.0,2000
309,1.107667088508606,0.9393913149833679,0.06890863925218582,0.09936709702014923,1.0,1.0,1.0,2000
310,0.692028284072876,0.37713268399238586,0.08832716941833496,0.22656841576099396,1.0,1.0,1.0,2000
311,1.0365790128707886,0.48709502816200256,0.12113983929157257,0.42834413051605225,1.0,1.0,1.0,2000
312,1.2981168031692505,0.6274643540382385,0.1319531798362732,0.5386992692947388,1.0,1.0,1.0,2000
313,1.0321018695831299,0.459412544965744,0.1121421530842781,0.4605470895767212,1.0,1.0,1.0,2000
314,0.8571789264678955,0.4489041268825531,0.0890728235244751,0.3192019462585449,1.0,1.0,1.0,2000
315,0.91401606798172,0.619182288646698,0.07811608910560608,0.2167176604270935,1.0,1.0,1.0,2000
316,0.9050370454788208,0.6765896081924438,0.07570076733827591,0.15274666249752045,1.0,1.0,1.0,2000
317,0.7390871047973633,0.554270327091217,0.07585909962654114,0.10895762592554092,1.0,1.0,1.0,2000
318,0.9984994530677795,0.8300310373306274,0.07509569823741913,0.09337271749973297,1.0,1.0,1.0,2000
319,0.6315629482269287,0.4317907691001892,0.07671377062797546,0.12305843085050583,1.0,1.0,1.0,2000
320,0.6876070499420166,0.4249931573867798,0.08665351569652557,0.17596033215522766,1.0,1.0,1.0,2000
321,0.7479234337806702,0.4281289875507355,0.10016500949859619,0.2196294665336609,1.0,1.0,1.0,2000
322,0.7619661688804626,0.4087827801704407,0.11354438960552216,0.23963898420333862,1.0,1.0,1.0,2000
323,0.7344375848770142,0.37573006749153137,0.12376126646995544,0.23494625091552734,1.0,1.0,1.0,2000
324,0.6659402847290039,0.3290072977542877,0.12675818800926208,0.2101747989654541,1.0,1.0,1.0,2000
325,0.6530247330665588,0.35517752170562744,0.12022195756435394,0.17762523889541626,1.0,1.0,1.0,2000
326,0.7317767143249512,0.4604518711566925,0.1104181706905365,0.16090667247772217,1.0,1.0,1.0,2000
327,0.5896607637405396,0.3117993175983429,0.10575748980045319,0.17210397124290466,1.0,1.0,1.0,2000
328,0.5886286497116089,0.29569387435913086,0.10105666518211365,0.19187813997268677,1.0,1.0,1.0,2000
329,0.622639000415802,0.324585884809494,0.0950523167848587,0.20300078392028809,1.0,1.0,1.0,2000
330,0.6302875280380249,0.34088844060897827,0.089161217212677,0.20023787021636963,1.0,1.0,1.0,2000
331,0.6075553894042969,0.33788836002349854,0.08437123149633408,0.18529576063156128,1.0,1.0,1.0,2000
332,0.5700168609619141,0.32536980509757996,0.08104100078344345,0.16360604763031006,1.0,1.0,1.0,2000
333,0.5738035440444946,0.34926217794418335,0.07963988184928894,0.14490148425102234,1.0,1.0,1.0,2000
334,0.5968123078346252,0.37428778409957886,0.0810660570859909,0.1414584368467331,1.0,1.0,1.0,2000
335,0.5470356345176697,0.30405092239379883,0.08497936278581619,0.15800535678863525,1.0,1.0,1.0,2000
336,0.5376784205436707,0.26407572627067566,0.08944450318813324,0.18415820598602295,1.0,1.0,1.0,2000
337,0.5563966035842896,0.257956326007843,0.0929933413863182,0.20544689893722534,1.0,1.0,1.0,2000
338,0.5604654550552368,0.25324252247810364,0.09474349766969681,0.21247941255569458,1.0,1.0,1.0,2000
339,0.5417578816413879,0.2438509613275528,0.09431739896535873,0.203589528799057,1.0,1.0,1.0,2000
340,0.5324624180793762,0.25436440110206604,0.09226972609758377,0.185828298330307,1.0,1.0,1.0,2000
341,0.5563068985939026,0.29311153292655945,0.09033341705799103,0.1728619486093521,1.0,1.0,1.0,2000
342,0.5422208905220032,0.277409166097641,0.08995752781629562,0.17485418915748596,1.0,1.0,1.0,2000
343,0.5258445739746094,0.24902501702308655,0.09010583907365799,0.18671375513076782,1.0,1.0,1.0,2000
344,0.5361915826797485,0.2513827681541443,0.0891617089509964,0.19564715027809143,1.0,1.0,1.0,2000
345,0.5395905375480652,0.25919049978256226,0.08673697710037231,0.19366306066513062,1.0,1.0,1.0,2000
346,0.529151201248169,0.264570415019989,0.08342727273702621,0.1811535358428955,1.0,1.0,1.0,2000
347,0.5246164798736572,0.27959170937538147,0.08024447411298752,0.16478028893470764,1.0,1.0,1.0,2000
348,0.5359926223754883,0.304289847612381,0.0782245323061943,0.15347826480865479,1.0,1.0,1.0,2000
349,0.5337808728218079,0.3028842806816101,0.07799233496189117,0.15290425717830658,1.0,1.0,1.0,2000
350,0.524142861366272,0.2839866876602173,0.07923237234354019,0.1609237790107727,1.0,1.0,1.0,2000
351,0.5269045829772949,0.27585169672966003,0.08097568154335022,0.17007721960544586,1.0,1.0,1.0,2000
352,0.5292092561721802,0.27310076355934143,0.08232288807630539,0.17378562688827515,1.0,1.0,1.0,2000
353,0.5232517123222351,0.2703060209751129,0.08283071964979172,0.17011494934558868,1.0,1.0,1.0,2000
354,0.5188907384872437,0.2740705609321594,0.08266326785087585,0.16215690970420837,1.0,1.0,1.0,2000
355,0.5236285924911499,0.2852941155433655,0.08252324908971786,0.15581125020980835,1.0,1.0,1.0,2000
356,0.5230264663696289,0.28452757000923157,0.08309051394462585,0.15540841221809387,1.0,1.0,1.0,2000
357,0.5179082155227661,0.27387917041778564,0.08415590971708298,0.1598731130361557,1.0,1.0,1.0,2000
358,0.5192140936851501,0.2704247832298279,0.08479222655296326,0.163997083902359,1.0,1.0,1.0,2000
359,0.5199614763259888,0.27234452962875366,0.08433438092470169,0.163282573223114,1.0,1.0,1.0,2000
360,0.5159626007080078,0.2760058343410492,0.08282984793186188,0.15712693333625793,1.0,1.0,1.0,2000
361,0.5136836767196655,0.28412923216819763,0.08090188354253769,0.14865253865718842,1.0,1.0,1.0,2000
362,0.5154756307601929,0.29390010237693787,0.07935569435358047,0.14221981167793274,1.0,1.0,1.0,2000
363,0.5142070055007935,0.29526829719543457,0.07866859436035156,0.1402701437473297,1.0,1.0,1.0,2000
364,0.5118930339813232,0.2914518713951111,0.07868359237909317,0.14175760746002197,1.0,1.0,1.0,2000
365,0.5126857757568359,0.29028111696243286,0.07889074087142944,0.14351391792297363,1.0,1.0,1.0,2000
366,0.5126715898513794,0.29082489013671875,0.07889595627784729,0.14295075833797455,1.0,1.0,1.0,2000
367,0.5103007555007935,0.291909784078598,0.07862576097249985,0.13976521790027618,1.0,1.0,1.0,2000
368,0.5091642141342163,0.2950339615345001,0.07831466943025589,0.1358155906200409,1.0,1.0,1.0,2000
369,0.5095086693763733,0.2976090610027313,0.07833778858184814,0.13356180489063263,1.0,1.0,1.0,2000
370,0.5079846978187561,0.2950102984905243,0.0788753479719162,0.1340990662574768,1.0,1.0,1.0,2000
371,0.5066039562225342,0.29064974188804626,0.07966508716344833,0.13628911972045898,1.0,1.0,1.0,2000
372,0.5067782402038574,0.28879937529563904,0.0802004411816597,0.13777843117713928,1.0,1.0,1.0,2000
373,0.506039023399353,0.2889731526374817,0.08014127612113953,0.13692457973957062,1.0,1.0,1.0,2000
374,0.5044020414352417,0.29091840982437134,0.07952971011400223,0.13395391404628754,1.0,1.0,1.0,2000
375,0.5038037300109863,0.2945057153701782,0.07872413098812103,0.13057389855384827,1.0,1.0,1.0,2000
376,0.5031378269195557,0.2965368628501892,0.07811037451028824,0.12849061191082,1.0,1.0,1.0,2000
377,0.5014971494674683,0.29567912220954895,0.07777246087789536,0.12804555892944336,1.0,1.0,1.0,2000
378,0.5005823969841003,0.2950068414211273,0.07746484875679016,0.12811070680618286,1.0,1.0,1.0,2000
379,0.49996304512023926,0.2957984209060669,0.07691730558872223,0.12724734842777252,1.0,1.0,1.0,2000
380,0.49858105182647705,0.2974947392940521,0.07609699666500092,0.1249893307685852,1.0,1.0,1.0,2000
381,0.4974055588245392,0.300026535987854,0.07522799074649811,0.12215103954076767,1.0,1.0,1.0,2000
382,0.49665749073028564,0.30201080441474915,0.07461649179458618,0.12003020942211151,1.0,1.0,1.0,2000
383,0.4952854514122009,0.3016209304332733,0.07439964264631271,0.1192648857831955,1.0,1.0,1.0,2000
384,0.4939383268356323,0.30018115043640137,0.07442322373390198,0.11933396011590958,1.0,1.0,1.0,2000
385,0.49296027421951294,0.29946666955947876,0.07439015805721283,0.11910343170166016,1.0,1.0,1.0,2000
386,0.49156132340431213,0.29956716299057007,0.07411768287420273,0.11787646263837814,1.0,1.0,1.0,2000
387,0.49009931087493896,0.30048444867134094,0.0736614316701889,0.1159534603357315,1.0,1.0,1.0,2000
388,0.4889654517173767,0.3015184700489044,0.07323148846626282,0.11421547830104828,1.0,1.0,1.0,2000
389,0.4875065088272095,0.3013390600681305,0.07297021150588989,0.11319722980260849,1.0,1.0,1.0,2000
390,0.4859791398048401,0.3006085157394409,0.07279522716999054,0.11257541179656982,1.0,1.0,1.0,2000
391,0.48465272784233093,0.3006232976913452,0.07248759269714355,0.11154183745384216,1.0,1.0,1.0,2000
392,0.48302149772644043,0.30145981907844543,0.07191755622625351,0.10964411497116089,1.0,1.0,1.0,2000
393,0.4813297688961029,0.30294159054756165,0.07116420567035675,0.10722396522760391,1.0,1.0,1.0,2000
394,0.4797683358192444,0.3043196499347687,0.07043059915304184,0.10501806437969208,1.0,1.0,1.0,2000
395,0.47795385122299194,0.30472302436828613,0.06984000653028488,0.10339079797267914,1.0,1.0,1.0,2000
396,0.47616350650787354,0.30480867624282837,0.06932701170444489,0.10202783346176147,1.0,1.0,1.0,2000
397,0.47439539432525635,0.3052845299243927,0.06874796003103256,0.10036291182041168,1.0,1.0,1.0,2000
398,0.4723852872848511,0.30609291791915894,0.0680607259273529,0.09823163598775864,1.0,1.0,1.0,2000
399,0.47041425108909607,0.30701982975006104,0.06737013161182404,0.09602430462837219,1.0,1.0,1.0,2000
400,0.46836596727371216,0.30736249685287476,0.06680472195148468,0.09419877082109451,1.0,1.0,1.0,2000
401,0.4661620557308197,0.30703219771385193,0.06636226922273636,0.09276759624481201,1.0,1.0,1.0,2000
402,0.46400317549705505,0.3067520260810852,0.0659133791923523,0.09133776277303696,1.0,1.0,1.0,2000
403,0.46167218685150146,0.30670517683029175,0.0653589591383934,0.08960804343223572,1.0,1.0,1.0,2000
404,0.45927268266677856,0.3068268299102783,0.06473849713802338,0.08770734816789627,1.0,1.0,1.0,2000
405,0.456838995218277,0.3067169487476349,0.06416354328393936,0.08595851063728333,1.0,1.0,1.0,2000
406,0.45424261689186096,0.30614954233169556,0.06366284191608429,0.0844302549958229,1.0,1.0,1.0,2000
407,0.4516332745552063,0.3056160509586334,0.06314270198345184,0.08287454396486282,1.0,1.0,1.0,2000
408,0.44886231422424316,0.3052578866481781,0.06251751631498337,0.0810869112610817,1.0,1.0,1.0,2000
409,0.44599449634552,0.3049817681312561,0.06182299554347992,0.0791897103190422,1.0,1.0,1.0,2000
410,0.443038672208786,0.3044438064098358,0.06115923449397087,0.07743563503026962,1.0,1.0,1.0,2000
411,0.4399332106113434,0.30353662371635437,0.060547709465026855,0.07584887742996216,1.0,1.0,1.0,2000
412,0.43675631284713745,0.30261290073394775,0.05991484224796295,0.07422859966754913,1.0,1.0,1.0,2000
413,0.4333888292312622,0.3016952574253082,0.059221506118774414,0.07247205823659897,1.0,1.0,1.0,2000
414,0.4299243688583374,0.30067431926727295,0.058528054505586624,0.07072196900844574,1.0,1.0,1.0,2000
415,0.4262860417366028,0.2992715537548065,0.05789729952812195,0.06911720335483551,1.0,1.0,1.0,2000
416,0.4225192070007324,0.2976410388946533,0.05729568004608154,0.06758250296115875,1.0,1.0,1.0,2000
417,0.4185638427734375,0.2959275543689728,0.056658774614334106,0.06597752869129181,1.0,1.0,1.0,2000
418,0.41442999243736267,0.294094055891037,0.05600230395793915,0.06433364003896713,1.0,1.0,1.0,2000
419,0.4101049602031708,0.2919589579105377,0.055385518819093704,0.06276046484708786,1.0,1.0,1.0,2000
420,0.4055776596069336,0.2895593047142029,0.05479884892702103,0.061219505965709686,1.0,1.0,1.0,2000
421,0.40081578493118286,0.2870411276817322,0.054185472428798676,0.05958917737007141,1.0,1.0,1.0,2000
422,0.3957998752593994,0.2843649685382843,0.05354961007833481,0.057885296642780304,1.0,1.0,1.0,2000
423,0.3905144929885864,0.2813705801963806,0.05293842405080795,0.05620547756552696,1.0,1.0,1.0,2000
424,0.38494667410850525,0.2780795991420746,0.05234043672680855,0.054526615887880325,1.0,1.0,1.0,2000
425,0.3790343701839447,0.2745458483695984,0.05171537399291992,0.05277314782142639,1.0,1.0,1.0,2000
426,0.37277910113334656,0.27070629596710205,0.05108628422021866,0.05098652467131615,1.0,1.0,1.0,2000
427,0.3661298155784607,0.26642316579818726,0.050488244742155075,0.04921842738986015,1.0,1.0,1.0,2000
428,0.35907408595085144,0.2617570161819458,0.04989669844508171,0.04742038995027542,1.0,1.0,1.0,2000
429,0.35154178738594055,0.25665363669395447,0.04930439963936806,0.04558376222848892,1.0,1.0,1.0,2000
430,0.3435226380825043,0.25100478529930115,0.048749104142189026,0.04376872256398201,1.0,1.0,1.0,2000
431,0.33498674631118774,0.2447941154241562,0.04822789877653122,0.041964735835790634,1.0,1.0,1.0,2000
432,0.32586097717285156,0.2379777878522873,0.047730039805173874,0.0401531457901001,1.0,1.0,1.0,2000
433,0.3161456286907196,0.23049171268939972,0.04728788882493973,0.038366012275218964,1.0,1.0,1.0,2000
434,0.3058161437511444,0.22231633961200714,0.046905308961868286,0.03659448400139809,1.0,1.0,1.0,2000
435,0.29482728242874146,0.2134040892124176,0.04658463969826698,0.034838542342185974,1.0,1.0,1.0,2000
436,0.2832050919532776,0.2037404477596283,0.046352747827768326,0.03311188519001007,1.0,1.0,1.0,2000
437,0.27095314860343933,0.19331574440002441,0.04621535539627075,0.03142205998301506,1.0,1.0,1.0,2000
438,0.25813302397727966,0.18216384947299957,0.04619329050183296,0.029775874689221382,1.0,1.0,1.0,2000
439,0.24483108520507812,0.17035293579101562,0.04630324989557266,0.028174899518489838,1.0,1.0,1.0,2000
440,0.2311623990535736,0.15794335305690765,0.04657324403524399,0.026645801961421967,1.0,1.0,1.0,2000
441,0.2173740267753601,0.1452271044254303,0.0469977930188179,0.025149144232273102,1.0,1.0,1.0,2000
442,0.203862264752388,0.13238216936588287,0.04766680672764778,0.023813292384147644,1.0,1.0,1.0,2000
443,0.192901149392128,0.12214616686105728,0.0483672097325325,0.02238776907324791,1.0,1.0,1.0,2000
444,0.20113268494606018,0.12949921190738678,0.049819815903902054,0.021813657134771347,1.0,1.0,1.0,2000
445,0.36200278997421265,0.2903192341327667,0.04944726824760437,0.022236282005906105,1.0,1.0,1.0,2000
446,0.615620493888855,0.5376376509666443,0.05365830287337303,0.02432454377412796,1.0,1.0,1.0,2000
447,1.0344196557998657,0.94780033826828,0.04869391769170761,0.03792542591691017,1.0,1.0,1.0,2000
448,1.0407989025115967,0.950663149356842,0.04872363805770874,0.0414121188223362,1.0,1.0,1.0,2000
449,0.1634107381105423,0.09042988717556,0.050281815230846405,0.022699041292071342,1.0,1.0,1.0,2000
450,1.5843538045883179,1.5009129047393799,0.051875319331884384,0.0315655879676342,1.0,1.0,1.0,2000
451,0.9762659668922424,0.8727747797966003,0.048747170716524124,0.054744020104408264,1.0,1.0,1.0,2000
452,1.8990600109100342,1.727020502090454,0.0532282330095768,0.1188112422823906,1.0,1.0,1.0,2000
453,2.041579246520996,1.8103281259536743,0.06025378033518791,0.1709975004196167,1.0,1.0,1.0,2000
454,1.9689899682998657,1.6821247339248657,0.07015936076641083,0.21670587360858917,1.0,1.0,1.0,2000
455,1.8466169834136963,1.4985829591751099,0.08287709206342697,0.265157014131546,1.0,1.0,1.0,2000
456,1.728830099105835,1.310887336730957,0.09660506248474121,0.32133764028549194,1.0,1.0,1.0,2000
457,1.637293815612793,1.144497036933899,0.10779701173305511,0.38499975204467773,1.0,1.0,1.0,2000
458,1.574246883392334,1.0118046998977661,0.11251723766326904,0.44992488622665405,1.0,1.0,1.0,2000
459,1.525983214378357,0.9127259850502014,0.10871369391679764,0.5045435428619385,1.0,1.0,1.0,2000
460,1.4718883037567139,0.8379445672035217,0.0977867916226387,0.5361570119857788,1.0,1.0,1.0,2000
461,1.406052589416504,0.7837526202201843,0.08404938131570816,0.5382506251335144,1.0,1.0,1.0,2000
462,1.3516958951950073,0.7638178467750549,0.07235565781593323,0.5155223608016968,1.0,1.0,1.0,2000
463,1.3375837802886963,0.7904037237167358,0.06556614488363266,0.48161399364471436,1.0,1.0,1.0,2000
464,1.3596735000610352,0.8445770740509033,0.06353543698787689,0.45156097412109375,1.0,1.0,1.0,2000
465,1.3825926780700684,0.8828554153442383,0.06417720019817352,0.43556010723114014,1.0,1.0,1.0,2000
466,1.3751556873321533,0.8722493052482605,0.06545577943325043,0.4374505281448364,1.0,1.0,1.0,2000
467,1.3333964347839355,0.8110128045082092,0.06655264645814896,0.45583105087280273,1.0,1.0,1.0,2000
468,1.2761211395263672,0.7233406901359558,0.06772755831480026,0.4850528836250305,1.0,1.0,1.0,2000
469,1.2250428199768066,0.6393861770629883,0.06957945972681046,0.5160771608352661,1.0,1.0,1.0,2000
470,1.1866093873977661,0.5754960775375366,0.07238975167274475,0.5387235879898071,1.0,1.0,1.0,2000
471,1.1521350145339966,0.5306086540222168,0.07586409896612167,0.5456622838973999,1.0,1.0,1.0,2000
472,1.11543869972229,0.5000240206718445,0.07942679524421692,0.5359877943992615,1.0,1.0,1.0,2000
473,1.083229660987854,0.4851190745830536,0.0827571377158165,0.5153534412384033,1.0,1.0,1.0,2000
474,1.064788818359375,0.4865238070487976,0.08591079711914062,0.49235427379608154,1.0,1.0,1.0,2000
475,1.0592573881149292,0.49601706862449646,0.0889793336391449,0.47426101565361023,1.0,1.0,1.0,2000
476,1.0573186874389648,0.5003520250320435,0.09186921268701553,0.46509748697280884,1.0,1.0,1.0,2000
477,1.0506923198699951,0.4901563227176666,0.09444859623908997,0.46608737111091614,1.0,1.0,1.0,2000
478,1.0377777814865112,0.4644220173358917,0.09673019498586655,0.47662559151649475,1.0,1.0,1.0,2000
479,1.022559404373169,0.4292289912700653,0.09878931939601898,0.49454110860824585,1.0,1.0,1.0,2000
480,1.0093169212341309,0.39286336302757263,0.10053148865699768,0.5159220695495605,1.0,1.0,1.0,2000
481,0.9980571269989014,0.3608414828777313,0.10163050889968872,0.5355851054191589,1.0,1.0,1.0,2000
482,0.9855811595916748,0.3350920081138611,0.10174260288476944,0.5487465858459473,1.0,1.0,1.0,2000
483,0.9707169532775879,0.3168976306915283,0.10075986385345459,0.553059458732605,1.0,1.0,1.0,2000
484,0.9564210772514343,0.3079892694950104,0.09886743128299713,0.5495643615722656,1.0,1.0,1.0,2000
485,0.946308970451355,0.30783796310424805,0.09645282477140427,0.5420181751251221,1.0,1.0,1.0,2000
486,0.94086092710495,0.31164857745170593,0.09400459378957748,0.5352077484130859,1.0,1.0,1.0,2000
487,0.9376637935638428,0.31251654028892517,0.09200766682624817,0.5331395864486694,1.0,1.0,1.0,2000
488,0.9344252347946167,0.3058978319168091,0.09081719815731049,0.5377101898193359,1.0,1.0,1.0,2000
489,0.9310032725334167,0.2922912538051605,0.09056344628334045,0.5481485724449158,1.0,1.0,1.0,2000
490,0.9284695386886597,0.2759946882724762,0.09113406389951706,0.5613407492637634,1.0,1.0,1.0,2000
491,0.9268476963043213,0.2615981101989746,0.09222591668367386,0.5730236768722534,1.0,1.0,1.0,2000
492,0.9247039556503296,0.2517189383506775,0.09344524890184402,0.5795397758483887,1.0,1.0,1.0,2000
493,0.9210168123245239,0.24716341495513916,0.09444688260555267,0.5794064998626709,1.0,1.0,1.0,2000
494,0.9164964556694031,0.2475505769252777,0.09507736563682556,0.5738685131072998,1.0,1.0,1.0,2000
495,0.9125531315803528,0.2509794533252716,0.09544125944375992,0.5661324262619019,1.0,1.0,1.0,2000
496,0.9096033573150635,0.2539837956428528,0.09583224356174469,0.5597873330116272,1.0,1.0,1.0,2000
497,0.9070227742195129,0.2531432807445526,0.09656772762537003,0.5573117733001709,1.0,1.0,1.0,2000
498,0.9043906927108765,0.24725763499736786,0.0978279858827591,0.5593050718307495,1.0,1.0,1.0,2000
499,0.9021067023277283,0.2379893809556961,0.09957042336463928,0.5645468831062317,1.0,1.0,1.0,2000
500,0.900733232498169,0.22853408753871918,0.10153376311063766,0.5706654191017151,1.0,1.0,1.0,2000
501,0.9001386165618896,0.22169014811515808,0.10332358628511429,0.5751249194145203,1.0,1.0,1.0,2000
502,0.8995897173881531,0.21880614757537842,0.10456126928329468,0.57622230052948,1.0,1.0,1.0,2000
503,0.8985971808433533,0.21983158588409424,0.10504420101642609,0.5737214088439941,1.0,1.0,1.0,2000
504,0.8973463773727417,0.22367824614048004,0.10483033210039139,0.5688377618789673,1.0,1.0,1.0,2000
505,0.8962153196334839,0.22842815518379211,0.10419079661369324,0.5635963678359985,1.0,1.0,1.0,2000
506,0.8951793909072876,0.23178738355636597,0.10346446186304092,0.5599275827407837,1.0,1.0,1.0,2000
507,0.8939189910888672,0.2320641726255417,0.10290917754173279,0.5589456558227539,1.0,1.0,1.0,2000
508,0.8923574090003967,0.2290850579738617,0.10262094438076019,0.560651421546936,1.0,1.0,1.0,2000
509,0.890823483467102,0.22424013912677765,0.10253142565488815,0.5640519261360168,1.0,1.0,1.0,2000
510,0.889647364616394,0.21959534287452698,0.10246258974075317,0.5675894618034363,1.0,1.0,1.0,2000
511,0.8887797594070435,0.21681168675422668,0.10221870988607407,0.5697493553161621,1.0,1.0,1.0,2000
512,0.8879488110542297,0.21661022305488586,0.10168661177158356,0.5696519613265991,1.0,1.0,1.0,2000
513,0.8870739936828613,0.21879854798316956,0.10089803487062454,0.5673774480819702,1.0,1.0,1.0,2000
514,0.8863153457641602,0.2224450409412384,0.10001575946807861,0.5638545155525208,1.0,1.0,1.0,2000
515,0.8857520222663879,0.22610948979854584,0.09925445169210434,0.5603880882263184,1.0,1.0,1.0,2000
516,0.8852262496948242,0.22834980487823486,0.0987878143787384,0.5580886602401733,1.0,1.0,1.0,2000
517,0.8845555186271667,0.2284022867679596,0.09868816286325455,0.5574650764465332,1.0,1.0,1.0,2000
518,0.8837566375732422,0.2265429049730301,0.09891267865896225,0.5583010315895081,1.0,1.0,1.0,2000
519,0.882972240447998,0.22383372485637665,0.0993294045329094,0.559809148311615,1.0,1.0,1.0,2000
520,0.8822566270828247,0.22149725258350372,0.09977251291275024,0.5609868764877319,1.0,1.0,1.0,2000
521,0.881537675857544,0.22038881480693817,0.10010921955108643,0.5610396265983582,1.0,1.0,1.0,2000
522,0.8807690143585205,0.2207842916250229,0.10028945654630661,0.5596952438354492,1.0,1.0,1.0,2000
523,0.8800134658813477,0.22238776087760925,0.10035304725170135,0.5572726726531982,1.0,1.0,1.0,2000
524,0.8793486952781677,0.22446487843990326,0.10039326548576355,0.5544905662536621,1.0,1.0,1.0,2000
525,0.8787648677825928,0.22612568736076355,0.10050202161073685,0.5521371364593506,1.0,1.0,1.0,2000
526,0.8781949281692505,0.2267131358385086,0.10072469711303711,0.550757110118866,1.0,1.0,1.0,2000
527,0.8776061534881592,0.22609227895736694,0.10104164481163025,0.5504721999168396,1.0,1.0,1.0,2000
528,0.8770199418067932,0.22466057538986206,0.10137878358364105,0.5509805679321289,1.0,1.0,1.0,2000
529,0.8764557242393494,0.2231009155511856,0.10164110362529755,0.5517137050628662,1.0,1.0,1.0,2000
530,0.8758941888809204,0.2220565378665924,0.10175395011901855,0.5520837306976318,1.0,1.0,1.0,2000
531,0.8753052949905396,0.2218918800354004,0.10169342905282974,0.5517199635505676,1.0,1.0,1.0,2000
532,0.8746892213821411,0.22259923815727234,0.10149206966161728,0.5505979061126709,1.0,1.0,1.0,2000
533,0.8740732669830322,0.2238396257162094,0.10121969878673553,0.5490139722824097,1.0,1.0,1.0,2000
534,0.8734776973724365,0.22509336471557617,0.10095199942588806,0.5474323034286499,1.0,1.0,1.0,2000
535,0.8728981614112854,0.22587601840496063,0.10074234008789062,0.546279788017273,1.0,1.0,1.0,2000
536,0.8723223805427551,0.22593849897384644,0.10060793161392212,0.5457759499549866,1.0,1.0,1.0,2000
537,0.87175053358078,0.22535625100135803,0.10053279995918274,0.5458614826202393,1.0,1.0,1.0,2000
538,0.8711930513381958,0.2244664877653122,0.10048364847898483,0.5462429523468018,1.0,1.0,1.0,2000
539,0.8706530332565308,0.22369493544101715,0.10042950510978699,0.5465285778045654,1.0,1.0,1.0,2000
540,0.8701184988021851,0.2233697921037674,0.10035617649555206,0.5463925004005432,1.0,1.0,1.0,2000
541,0.8695756793022156,0.22360435128211975,0.10027053952217102,0.5457007884979248,1.0,1.0,1.0,2000
542,0.869024395942688,0.224281445145607,0.1001945286989212,0.5445483922958374,1.0,1.0,1.0,2000
543,0.8684728741645813,0.22512145340442657,0.10015366971492767,0.543197751045227,1.0,1.0,1.0,2000
544,0.867924690246582,0.22580347955226898,0.1001657173037529,0.5419554710388184,1.0,1.0,1.0,2000
545,0.8673743605613708,0.2260984182357788,0.10023421794176102,0.5410417318344116,1.0,1.0,1.0,2000
546,0.8668186664581299,0.22596029937267303,0.10034836828708649,0.5405099987983704,1.0,1.0,1.0,2000
547,0.8662631511688232,0.22553282976150513,0.10048767924308777,0.5402426719665527,1.0,1.0,1.0,2000
548,0.8657150864601135,0.2250700742006302,0.1006288230419159,0.5400161743164062,1.0,1.0,1.0,2000
549,0.8651732206344604,0.22481749951839447,0.10075181722640991,0.5396038889884949,1.0,1.0,1.0,2000
550,0.8646313548088074,0.22491660714149475,0.10084407031536102,0.5388706922531128,1.0,1.0,1.0,2000
551,0.8640870451927185,0.2253633737564087,0.10090188682079315,0.5378217697143555,1.0,1.0,1.0,2000
552,0.8635431528091431,0.22602525353431702,0.10092934221029282,0.5365885496139526,1.0,1.0,1.0,2000
553,0.8630009889602661,0.22670358419418335,0.10093553364276886,0.5353618860244751,1.0,1.0,1.0,2000
554,0.8624576330184937,0.22721807658672333,0.10093085467815399,0.534308671951294,1.0,1.0,1.0,2000
555,0.8619099855422974,0.2274804711341858,0.10092359036207199,0.533505916595459,1.0,1.0,1.0,2000
556,0.8613587617874146,0.22752290964126587,0.10091719776391983,0.5329186320304871,1.0,1.0,1.0,2000
557,0.8608068227767944,0.22747212648391724,0.10090947151184082,0.5324252247810364,1.0,1.0,1.0,2000
558,0.8602548837661743,0.22748568654060364,0.10089395940303802,0.5318752527236938,1.0,1.0,1.0,2000
559,0.8597016334533691,0.22768443822860718,0.10086338222026825,0.5311537981033325,1.0,1.0,1.0,2000
560,0.8591463565826416,0.22810785472393036,0.10081392526626587,0.5302245616912842,1.0,1.0,1.0,2000
561,0.8585897088050842,0.22870580852031708,0.1007482036948204,0.5291357040405273,1.0,1.0,1.0,2000
562,0.8580326437950134,0.22936595976352692,0.10067598521709442,0.5279906988143921,1.0,1.0,1.0,2000
563,0.8574745655059814,0.22996430099010468,0.1006113588809967,0.5268989205360413,1.0,1.0,1.0,2000
564,0.8569140434265137,0.23041696846485138,0.10056762397289276,0.5259294509887695,1.0,1.0,1.0,2000
565,0.856350302696228,0.23071140050888062,0.1005522608757019,0.5250866413116455,1.0,1.0,1.0,2000
566,0.8557835817337036,0.23090460896492004,0.10056402534246445,0.5243149399757385,1.0,1.0,1.0,2000
567,0.85521399974823,0.23109225928783417,0.10059366375207901,0.5235280990600586,1.0,1.0,1.0,2000
568,0.8546414375305176,0.2313658893108368,0.10062803328037262,0.522647500038147,1.0,1.0,1.0,2000
569,0.8540650606155396,0.23177550733089447,0.10065582394599915,0.5216337442398071,1.0,1.0,1.0,2000
570,0.8534849286079407,0.2323140799999237,0.10067208856344223,0.5204987525939941,1.0,1.0,1.0,2000
571,0.8529012799263,0.232926145195961,0.10067956894636154,0.5192955732345581,1.0,1.0,1.0,2000
572,0.8523144125938416,0.23353533446788788,0.10068616271018982,0.518092930316925,1.0,1.0,1.0,2000
573,0.8517240285873413,0.23407837748527527,0.10070014744997025,0.516945481300354,1.0,1.0,1.0,2000
574,0.8511292934417725,0.23452970385551453,0.10072540491819382,0.5158741474151611,1.0,1.0,1.0,2000
575,0.8505299091339111,0.2349090725183487,0.10075917840003967,0.5148616433143616,1.0,1.0,1.0,2000
576,0.8499261140823364,0.2352692037820816,0.10079319775104523,0.5138636827468872,1.0,1.0,1.0,2000
577,0.849317193031311,0.235670268535614,0.10081753879785538,0.5128293633460999,1.0,1.0,1.0,2000
578,0.8487025499343872,0.23615477979183197,0.10082515329122543,0.5117226243019104,1.0,1.0,1.0,2000
579,0.8480818867683411,0.23673224449157715,0.10081494599580765,0.5105347037315369,1.0,1.0,1.0,2000
580,0.847454845905304,0.23737896978855133,0.1007918119430542,0.5092840790748596,1.0,1.0,1.0,2000
581,0.8468213677406311,0.23805111646652222,0.10076408833265305,0.5080061554908752,1.0,1.0,1.0,2000
582,0.8461809158325195,0.2387046217918396,0.10073978453874588,0.5067365169525146,1.0,1.0,1.0,2000
583,0.8455328941345215,0.23931390047073364,0.10072322934865952,0.5054957866668701,1.0,1.0,1.0,2000
584,0.8448768854141235,0.23988021910190582,0.10071432590484619,0.5042823553085327,1.0,1.0,1.0,2000
585,0.8442123532295227,0.24042914807796478,0.10070940107107162,0.5030738115310669,1.0,1.0,1.0,2000
586,0.843538761138916,0.24099774658679962,0.10070391744375229,0.5018371343612671,1.0,1.0,1.0,2000
587,0.8428550958633423,0.24161866307258606,0.10069487243890762,0.5005415678024292,1.0,1.0,1.0,2000
588,0.8421606421470642,0.24230799078941345,0.10068214684724808,0.4991705119609833,1.0,1.0,1.0,2000
589,0.8414543867111206,0.24306084215641022,0.10066808015108109,0.4977254867553711,1.0,1.0,1.0,2000
590,0.8407355546951294,0.24385595321655273,0.10065596550703049,0.49622365832328796,1.0,1.0,1.0,2000
591,0.8400031328201294,0.24466662108898163,0.10064838081598282,0.49468815326690674,1.0,1.0,1.0,2000
592,0.8392559289932251,0.24547265470027924,0.10064603388309479,0.4931372404098511,1.0,1.0,1.0,2000
593,0.8384926915168762,0.24626868963241577,0.10064762085676193,0.4915763735771179,1.0,1.0,1.0,2000
594,0.8377120494842529,0.24706541001796722,0.1006506010890007,0.4899960160255432,1.0,1.0,1.0,2000
595,0.8369123935699463,0.24788476526737213,0.10065212100744247,0.4883754849433899,1.0,1.0,1.0,2000
596,0.8360919952392578,0.2487504929304123,0.10064976662397385,0.48669177293777466,1.0,1.0,1.0,2000
597,0.8352488279342651,0.24967892467975616,0.10064209252595901,0.484927773475647,1.0,1.0,1.0,2000
598,0.8343802690505981,0.2506743371486664,0.10062848031520844,0.4830774962902069,1.0,1.0,1.0,2000
599,0.8334841728210449,0.2517290711402893,0.10060912370681763,0.4811459481716156,1.0,1.0,1.0,2000
600,0.8325572609901428,0.2528288662433624,0.10058464854955673,0.47914373874664307,1.0,1.0,1.0,2000
601,0.8315961956977844,0.25396066904067993,0.1005559042096138,0.4770796298980713,1.0,1.0,1.0,2000
602,0.8305971622467041,0.2551185190677643,0.10052371025085449,0.4749549329280853,1.0,1.0,1.0,2000
603,0.8295557498931885,0.25630712509155273,0.10048839449882507,0.4727602005004883,1.0,1.0,1.0,2000
604,0.8284662961959839,0.2575392425060272,0.1004495918750763,0.47047746181488037,1.0,1.0,1.0,2000
605,0.8273230195045471,0.2588316798210144,0.10040611028671265,0.46808522939682007,1.0,1.0,1.0,2000
606,0.8261184692382812,0.2601989209651947,0.10035630315542221,0.46556323766708374,1.0,1.0,1.0,2000
607,0.8248441219329834,0.2616497278213501,0.10029853135347366,0.46289587020874023,1.0,1.0,1.0,2000
608,0.8234895467758179,0.2631854712963104,0.10023167729377747,0.46007239818573,1.0,1.0,1.0,2000
609,0.8220428824424744,0.264803022146225,0.10015545785427094,0.45708441734313965,1.0,1.0,1.0,2000
610,0.8204890489578247,0.2664976716041565,0.10006996244192123,0.453921377658844,1.0,1.0,1.0,2000
611,0.8188101649284363,0.2682670056819916,0.09997513145208359,0.4505680203437805,1.0,1.0,1.0,2000
612,0.8169843554496765,0.27011218667030334,0.09986992180347443,0.44700223207473755,1.0,1.0,1.0,2000
613,0.8149846792221069,0.2720377743244171,0.09975175559520721,0.4431951940059662,1.0,1.0,1.0,2000
614,0.8127778768539429,0.2740485370159149,0.09961650520563126,0.4391128420829773,1.0,1.0,1.0,2000
615,0.8103224635124207,0.27614638209342957,0.0994589552283287,0.4347171187400818,1.0,1.0,1.0,2000
616,0.8075665235519409,0.2783263623714447,0.09927324950695038,0.42996692657470703,1.0,1.0,1.0,2000
617,0.8044459223747253,0.2805732786655426,0.09905334562063217,0.42481929063796997,1.0,1.0,1.0,2000
618,0.8008804321289062,0.282858282327652,0.0987929105758667,0.41922926902770996,1.0,1.0,1.0,2000
619,0.7967727184295654,0.2851350009441376,0.09848527610301971,0.4131524860858917,1.0,1.0,1.0,2000
620,0.7920082807540894,0.2873358726501465,0.09812304377555847,0.406549334526062,1.0,1.0,1.0,2000
621,0.7864609956741333,0.2893693745136261,0.09769874066114426,0.39939287304878235,1.0,1.0,1.0,2000
622,0.7800147533416748,0.29112520813941956,0.0972064658999443,0.39168310165405273,1.0,1.0,1.0,2000
623,0.7726114392280579,0.2924945056438446,0.09664583206176758,0.3834711015224457,1.0,1.0,1.0,2000
624,0.7643451690673828,0.29342299699783325,0.09602886438369751,0.37489333748817444,1.0,1.0,1.0,2000
625,0.7556015849113464,0.2939954698085785,0.09539087116718292,0.36621522903442383,1.0,1.0,1.0,2000
626,0.7471612691879272,0.29448655247688293,0.09480451047420502,0.3578701913356781,1.0,1.0,1.0,2000
627,0.7400267124176025,0.2951679825782776,0.09439107775688171,0.35046762228012085,1.0,1.0,1.0,2000
628,0.7347773313522339,0.29571855068206787,0.09431062638759613,0.3447481691837311,1.0,1.0,1.0,2000
629,0.7310543060302734,0.29489004611968994,0.09469225257635117,0.34147199988365173,1.0,1.0,1.0,2000
630,0.7282993197441101,0.2916659414768219,0.09546694904565811,0.3411664366722107,1.0,1.0,1.0,2000
631,0.7266167402267456,0.2867922782897949,0.09619589149951935,0.34362858533859253,1.0,1.0,1.0,2000
632,0.725942850112915,0.2822350263595581,0.09619946032762527,0.34750834107398987,1.0,1.0,1.0,2000
633,0.7256342768669128,0.27991801500320435,0.09506900608539581,0.3506472706794739,1.0,1.0,1.0,2000
634,0.7253153920173645,0.2811121642589569,0.09303305298089981,0.3511701822280884,1.0,1.0,1.0,2000
635,0.7251184582710266,0.2856982350349426,0.09075979143381119,0.3486604392528534,1.0,1.0,1.0,2000
636,0.7254318594932556,0.2918819189071655,0.08888272196054459,0.3446672260761261,1.0,1.0,1.0,2000
637,0.7262178659439087,0.29668989777565,0.08767826855182648,0.3418497145175934,1.0,1.0,1.0,2000
638,0.7265825271606445,0.2973232567310333,0.0870736762881279,0.3421855568885803,1.0,1.0,1.0,2000
639,0.7259279489517212,0.29326191544532776,0.08692795783281326,0.34573811292648315,1.0,1.0,1.0,2000
640,0.7246103286743164,0.28666961193084717,0.0872359648346901,0.35070478916168213,1.0,1.0,1.0,2000
641,0.7227977514266968,0.28020572662353516,0.08804075419902802,0.3545512855052948,1.0,1.0,1.0,2000
642,0.7203676700592041,0.27537280321121216,0.08927536010742188,0.35571953654289246,1.0,1.0,1.0,2000
643,0.7178792953491211,0.27250024676322937,0.09073803573846817,0.35464102029800415,1.0,1.0,1.0,2000
644,0.7159769535064697,0.27070319652557373,0.09217792004346848,0.3530958592891693,1.0,1.0,1.0,2000
645,0.7146415710449219,0.26845666766166687,0.09344565868377686,0.35273921489715576,1.0,1.0,1.0,2000
646,0.7136830687522888,0.26499253511428833,0.09456967562437057,0.3541208505630493,1.0,1.0,1.0,2000
647,0.7129783034324646,0.2607475221157074,0.09562820196151733,0.35660257935523987,1.0,1.0,1.0,2000
648,0.7123611569404602,0.25680044293403625,0.09657074511051178,0.358989953994751,1.0,1.0,1.0,2000
649,0.7117446660995483,0.2541719079017639,0.09720376133918762,0.3603689670562744,1.0,1.0,1.0,2000
650,0.7111002802848816,0.2532370388507843,0.0973341166973114,0.3605291247367859,1.0,1.0,1.0,2000
651,0.7104300260543823,0.25364771485328674,0.09693925082683563,0.35984304547309875,1.0,1.0,1.0,2000
652,0.7098461985588074,0.25472328066825867,0.09622584283351898,0.3588970899581909,1.0,1.0,1.0,2000
653,0.7094005942344666,0.2557319104671478,0.09551647305488586,0.35815221071243286,1.0,1.0,1.0,2000
654,0.7089478969573975,0.25607478618621826,0.09506562352180481,0.3578074872493744,1.0,1.0,1.0,2000
655,0.7083629369735718,0.2555640637874603,0.09495161473751068,0.35784727334976196,1.0,1.0,1.0,2000
656,0.7076621055603027,0.2544850707054138,0.09508384019136429,0.3580932021141052,1.0,1.0,1.0,2000
657,0.7068597674369812,0.2533666789531708,0.0952901616692543,0.3582029342651367,1.0,1.0,1.0,2000
658,0.7059371471405029,0.2527645528316498,0.0954321026802063,0.35774046182632446,1.0,1.0,1.0,2000
659,0.7049371600151062,0.2530861496925354,0.09547699987888336,0.35637402534484863,1.0,1.0,1.0,2000
660,0.7039461135864258,0.25436434149742126,0.09548232704401016,0.35409945249557495,1.0,1.0,1.0,2000
661,0.7030207514762878,0.2561667859554291,0.0955222100019455,0.35133177042007446,1.0,1.0,1.0,2000
662,0.7021686434745789,0.2578054368495941,0.09561790525913239,0.34874528646469116,1.0,1.0,1.0,2000
663,0.701347827911377,0.25871938467025757,0.0957166776061058,0.34691178798675537,1.0,1.0,1.0,2000
664,0.7005094289779663,0.2588031589984894,0.09573180973529816,0.3459744453430176,1.0,1.0,1.0,2000
665,0.6996551156044006,0.2584673762321472,0.09560688585042953,0.3455808460712433,1.0,1.0,1.0,2000
666,0.6988003253936768,0.25834983587265015,0.09534340351819992,0.3451070785522461,1.0,1.0,1.0,2000
667,0.6979274153709412,0.25891047716140747,0.09497864544391632,0.34403830766677856,1.0,1.0,1.0,2000
668,0.6970348954200745,0.26021042466163635,0.09455481916666031,0.3422696590423584,1.0,1.0,1.0,2000
669,0.6961469650268555,0.261916846036911,0.09411221742630005,0.3401179015636444,1.0,1.0,1.0,2000
670,0.6952542066574097,0.263491690158844,0.09370448440313339,0.3380580544471741,1.0,1.0,1.0,2000
671,0.6943166255950928,0.26450052857398987,0.09340636432170868,0.3364097476005554,1.0,1.0,1.0,2000
672,0.6933032870292664,0.2648357152938843,0.09328818321228027,0.3351793885231018,1.0,1.0,1.0,2000
673,0.6922026872634888,0.26472008228302,0.09337028861045837,0.3341123163700104,1.0,1.0,1.0,2000
674,0.6910178661346436,0.2645438015460968,0.0936008021235466,0.33287322521209717,1.0,1.0,1.0,2000
675,0.6897481679916382,0.26465097069740295,0.09388090670108795,0.3312162458896637,1.0,1.0,1.0,2000
676,0.6883807182312012,0.26519668102264404,0.0941234827041626,0.32906055450439453,1.0,1.0,1.0,2000
677,0.6869068145751953,0.2661270201206207,0.09430138021707535,0.32647839188575745,1.0,1.0,1.0,2000
678,0.6853153705596924,0.2672339677810669,0.09444648027420044,0.32363492250442505,1.0,1.0,1.0,2000
679,0.6835734844207764,0.26826074719429016,0.09460359066724777,0.32070913910865784,1.0,1.0,1.0,2000
680,0.6816376447677612,0.2690398395061493,0.094783253967762,0.31781458854675293,1.0,1.0,1.0,2000
681,0.6794655323028564,0.2695758044719696,0.0949539765715599,0.31493571400642395,1.0,1.0,1.0,2000
682,0.677003026008606,0.27001357078552246,0.09507548809051514,0.31191393733024597,1.0,1.0,1.0,2000
683,0.6741751432418823,0.2705361247062683,0.09513858705759048,0.3085004389286041,1.0,1.0,1.0,2000
684,0.6708730459213257,0.2712540030479431,0.09517374634742737,0.3044453263282776,1.0,1.0,1.0,2000
685,0.6669343709945679,0.27214136719703674,0.09522666037082672,0.2995663285255432,1.0,1.0,1.0,2000
686,0.6621265411376953,0.2730429172515869,0.09532876312732697,0.293754905462265,1.0,1.0,1.0,2000
687,0.656118631362915,0.2737027406692505,0.09548914432525635,0.2869267463684082,1.0,1.0,1.0,2000
688,0.6484427452087402,0.2737635672092438,0.0957096740603447,0.27896952629089355,1.0,1.0,1.0,2000
689,0.638495683670044,0.2727353572845459,0.09600425511598587,0.2697560787200928,1.0,1.0,1.0,2000
690,0.6256995797157288,0.2700381577014923,0.09639884531497955,0.2592625617980957,1.0,1.0,1.0,2000
691,0.6101754307746887,0.26545074582099915,0.09689990431070328,0.2478247880935669,1.0,1.0,1.0,2000
692,0.5942990779876709,0.2603318393230438,0.09742088615894318,0.2365463525056839,1.0,1.0,1.0,2000
693,0.5828757286071777,0.2575744092464447,0.09764819592237473,0.2276531159877777,1.0,1.0,1.0,2000
694,0.5749629735946655,0.25387173891067505,0.09701011329889297,0.2240811586380005,1.0,1.0,1.0,2000
695,0.5630377531051636,0.24003493785858154,0.09535971283912659,0.22764311730861664,1.0,1.0,1.0,2000
696,0.5555816292762756,0.22572965919971466,0.09357818216085434,0.23627381026744843,1.0,1.0,1.0,2000
697,0.5566053986549377,0.2207961082458496,0.09219181537628174,0.2436174750328064,1.0,1.0,1.0,2000
698,0.5564906597137451,0.22116541862487793,0.09087883681058884,0.24444642663002014,1.0,1.0,1.0,2000
699,0.5573525428771973,0.22812309861183167,0.0894092321395874,0.23982024192810059,1.0,1.0,1.0,2000
700,0.561976432800293,0.23972107470035553,0.08750849217176437,0.23474687337875366,1.0,1.0,1.0,2000
701,0.7924436330795288,0.47301483154296875,0.0854944959282875,0.23393431305885315,1.0,1.0,1.0,2400
702,0.801303505897522,0.38870969414711,0.09028175473213196,0.32231205701828003,1.0,1.0,1.0,2400
703,0.851152777671814,0.3891356587409973,0.09268619865179062,0.36933088302612305,1.0,1.0,1.0,2400
704,0.7290440797805786,0.2662975490093231,0.09661205112934113,0.3661344647407532,1.0,1.0,1.0,2400
705,0.7557650804519653,0.2983264923095703,0.10950373113155365,0.34793487191200256,1.0,1.0,1.0,2400
706,0.7737034559249878,0.3676546812057495,0.10358046740293503,0.30246827006340027,1.0,1.0,1.0,2400
707,0.6491178870201111,0.28812870383262634,0.08467783778905869,0.27631133794784546,1.0,1.0,1.0,2400
708,0.7177180647850037,0.3550436794757843,0.08019484579563141,0.28247952461242676,1.0,1.0,1.0,2400
709,0.7407083511352539,0.37491753697395325,0.08212790638208389,0.283662885427475,1.0,1.0,1.0,2400
710,0.670773983001709,0.31612998247146606,0.08525403589010239,0.2693899869918823,1.0,1.0,1.0,2400
711,0.6327813863754272,0.26695266366004944,0.09662832319736481,0.2692003846168518,1.0,1.0,1.0,2400
712,0.6629927158355713,0.24189455807209015,0.11484530568122864,0.3062528371810913,1.0,1.0,1.0,2400
713,0.6724904775619507,0.20233558118343353,0.12295389175415039,0.34720098972320557,1.0,1.0,1.0,2400
714,0.6604264974594116,0.18736615777015686,0.11751831322908401,0.35554200410842896,1.0,1.0,1.0,2400
715,0.6456588506698608,0.2032441347837448,0.10745920240879059,0.33495551347732544,1.0,1.0,1.0,2400
716,0.6479575634002686,0.24740351736545563,0.09936525672674179,0.3011888265609741,1.0,1.0,1.0,2400
717,0.6506983041763306,0.28104525804519653,0.09577544033527374,0.2738775908946991,1.0,1.0,1.0,2400
718,0.630469560623169,0.25786319375038147,0.09826548397541046,0.27434083819389343,1.0,1.0,1.0,2400
719,0.6260219812393188,0.22271372377872467,0.10371673107147217,0.2995915114879608,1.0,1.0,1.0,2400
720,0.6438050270080566,0.2125415951013565,0.10665076971054077,0.32461267709732056,1.0,1.0,1.0,2400
721,0.642997145652771,0.2071569412946701,0.10489989072084427,0.330940306186676,1.0,1.0,1.0,2400
722,0.6241141557693481,0.20502546429634094,0.1006908193230629,0.3183978796005249,1.0,1.0,1.0,2400
723,0.6127849817276001,0.21791008114814758,0.09729517996311188,0.29757973551750183,1.0,1.0,1.0,2400
724,0.6233426332473755,0.24503347277641296,0.09636720269918442,0.2819419801235199,1.0,1.0,1.0,2400
725,0.625648021697998,0.24267221987247467,0.09840621054172516,0.28456956148147583,1.0,1.0,1.0,2400
726,0.6111972332000732,0.20265643298625946,0.10288708657026291,0.3056536912918091,1.0,1.0,1.0,2400
727,0.6143865585327148,0.1771201640367508,0.10785234719514847,0.3294140100479126,1.0,1.0,1.0,2400
728,0.6218264102935791,0.17057861387729645,0.11075552552938461,0.34049224853515625,1.0,1.0,1.0,2400
729,0.6181584000587463,0.17458713054656982,0.10983951389789581,0.3337317705154419,1.0,1.0,1.0,2400
730,0.6115003228187561,0.1898476481437683,0.10548374056816101,0.3161689341068268,1.0,1.0,1.0,2400
731,0.6099787950515747,0.2087261974811554,0.10006389766931534,0.30118873715400696,1.0,1.0,1.0,2400
732,0.6120277643203735,0.21924267709255219,0.0961209163069725,0.29666417837142944,1.0,1.0,1.0,2400
733,0.6151924133300781,0.22070056200027466,0.09463508427143097,0.2998567819595337,1.0,1.0,1.0,2400
734,0.612492561340332,0.212302103638649,0.09540048986673355,0.3047899603843689,1.0,1.0,1.0,2400
735,0.607087254524231,0.1999361366033554,0.09804550558328629,0.30910563468933105,1.0,1.0,1.0,2400
736,0.6077755689620972,0.19277651607990265,0.10158250480890274,0.31341657042503357,1.0,1.0,1.0,2400
737,0.6098812818527222,0.18798986077308655,0.10408409684896469,0.31780731678009033,1.0,1.0,1.0,2400
738,0.6067193746566772,0.1816326081752777,0.10432884097099304,0.3207579255104065,1.0,1.0,1.0,2400
739,0.6043167114257812,0.18078084290027618,0.10299477726221085,0.3205410838127136,1.0,1.0,1.0,2400
740,0.6055904626846313,0.18742118775844574,0.10143527388572693,0.3167339861392975,1.0,1.0,1.0,2400
741,0.60673987865448,0.19499409198760986,0.10050833970308304,0.3112374544143677,1.0,1.0,1.0,2400
742,0.6056219339370728,0.19686801731586456,0.10060128569602966,0.3081526458263397,1.0,1.0,1.0,2400
743,0.6035004258155823,0.1913299560546875,0.10160500556230545,0.3105654716491699,1.0,1.0,1.0,2400
744,0.6033545136451721,0.1839248090982437,0.1027105450630188,0.3167191743850708,1.0,1.0,1.0,2400
745,0.6047602891921997,0.18066295981407166,0.10291041433811188,0.321186900138855,1.0,1.0,1.0,2400
746,0.6043992042541504,0.18256299197673798,0.10185263305902481,0.319983571767807,1.0,1.0,1.0,2400
747,0.60283362865448,0.1890190690755844,0.10008038580417633,0.31373417377471924,1.0,1.0,1.0,2400
748,0.6029035449028015,0.19763430953025818,0.0985323041677475,0.30673694610595703,1.0,1.0,1.0,2400
749,0.6036539077758789,0.2020357996225357,0.09793233871459961,0.3036857843399048,1.0,1.0,1.0,2400
750,0.6027136445045471,0.19788755476474762,0.09849897027015686,0.30632710456848145,1.0,1.0,1.0,2400
751,0.6015604734420776,0.18929781019687653,0.0999198704957962,0.3123427629470825,1.0,1.0,1.0,2400
752,0.6016916036605835,0.1827259361743927,0.10148898512125015,0.31747668981552124,1.0,1.0,1.0,2400
753,0.6020135283470154,0.18090538680553436,0.1024070531129837,0.3187010884284973,1.0,1.0,1.0,2400
754,0.6016222834587097,0.18339724838733673,0.10221430659294128,0.3160107135772705,1.0,1.0,1.0,2400
755,0.6009676456451416,0.18795543909072876,0.10109010338783264,0.3119220733642578,1.0,1.0,1.0,2400
756,0.600702166557312,0.1919291466474533,0.0996924340724945,0.3090806007385254,1.0,1.0,1.0,2400
757,0.6008416414260864,0.1939806193113327,0.09866037219762802,0.3082006573677063,1.0,1.0,1.0,2400
758,0.6006737351417542,0.19405274093151093,0.0982857421040535,0.30833524465560913,1.0,1.0,1.0,2400
759,0.6001144647598267,0.19308173656463623,0.09852234274148941,0.308510422706604,1.0,1.0,1.0,2400
760,0.5999656915664673,0.19232450425624847,0.09907371550798416,0.30856746435165405,1.0,1.0,1.0,2400
761,0.6001372337341309,0.19188684225082397,0.09950780868530273,0.30874258279800415,1.0,1.0,1.0,2400
762,0.5998705625534058,0.19138556718826294,0.09952346980571747,0.3089614808559418,1.0,1.0,1.0,2400
763,0.5993901491165161,0.1914968639612198,0.09917017817497253,0.3087230920791626,1.0,1.0,1.0,2400
764,0.5991940498352051,0.19282512366771698,0.09874836355447769,0.3076205551624298,1.0,1.0,1.0,2400
765,0.5991308689117432,0.1946471482515335,0.0985509604215622,0.30593279004096985,1.0,1.0,1.0,2400
766,0.5989638566970825,0.19558613002300262,0.09871266037225723,0.3046650290489197,1.0,1.0,1.0,2400
767,0.5986776351928711,0.19471979141235352,0.099171482026577,0.3047863841056824,1.0,1.0,1.0,2400
768,0.5984148979187012,0.19250677525997162,0.09969338774681091,0.30621472001075745,1.0,1.0,1.0,2400
769,0.5983085036277771,0.19065280258655548,0.09998951852321625,0.30766618251800537,1.0,1.0,1.0,2400
770,0.598171591758728,0.19059526920318604,0.09988702833652496,0.3076893091201782,1.0,1.0,1.0,2400
771,0.5978733897209167,0.19256986677646637,0.09942833334207535,0.30587518215179443,1.0,1.0,1.0,2400
772,0.5976459980010986,0.19565661251544952,0.09883303195238113,0.3031563460826874,1.0,1.0,1.0,2400
773,0.5975658893585205,0.19815103709697723,0.09836694598197937,0.3010478913784027,1.0,1.0,1.0,2400
774,0.5974134802818298,0.1987009346485138,0.09820999950170517,0.3005025386810303,1.0,1.0,1.0,2400
775,0.597163736820221,0.1974763721227646,0.09838604927062988,0.3013013005256653,1.0,1.0,1.0,2400
776,0.5969524383544922,0.1957702338695526,0.09876985102891922,0.30241233110427856,1.0,1.0,1.0,2400
777,0.5967885255813599,0.19476251304149628,0.09915536642074585,0.30287063121795654,1.0,1.0,1.0,2400
778,0.5966169834136963,0.19485701620578766,0.09935637563467026,0.30240362882614136,1.0,1.0,1.0,2400
779,0.5964098572731018,0.19569267332553864,0.0992988646030426,0.3014183044433594,1.0,1.0,1.0,2400
780,0.596189558506012,0.1966419667005539,0.09905118495225906,0.3004963994026184,1.0,1.0,1.0,2400
781,0.5960109829902649,0.1973496973514557,0.0987650603055954,0.299896240234375,1.0,1.0,1.0,2400
782,0.5958437919616699,0.19777831435203552,0.09857483208179474,0.29949066042900085,1.0,1.0,1.0,2400
783,0.5956240892410278,0.1980128437280655,0.09853155165910721,0.29907965660095215,1.0,1.0,1.0,2400
784,0.595399022102356,0.1981528401374817,0.09859460592269897,0.2986515760421753,1.0,1.0,1.0,2400
785,0.5952193737030029,0.19822831451892853,0.09866508096456528,0.2983260154724121,1.0,1.0,1.0,2400
786,0.5950387716293335,0.19827137887477875,0.09864845126867294,0.2981189489364624,1.0,1.0,1.0,2400
787,0.5948290228843689,0.19846804440021515,0.09851617366075516,0.297844797372818,1.0,1.0,1.0,2400
788,0.5946166515350342,0.19901354610919952,0.09831978380680084,0.2972833514213562,1.0,1.0,1.0,2400
789,0.5944132208824158,0.1998278796672821,0.09815096110105515,0.2964343726634979,1.0,1.0,1.0,2400
790,0.5942127108573914,0.2005370706319809,0.0980849340558052,0.29559069871902466,1.0,1.0,1.0,2400
791,0.5940036773681641,0.20073339343070984,0.0981425866484642,0.2951276898384094,1.0,1.0,1.0,2400
792,0.5937823057174683,0.20032645761966705,0.09828317165374756,0.29517266154289246,1.0,1.0,1.0,2400
793,0.593567967414856,0.1996828019618988,0.09842681139707565,0.2954583764076233,1.0,1.0,1.0,2400
794,0.5933631658554077,0.19935239851474762,0.09849494695663452,0.29551583528518677,1.0,1.0,1.0,2400
795,0.5931441783905029,0.19965477287769318,0.09844804555177689,0.2950413227081299,1.0,1.0,1.0,2400
796,0.592913806438446,0.20049554109573364,0.09830155223608017,0.29411670565605164,1.0,1.0,1.0,2400
797,0.5926909446716309,0.2014639526605606,0.09811399132013321,0.29311302304267883,1.0,1.0,1.0,2400
798,0.592471182346344,0.20213022828102112,0.09795582294464111,0.29238513112068176,1.0,1.0,1.0,2400
799,0.592244565486908,0.20234383642673492,0.0978756994009018,0.29202502965927124,1.0,1.0,1.0,2400
800,0.5920126438140869,0.20227061212062836,0.09788112342357635,0.2918609082698822,1.0,1.0,1.0,2400
801,0.5917785167694092,0.20218488574028015,0.09793978184461594,0.2916538119316101,1.0,1.0,1.0,2400
802,0.591544508934021,0.20225735008716583,0.09799941629171371,0.29128772020339966,1.0,1.0,1.0,2400
803,0.5913077592849731,0.20248819887638092,0.09801559150218964,0.2908039391040802,1.0,1.0,1.0,2400
804,0.591063380241394,0.20279143750667572,0.09797380864620209,0.29029813408851624,1.0,1.0,1.0,2400
805,0.5908162593841553,0.20311382412910461,0.09789306670427322,0.2898094058036804,1.0,1.0,1.0,2400
806,0.5905708074569702,0.2034538984298706,0.0978095680475235,0.2893073558807373,1.0,1.0,1.0,2400
807,0.5903208255767822,0.20380224287509918,0.09775322675704956,0.28876540064811707,1.0,1.0,1.0,2400
808,0.5900639295578003,0.20411406457424164,0.09773168712854385,0.2882181406021118,1.0,1.0,1.0,2400
809,0.5898042917251587,0.20434357225894928,0.0977291464805603,0.2877315878868103,1.0,1.0,1.0,2400
810,0.5895429849624634,0.2045040875673294,0.09771817922592163,0.2873207628726959,1.0,1.0,1.0,2400
811,0.5892784595489502,0.20469088852405548,0.09767720848321915,0.2869103252887726,1.0,1.0,1.0,2400
812,0.589009165763855,0.20501458644866943,0.09760302305221558,0.28639155626296997,1.0,1.0,1.0,2400
813,0.5887349843978882,0.20549944043159485,0.0975114107131958,0.28572413325309753,1.0,1.0,1.0,2400
814,0.5884575843811035,0.20604568719863892,0.09742747247219086,0.28498443961143494,1.0,1.0,1.0,2400
815,0.5881769061088562,0.20649391412734985,0.09737216681241989,0.28431081771850586,1.0,1.0,1.0,2400
816,0.5878907442092896,0.20674605667591095,0.09735247492790222,0.2837921679019928,1.0,1.0,1.0,2400
817,0.587599515914917,0.206842839717865,0.09735909104347229,0.2833975553512573,1.0,1.0,1.0,2400
818,0.5873048305511475,0.20692798495292664,0.09737150371074677,0.28300535678863525,1.0,1.0,1.0,2400
819,0.5870058536529541,0.20713628828525543,0.09736763685941696,0.2825019657611847,1.0,1.0,1.0,2400
820,0.5867012143135071,0.20750661194324493,0.09733378142118454,0.2818608283996582,1.0,1.0,1.0,2400
821,0.5863912105560303,0.20797836780548096,0.09727016091346741,0.2811426520347595,1.0,1.0,1.0,2400
822,0.5860760807991028,0.20845618844032288,0.09718980640172958,0.2804300785064697,1.0,1.0,1.0,2400
823,0.5857561230659485,0.20888152718544006,0.09711142629384995,0.2797631621360779,1.0,1.0,1.0,2400
824,0.5854307413101196,0.20925292372703552,0.09704995900392532,0.27912789583206177,1.0,1.0,1.0,2400
825,0.5850991010665894,0.20959649980068207,0.09700993448495865,0.27849262952804565,1.0,1.0,1.0,2400
826,0.5847614407539368,0.20993149280548096,0.09698468446731567,0.27784526348114014,1.0,1.0,1.0,2400
827,0.5844180583953857,0.2102619707584381,0.09696117043495178,0.27719491720199585,1.0,1.0,1.0,2400
828,0.5840681791305542,0.2105942815542221,0.09692766517400742,0.27654626965522766,1.0,1.0,1.0,2400
829,0.5837113857269287,0.21094976365566254,0.09687952697277069,0.2758820652961731,1.0,1.0,1.0,2400
830,0.583347737789154,0.21135151386260986,0.0968203991651535,0.2751758098602295,1.0,1.0,1.0,2400
831,0.5829770565032959,0.21179768443107605,0.09675849974155426,0.2744208574295044,1.0,1.0,1.0,2400
832,0.5825989842414856,0.21225464344024658,0.09670115262269974,0.2736431956291199,1.0,1.0,1.0,2400
833,0.5822131633758545,0.2126811146736145,0.09665097296237946,0.27288109064102173,1.0,1.0,1.0,2400
834,0.5818192958831787,0.2130638062953949,0.0966050922870636,0.2721503674983978,1.0,1.0,1.0,2400
835,0.5814172625541687,0.21343183517456055,0.09655753523111343,0.2714278995990753,1.0,1.0,1.0,2400
836,0.5810067057609558,0.21383371949195862,0.09650257229804993,0.27067041397094727,1.0,1.0,1.0,2400
837,0.5805871486663818,0.21429845690727234,0.09643778949975967,0.2698509097099304,1.0,1.0,1.0,2400
838,0.580157995223999,0.2148134559392929,0.09636496007442474,0.26897957921028137,1.0,1.0,1.0,2400
839,0.5797191858291626,0.2153376042842865,0.09628928452730179,0.2680923342704773,1.0,1.0,1.0,2400
840,0.5792702436447144,0.2158338874578476,0.09621678292751312,0.267219603061676,1.0,1.0,1.0,2400
841,0.5788108110427856,0.21629440784454346,0.09615163505077362,0.2663647532463074,1.0,1.0,1.0,2400
842,0.5783401727676392,0.21673858165740967,0.09609400480985641,0.2655075788497925,1.0,1.0,1.0,2400
843,0.577858030796051,0.21719253063201904,0.09604000300168991,0.2646254897117615,1.0,1.0,1.0,2400
844,0.5773636102676392,0.21767044067382812,0.09598344564437866,0.2637097239494324,1.0,1.0,1.0,2400
845,0.5768566131591797,0.21817359328269958,0.09591884166002274,0.26276418566703796,1.0,1.0,1.0,2400
846,0.5763362646102905,0.21869944036006927,0.09584381431341171,0.26179301738739014,1.0,1.0,1.0,2400
847,0.5758019685745239,0.21924875676631927,0.09576002508401871,0.26079317927360535,1.0,1.0,1.0,2400
848,0.5752530097961426,0.21982192993164062,0.09567177295684814,0.2597592771053314,1.0,1.0,1.0,2400
849,0.5746886134147644,0.22041183710098267,0.09558362513780594,0.2586931586265564,1.0,1.0,1.0,2400
850,0.5741080045700073,0.22100351750850677,0.09549818933010101,0.25760629773139954,1.0,1.0,1.0,2400
851,0.5735102891921997,0.22158539295196533,0.09541525691747665,0.25650960206985474,1.0,1.0,1.0,2400
852,0.5728944540023804,0.22215969860553741,0.0953325554728508,0.25540223717689514,1.0,1.0,1.0,2400
853,0.5722596645355225,0.22274281084537506,0.09524708241224289,0.2542697787284851,1.0,1.0,1.0,2400
854,0.5716047286987305,0.22335340082645416,0.09515638649463654,0.25309494137763977,1.0,1.0,1.0,2400
855,0.5709283351898193,0.22399833798408508,0.09505949169397354,0.2518705427646637,1.0,1.0,1.0,2400
856,0.5702293515205383,0.22467011213302612,0.09495671093463898,0.2506025433540344,1.0,1.0,1.0,2400
857,0.5695062875747681,0.22535517811775208,0.09484932571649551,0.24930179119110107,1.0,1.0,1.0,2400
858,0.5687576532363892,0.22604632377624512,0.09473877400159836,0.24797257781028748,1.0,1.0,1.0,2400
859,0.5679817795753479,0.22674693167209625,0.09462583065032959,0.24660901725292206,1.0,1.0,1.0,2400
860,0.5671767592430115,0.2274658977985382,0.09451006352901459,0.24520082771778107,1.0,1.0,1.0,2400
861,0.5663408041000366,0.22820889949798584,0.09439002722501755,0.24374186992645264,1.0,1.0,1.0,2400
862,0.5654715299606323,0.22897611558437347,0.09426385164260864,0.24223151803016663,1.0,1.0,1.0,2400
863,0.5645663738250732,0.2297654002904892,0.09413010627031326,0.240670844912529,1.0,1.0,1.0,2400
864,0.563622772693634,0.2305770367383957,0.0939885601401329,0.23905718326568604,1.0,1.0,1.0,2400
865,0.5626378655433655,0.23141370713710785,0.09383980929851532,0.2373843491077423,1.0,1.0,1.0,2400
866,0.5616081953048706,0.23227618634700775,0.09368474036455154,0.23564723134040833,1.0,1.0,1.0,2400
867,0.5605299472808838,0.23316174745559692,0.09352358430624008,0.2338446080684662,1.0,1.0,1.0,2400
868,0.5593991875648499,0.23406648635864258,0.09335575252771378,0.2319769710302353,1.0,1.0,1.0,2400
869,0.5582111477851868,0.23499031364917755,0.09317965060472488,0.23004116117954254,1.0,1.0,1.0,2400
870,0.5569606423377991,0.23593950271606445,0.09299328923225403,0.2280278503894806,1.0,1.0,1.0,2400
871,0.5556416511535645,0.23692232370376587,0.09279453754425049,0.2259247899055481,1.0,1.0,1.0,2400
872,0.5542474985122681,0.23794350028038025,0.09258159250020981,0.22372236847877502,1.0,1.0,1.0,2400
873,0.5527703166007996,0.23900175094604492,0.0923529788851738,0.22141559422016144,1.0,1.0,1.0,2400
874,0.5512014627456665,0.24009232223033905,0.09210767596960068,0.21900144219398499,1.0,1.0,1.0,2400
875,0.5495306849479675,0.24121180176734924,0.09184485673904419,0.2164740413427353,1.0,1.0,1.0,2400
876,0.5477464199066162,0.24235977232456207,0.09156347811222076,0.21382318437099457,1.0,1.0,1.0,2400
877,0.5458349585533142,0.24353642761707306,0.0912618413567543,0.21103668212890625,1.0,1.0,1.0,2400
878,0.5437802076339722,0.24474003911018372,0.09093726426362991,0.20810292661190033,1.0,1.0,1.0,2400
879,0.5415637493133545,0.24596679210662842,0.09058614820241928,0.2050108015537262,1.0,1.0,1.0,2400
880,0.5391635894775391,0.247212752699852,0.09020420163869858,0.2017466425895691,1.0,1.0,1.0,2400
881,0.5365536212921143,0.24847398698329926,0.08978677541017532,0.1982928216457367,1.0,1.0,1.0,2400
882,0.5337026715278625,0.24974431097507477,0.08932886272668839,0.1946294754743576,1.0,1.0,1.0,2400
883,0.5305735468864441,0.25101131200790405,0.08882501721382141,0.19073721766471863,1.0,1.0,1.0,2400
884,0.5271217226982117,0.2522547245025635,0.08826913684606552,0.18659785389900208,1.0,1.0,1.0,2400
885,0.5232934355735779,0.253447562456131,0.08765420317649841,0.1821916699409485,1.0,1.0,1.0,2400
886,0.5190236568450928,0.25455597043037415,0.08697222173213959,0.17749547958374023,1.0,1.0,1.0,2400
887,0.5142342448234558,0.2555364966392517,0.08621401339769363,0.17248372733592987,1.0,1.0,1.0,2400
888,0.5088308453559875,0.2563302516937256,0.08536910265684128,0.1671314835548401,1.0,1.0,1.0,2400
889,0.5027010440826416,0.25685855746269226,0.0844259113073349,0.16141660511493683,1.0,1.0,1.0,2400
890,0.49571219086647034,0.2570198178291321,0.08337239921092987,0.1553199589252472,1.0,1.0,1.0,2400
891,0.48771101236343384,0.25668811798095703,0.08219671249389648,0.14882616698741913,1.0,1.0,1.0,2400
892,0.47852593660354614,0.25570961833000183,0.0808885246515274,0.1419277787208557,1.0,1.0,1.0,2400
893,0.4679744243621826,0.2539025545120239,0.07944053411483765,0.13463135063648224,1.0,1.0,1.0,2400
894,0.45587679743766785,0.25106412172317505,0.07785077393054962,0.12696191668510437,1.0,1.0,1.0,2400
895,0.44207656383514404,0.2469860315322876,0.07612520456314087,0.11896534264087677,1.0,1.0,1.0,2400
896,0.4264659285545349,0.2414754033088684,0.07428039610385895,0.11071012914180756,1.0,1.0,1.0,2400
897,0.40900760889053345,0.2343721240758896,0.07234562933444977,0.1022898480296135,1.0,1.0,1.0,2400
898,0.38974204659461975,0.22555650770664215,0.07036365568637848,0.09382188320159912,1.0,1.0,1.0,2400
899,0.3687703013420105,0.21493977308273315,0.06839002668857574,0.0854405015707016,1.0,1.0,1.0,2400
900,0.3462182879447937,0.20243899524211884,0.0664912536740303,0.07728803157806396,1.0,1.0,1.0,2400
901,0.3222031593322754,0.18795473873615265,0.06474313884973526,0.06950527429580688,1.0,1.0,1.0,2400
902,0.29685211181640625,0.1714038997888565,0.06323054432868958,0.062217652797698975,1.0,1.0,1.0,2400
903,0.2704235017299652,0.1528545767068863,0.06204889714717865,0.055520035326480865,1.0,1.0,1.0,2400
904,0.24354717135429382,0.132771298289299,0.06130436062812805,0.04947151988744736,1.0,1.0,1.0,2400
905,0.21744848787784576,0.11224633455276489,0.06110326945781708,0.044098883867263794,1.0,1.0,1.0,2400
906,0.19390591979026794,0.09299254417419434,0.06151796877384186,0.03939540311694145,1.0,1.0,1.0,2400
907,0.17482814192771912,0.07698871195316315,0.06252866983413696,0.035310763865709305,1.0,1.0,1.0,2400
908,0.16160257160663605,0.0658915638923645,0.0639680027961731,0.03174300119280815,1.0,1.0,1.0,2400
909,0.15448200702667236,0.06039878726005554,0.06552635133266449,0.02855687588453293,1.0,1.0,1.0,2400
910,0.1523357331752777,0.05982799455523491,0.06685609370470047,0.025651652365922928,1.0,1.0,1.0,2400
911,0.15307259559631348,0.06230582669377327,0.06772484630346298,0.023041915148496628,1.0,1.0,1.0,2400
912,0.1545790582895279,0.0656074807047844,0.06810212135314941,0.02086944505572319,1.0,1.0,1.0,2400
913,0.1555459350347519,0.06812296062707901,0.06810687482357025,0.019316088408231735,1.0,1.0,1.0,2400
914,0.1557333767414093,0.06934800744056702,0.06789621710777283,0.018489154055714607,1.0,1.0,1.0,2400
915,0.1555914431810379,0.06964388489723206,0.06758291274309158,0.01836465299129486,1.0,1.0,1.0,2400
916,0.15552479028701782,0.06951604038476944,0.06721855700016022,0.01879018358886242,1.0,1.0,1.0,2400
917,0.1554199755191803,0.06910756975412369,0.06678274273872375,0.01952967792749405,1.0,1.0,1.0,2400
918,0.1547188013792038,0.06818879395723343,0.06622989475727081,0.020300105214118958,1.0,1.0,1.0,2400
919,0.15279513597488403,0.06636612862348557,0.06553425639867783,0.02089475467801094,1.0,1.0,1.0,2400
920,0.14937272667884827,0.06340739130973816,0.064799964427948,0.021165378391742706,1.0,1.0,1.0,2400
921,0.14471830427646637,0.05932198092341423,0.06417424976825714,0.0212220698595047,1.0,1.0,1.0,2400
922,0.1395343542098999,0.05458025634288788,0.06391214579343796,0.021041952073574066,1.0,1.0,1.0,2400
923,0.13467484712600708,0.049704886972904205,0.06398648023605347,0.02098347619175911,1.0,1.0,1.0,2400
924,0.1309407353401184,0.045579466968774796,0.0646267756819725,0.020734481513500214,1.0,1.0,1.0,2400
925,0.1291683316230774,0.04310441389679909,0.06515377014875412,0.02091013640165329,1.0,1.0,1.0,2400
926,0.1306389719247818,0.04367861896753311,0.06638062745332718,0.02057972550392151,1.0,1.0,1.0,2400
927,0.14090648293495178,0.053701844066381454,0.06610731780529022,0.02109730988740921,1.0,1.0,1.0,2400
928,0.16165536642074585,0.07342131435871124,0.06774456053972244,0.020489489659667015,1.0,1.0,1.0,2400
929,0.22833354771137238,0.14108367264270782,0.06512043625116348,0.02212943695485592,1.0,1.0,1.0,2400
930,0.1965618133544922,0.10899946838617325,0.0671808123588562,0.020381543785333633,1.0,1.0,1.0,2400
931,0.18506479263305664,0.09970436245203018,0.06384872645139694,0.02151169627904892,1.0,1.0,1.0,2400
932,0.12567554414272308,0.04119440168142319,0.06421549618244171,0.020265646278858185,1.0,1.0,1.0,2400
933,0.1421860009431839,0.0582040399312973,0.06360508501529694,0.02037687599658966,1.0,1.0,1.0,2400
934,0.19774660468101501,0.11421962827444077,0.06104893237352371,0.022478047758340836,1.0,1.0,1.0,2400
935,0.14346134662628174,0.06072353199124336,0.06201835349202156,0.020719453692436218,1.0,1.0,1.0,2400
936,0.122831329703331,0.04071763530373573,0.06101822108030319,0.02109546586871147,1.0,1.0,1.0,2400
937,0.14934569597244263,0.06709354370832443,0.05995168536901474,0.022300468757748604,1.0,1.0,1.0,2400
938,0.14265316724777222,0.060490682721138,0.06111449748277664,0.021047990769147873,1.0,1.0,1.0,2400
939,0.12377282977104187,0.04167593643069267,0.06043509766459465,0.021661799401044846,1.0,1.0,1.0,2400
940,0.1223050206899643,0.04005933925509453,0.06077856570482254,0.021467119455337524,1.0,1.0,1.0,2400
941,0.13391506671905518,0.05134347453713417,0.06199827045202255,0.020573321729898453,1.0,1.0,1.0,2400
942,0.13254912197589874,0.05008490011096001,0.06140981614589691,0.021054401993751526,1.0,1.0,1.0,2400
943,0.11625280231237411,0.033885110169649124,0.06256548315286636,0.019802207127213478,1.0,1.0,1.0,2400
944,0.12249904870986938,0.04005131125450134,0.06337818503379822,0.019069556146860123,1.0,1.0,1.0,2400
945,0.13331259787082672,0.051186855882406235,0.06280054897069931,0.019325193017721176,1.0,1.0,1.0,2400
946,0.11829444766044617,0.03616047278046608,0.0641637071967125,0.017970260232686996,1.0,1.0,1.0,2400
947,0.11341409385204315,0.031646810472011566,0.06421932578086853,0.017547957599163055,1.0,1.0,1.0,2400
948,0.12246628105640411,0.041183698922395706,0.06370434165000916,0.01757824793457985,1.0,1.0,1.0,2400
949,0.11991521716117859,0.03865783289074898,0.06459873169660568,0.016658645123243332,1.0,1.0,1.0,2400
950,0.1123424619436264,0.031823430210351944,0.0638309121131897,0.01668812334537506,1.0,1.0,1.0,2400
951,0.11188474297523499,0.03178233280777931,0.06357059627771378,0.01653180830180645,1.0,1.0,1.0,2400
952,0.1163749098777771,0.03643940016627312,0.06376645714044571,0.01616905815899372,1.0,1.0,1.0,2400
953,0.11568938195705414,0.036399956792593,0.0626615658402443,0.016627859324216843,1.0,1.0,1.0,2400
954,0.10976424068212509,0.030769487842917442,0.06270743906497955,0.016287310048937798,1.0,1.0,1.0,2400
955,0.1107042208313942,0.032029684633016586,0.06241591274738312,0.016258619725704193,1.0,1.0,1.0,2400
956,0.11422738432884216,0.03597056865692139,0.06155487149953842,0.016701942309737206,1.0,1.0,1.0,2400
957,0.11081956326961517,0.032735228538513184,0.06184523552656174,0.01623910292983055,1.0,1.0,1.0,2400
958,0.1077507883310318,0.02998296171426773,0.06141543760895729,0.016352389007806778,1.0,1.0,1.0,2400
959,0.10927645862102509,0.03172476589679718,0.06110769137740135,0.016443999484181404,1.0,1.0,1.0,2400
960,0.1099490374326706,0.03243468701839447,0.061500973999500275,0.01601337641477585,1.0,1.0,1.0,2400
961,0.10762295126914978,0.030391918495297432,0.061090223491191864,0.016140811145305634,1.0,1.0,1.0,2400
962,0.10594656318426132,0.028849368914961815,0.061242349445819855,0.015854841098189354,1.0,1.0,1.0,2400
963,0.10704047232866287,0.03002268448472023,0.06148330867290497,0.015534484758973122,1.0,1.0,1.0,2400
964,0.10725869238376617,0.030551852658391,0.06109669432044029,0.015610141679644585,1.0,1.0,1.0,2400
965,0.10505126416683197,0.028436705470085144,0.06140192225575447,0.015212643891572952,1.0,1.0,1.0,2400
966,0.1043168231844902,0.02793038636445999,0.06129703298211098,0.015089397318661213,1.0,1.0,1.0,2400
967,0.10516040027141571,0.029097283259034157,0.06093623861670494,0.015126880258321762,1.0,1.0,1.0,2400
968,0.10454089194536209,0.02860490418970585,0.061089884489774704,0.01484610140323639,1.0,1.0,1.0,2400
969,0.10308891534805298,0.027556108310818672,0.06063040718436241,0.014902394264936447,1.0,1.0,1.0,2400
970,0.10278855264186859,0.027580760419368744,0.06032891944050789,0.014878865331411362,1.0,1.0,1.0,2400
971,0.10311595350503922,0.0281370859593153,0.06022520363330841,0.014753660187125206,1.0,1.0,1.0,2400
972,0.10251603275537491,0.027979113161563873,0.05963301658630371,0.014903901144862175,1.0,1.0,1.0,2400
973,0.10145103931427002,0.02717472054064274,0.05946109816431999,0.014815215021371841,1.0,1.0,1.0,2400
974,0.10131455957889557,0.02732306718826294,0.05920318514108658,0.014788307249546051,1.0,1.0,1.0,2400
975,0.10141418874263763,0.02779051475226879,0.058736253529787064,0.01488742046058178,1.0,1.0,1.0,2400
976,0.10069293528795242,0.0272696390748024,0.05870682746171951,0.014716465957462788,1.0,1.0,1.0,2400
977,0.09996125102043152,0.02684018202126026,0.058424144983291626,0.014696922153234482,1.0,1.0,1.0,2400
978,0.0998515710234642,0.026995914056897163,0.05820765346288681,0.014648007228970528,1.0,1.0,1.0,2400
979,0.09968432039022446,0.02697892114520073,0.05826275795698166,0.01444264780730009,1.0,1.0,1.0,2400
980,0.09905514866113663,0.026615887880325317,0.05802776291966438,0.014411501586437225,1.0,1.0,1.0,2400
981,0.0984959825873375,0.02622176893055439,0.05802678316831589,0.014247432351112366,1.0,1.0,1.0,2400
982,0.09833437204360962,0.026208408176898956,0.05804753303527832,0.014078432694077492,1.0,1.0,1.0,2400
983,0.0980924591422081,0.026207519695162773,0.05785425007343292,0.014030687510967255,1.0,1.0,1.0,2400
984,0.09752636402845383,0.025771331042051315,0.05791838839650154,0.013836642727255821,1.0,1.0,1.0,2400
985,0.0970718115568161,0.025524862110614777,0.057800307869911194,0.013746640644967556,1.0,1.0,1.0,2400
986,0.09686996042728424,0.02555147558450699,0.057630136609077454,0.013688350096344948,1.0,1.0,1.0,2400
987,0.09657768160104752,0.025415534153580666,0.05761733278632164,0.013544810935854912,1.0,1.0,1.0,2400
988,0.09610182046890259,0.025214405730366707,0.05736009404063225,0.013527321629226208,1.0,1.0,1.0,2400
989,0.09569822251796722,0.02503800392150879,0.057211268693208694,0.01344894990324974,1.0,1.0,1.0,2400
990,0.09545779973268509,0.02502395585179329,0.05706949159502983,0.01336435042321682,1.0,1.0,1.0,2400
991,0.09516995400190353,0.025038471445441246,0.05677192658185959,0.01335955411195755,1.0,1.0,1.0,2400
992,0.09475082904100418,0.02484012208878994,0.0566527396440506,0.013257964514195919,1.0,1.0,1.0,2400
993,0.09437785297632217,0.02473369427025318,0.05643010884523392,0.013214054517447948,1.0,1.0,1.0,2400
994,0.0941157341003418,0.02473462000489235,0.05620564520359039,0.013175476342439651,1.0,1.0,1.0,2400
995,0.09382838010787964,0.024648157879710197,0.05610949173569679,0.013070734217762947,1.0,1.0,1.0,2400
996,0.0934586301445961,0.02453548274934292,0.05588382109999657,0.013039330020546913,1.0,1.0,1.0,2400
997,0.09310586750507355,0.024384699761867523,0.055767908692359924,0.012953261844813824,1.0,1.0,1.0,2400
998,0.09282837808132172,0.024297481402754784,0.05566349998116493,0.012867397628724575,1.0,1.0,1.0,2400
999,0.09254913032054901,0.02423764392733574,0.055483367294073105,0.012828119099140167,1.0,1.0,1.0,2400
1000,0.0922127217054367,0.024058574810624123,0.05542641505599022,0.012727728113532066,1.0,1.0,1.0,2400
1001,0.09187822043895721,0.023917408660054207,0.055283863097429276,0.012676946818828583,1.0,1.0,1.0,2400
1002,0.09159445017576218,0.023819483816623688,0.055152226239442825,0.012622739188373089,1.0,1.0,1.0,2400
1003,0.09132200479507446,0.023707212880253792,0.05507337674498558,0.012541411444544792,1.0,1.0,1.0,2400
1004,0.0910167321562767,0.02361258678138256,0.05489252880215645,0.012511617504060268,1.0,1.0,1.0,2400
1005,0.09070254117250443,0.023476414382457733,0.054782357066869736,0.012443775311112404,1.0,1.0,1.0,2400
1006,0.09041982889175415,0.023389441892504692,0.05463816225528717,0.012392220087349415,1.0,1.0,1.0,2400
1007,0.09015514701604843,0.02334223873913288,0.0544525645673275,0.012360339984297752,1.0,1.0,1.0,2400
1008,0.089873768389225,0.023246921598911285,0.054334454238414764,0.012292391620576382,1.0,1.0,1.0,2400
1009,0.08958059549331665,0.02317710965871811,0.05414373800158501,0.012259753420948982,1.0,1.0,1.0,2400
1010,0.08930381387472153,0.02310713194310665,0.05398806929588318,0.012208611704409122,1.0,1.0,1.0,2400
1011,0.08904571086168289,0.023047231137752533,0.05384911969304085,0.012149354442954063,1.0,1.0,1.0,2400
1012,0.08878405392169952,0.023005148395895958,0.05366405099630356,0.012114853598177433,1.0,1.0,1.0,2400
1013,0.08851191401481628,0.022917430847883224,0.053545307368040085,0.012049173936247826,1.0,1.0,1.0,2400
1014,0.08824573457241058,0.022848548367619514,0.05339394509792328,0.012003243900835514,1.0,1.0,1.0,2400
1015,0.08799462765455246,0.0227863360196352,0.05325279384851456,0.011955501511693,1.0,1.0,1.0,2400
1016,0.08774793148040771,0.02270650863647461,0.053149960935115814,0.011891462840139866,1.0,1.0,1.0,2400
1017,0.0874953344464302,0.02263917401432991,0.05300527811050415,0.01185088511556387,1.0,1.0,1.0,2400
1018,0.08724269270896912,0.022546827793121338,0.05290626361966133,0.011789603158831596,1.0,1.0,1.0,2400
1019,0.0869998186826706,0.022468507289886475,0.05279494449496269,0.011736363172531128,1.0,1.0,1.0,2400
1020,0.08676508814096451,0.02240271121263504,0.052672162652015686,0.011690212413668633,1.0,1.0,1.0,2400
1021,0.08653006702661514,0.022317886352539062,0.05258464068174362,0.011627537198364735,1.0,1.0,1.0,2400
1022,0.08629349619150162,0.02225048467516899,0.05245952680706978,0.011583486571907997,1.0,1.0,1.0,2400
1023,0.08606163412332535,0.022176021710038185,0.05235777795314789,0.011527836322784424,1.0,1.0,1.0,2400
1024,0.08583766967058182,0.022111140191555023,0.05225329101085663,0.011473235674202442,1.0,1.0,1.0,2400
1025,0.08561751246452332,0.02206108160316944,0.052128031849861145,0.011428400874137878,1.0,1.0,1.0,2400
1026,0.0853973776102066,0.021995894610881805,0.05203172564506531,0.011369758285582066,1.0,1.0,1.0,2400
1027,0.08517885208129883,0.021946171298623085,0.051907747983932495,0.011324930936098099,1.0,1.0,1.0,2400
1028,0.08496569842100143,0.021894235163927078,0.051796555519104004,0.011274908669292927,1.0,1.0,1.0,2400
1029,0.08475813269615173,0.021843671798706055,0.05169107764959335,0.011223383247852325,1.0,1.0,1.0,2400
1030,0.08455317467451096,0.02180369757115841,0.05156778171658516,0.011181694455444813,1.0,1.0,1.0,2400
1031,0.08434940874576569,0.021749533712863922,0.051470737904310226,0.01112914178520441,1.0,1.0,1.0,2400
1032,0.08414854854345322,0.02170497365295887,0.05135755240917206,0.011086026206612587,1.0,1.0,1.0,2400
1033,0.08395243436098099,0.02165801078081131,0.05125417187809944,0.011040246114134789,1.0,1.0,1.0,2400
1034,0.08376051485538483,0.021607764065265656,0.05116114020347595,0.010991609655320644,1.0,1.0,1.0,2400
1035,0.08357105404138565,0.021565111353993416,0.05105500668287277,0.010950936004519463,1.0,1.0,1.0,2400
1036,0.08338357508182526,0.021511061117053032,0.050970904529094696,0.010901611298322678,1.0,1.0,1.0,2400
1037,0.08319923281669617,0.021464545279741287,0.05087602138519287,0.010858671739697456,1.0,1.0,1.0,2400
1038,0.08301898092031479,0.021417494863271713,0.050787463784217834,0.010814020410180092,1.0,1.0,1.0,2400
1039,0.08284228295087814,0.02136850170791149,0.05070706084370613,0.010766719467937946,1.0,1.0,1.0,2400
1040,0.08266818523406982,0.021327629685401917,0.050614625215530396,0.010725928470492363,1.0,1.0,1.0,2400
1041,0.08249642699956894,0.021279729902744293,0.050537604838609695,0.010679086670279503,1.0,1.0,1.0,2400
1042,0.08232767134904861,0.021239623427391052,0.050450198352336884,0.010637849569320679,1.0,1.0,1.0,2400
1043,0.08216246962547302,0.02120029926300049,0.050366248935461044,0.010595915839076042,1.0,1.0,1.0,2400
1044,0.08200047165155411,0.02116074413061142,0.050286971032619476,0.010552754625678062,1.0,1.0,1.0,2400
1045,0.08184109628200531,0.0211283341050148,0.050197940319776535,0.010514825582504272,1.0,1.0,1.0,2400
1046,0.08168424665927887,0.021090680733323097,0.05012107267975807,0.0104724932461977,1.0,1.0,1.0,2400
1047,0.08153015375137329,0.021059170365333557,0.05003618448972702,0.010434795171022415,1.0,1.0,1.0,2400
1048,0.08137911558151245,0.021026670932769775,0.04995649680495262,0.01039594504982233,1.0,1.0,1.0,2400
1049,0.08123107254505157,0.020993651822209358,0.04988100379705429,0.010356422513723373,1.0,1.0,1.0,2400
1050,0.0810856893658638,0.02096475288271904,0.04980086535215378,0.010320072993636131,1.0,1.0,1.0,2400
1051,0.08094276487827301,0.020930668339133263,0.049732282757759094,0.010279815644025803,1.0,1.0,1.0,2400
1052,0.08080235123634338,0.020900970324873924,0.04965842142701149,0.010242961347103119,1.0,1.0,1.0,2400
1053,0.08066469430923462,0.02086883783340454,0.04959174245595932,0.010204114019870758,1.0,1.0,1.0,2400
1054,0.08052971214056015,0.020837023854255676,0.04952734708786011,0.010165341198444366,1.0,1.0,1.0,2400
1055,0.08039730787277222,0.02080785483121872,0.04946105554699898,0.010128391906619072,1.0,1.0,1.0,2400
1056,0.08026733249425888,0.0207754448056221,0.04940296709537506,0.010088922455906868,1.0,1.0,1.0,2400
1057,0.08013968169689178,0.020747650414705276,0.04933939129114151,0.010052638128399849,1.0,1.0,1.0,2400
1058,0.0800144299864769,0.02071785368025303,0.04928199574351311,0.010014576837420464,1.0,1.0,1.0,2400
1059,0.0798916444182396,0.02069057710468769,0.049223143607378006,0.009977920912206173,1.0,1.0,1.0,2400
1060,0.07977128028869629,0.020665233954787254,0.04916376993060112,0.009942274540662766,1.0,1.0,1.0,2400
1061,0.07965317368507385,0.020638860762119293,0.04910869523882866,0.00990561954677105,1.0,1.0,1.0,2400
1062,0.0795372724533081,0.020616622641682625,0.04904898628592491,0.00987166352570057,1.0,1.0,1.0,2400
1063,0.07942356169223785,0.020592356100678444,0.04899510741233826,0.009836096316576004,1.0,1.0,1.0,2400
1064,0.07931201905012131,0.020571088418364525,0.04893850162625313,0.009802430868148804,1.0,1.0,1.0,2400
1065,0.07920264452695847,0.020549653097987175,0.048884473741054535,0.009768513962626457,1.0,1.0,1.0,2400
1066,0.07909542322158813,0.020528186112642288,0.04883274435997009,0.00973450019955635,1.0,1.0,1.0,2400
1067,0.07899028062820435,0.020508794113993645,0.04877958819270134,0.00970190204679966,1.0,1.0,1.0,2400
1068,0.07888711243867874,0.020487278699874878,0.04873184487223625,0.009667983278632164,1.0,1.0,1.0,2400
1069,0.07878588140010834,0.02046831324696541,0.04868169128894806,0.009635881520807743,1.0,1.0,1.0,2400
1070,0.07868661731481552,0.020447779446840286,0.04863598570227623,0.009602854959666729,1.0,1.0,1.0,2400
1071,0.07858928292989731,0.02042846754193306,0.04859009385108948,0.00957072526216507,1.0,1.0,1.0,2400
1072,0.07849384099245071,0.020409660413861275,0.04854516312479973,0.009539015591144562,1.0,1.0,1.0,2400
1073,0.07840020954608917,0.02039029262959957,0.04850287735462189,0.009507039561867714,1.0,1.0,1.0,2400
1074,0.07830838859081268,0.020373070612549782,0.0484587661921978,0.009476546198129654,1.0,1.0,1.0,2400
1075,0.07821829617023468,0.020354602485895157,0.0484183244407177,0.009445369243621826,1.0,1.0,1.0,2400
1076,0.07812993973493576,0.020338378846645355,0.048375871032476425,0.009415692649781704,1.0,1.0,1.0,2400
1077,0.07804325968027115,0.020321661606431007,0.04833582788705826,0.009385769255459309,1.0,1.0,1.0,2400
1078,0.07795822620391846,0.020305953919887543,0.04829570651054382,0.009356562048196793,1.0,1.0,1.0,2400
1079,0.0778748169541359,0.020291052758693695,0.04825584217905998,0.009327925741672516,1.0,1.0,1.0,2400
1080,0.07779301702976227,0.0202757827937603,0.048218078911304474,0.009299162775278091,1.0,1.0,1.0,2400
1081,0.07771274447441101,0.020262105390429497,0.04817913845181465,0.009271502494812012,1.0,1.0,1.0,2400
1082,0.07763395458459854,0.02024739980697632,0.04814320057630539,0.009243352338671684,1.0,1.0,1.0,2400
1083,0.07755666971206665,0.02023421600461006,0.04810617119073868,0.009216277860105038,1.0,1.0,1.0,2400
1084,0.07748080044984818,0.02022033929824829,0.048071518540382385,0.009188942611217499,1.0,1.0,1.0,2400
1085,0.07740635424852371,0.020207209512591362,0.04803694412112236,0.00916220247745514,1.0,1.0,1.0,2400
1086,0.07733329385519028,0.0201942790299654,0.04800327122211456,0.009135742671787739,1.0,1.0,1.0,2400
1087,0.07726157456636429,0.020181208848953247,0.04797099530696869,0.009109368547797203,1.0,1.0,1.0,2400
1088,0.07719115912914276,0.020169124007225037,0.047938309609889984,0.00908372551202774,1.0,1.0,1.0,2400
1089,0.07712201774120331,0.02015642635524273,0.04790769889950752,0.009057896211743355,1.0,1.0,1.0,2400
1090,0.07705416530370712,0.020144982263445854,0.04787624627351761,0.009032933972775936,1.0,1.0,1.0,2400
1091,0.07698749750852585,0.0201330054551363,0.04784666374325752,0.009007824584841728,1.0,1.0,1.0,2400
1092,0.07692202925682068,0.020121980458498,0.047816645354032516,0.00898340530693531,1.0,1.0,1.0,2400
1093,0.07685771584510803,0.020110905170440674,0.04778771474957466,0.00895910058170557,1.0,1.0,1.0,2400
1094,0.0767945647239685,0.020100224763154984,0.047759175300598145,0.008935166522860527,1.0,1.0,1.0,2400
1095,0.07673252373933792,0.0200900137424469,0.04773085564374924,0.00891165155917406,1.0,1.0,1.0,2400
1096,0.0766715332865715,0.020079651847481728,0.047703661024570465,0.008888223208487034,1.0,1.0,1.0,2400
1097,0.07661160826683044,0.020070111379027367,0.04767607897520065,0.008865417912602425,1.0,1.0,1.0,2400
1098,0.07655271887779236,0.02006017416715622,0.047649987041950226,0.008842559531331062,1.0,1.0,1.0,2400
1099,0.07649480551481247,0.020051082596182823,0.047623369842767715,0.00882035680115223,1.0,1.0,1.0,2400
1100,0.07643789052963257,0.020041625946760178,0.047598131000995636,0.008798135444521904,1.0,1.0,1.0,2400
1101,0.10238061100244522,0.04603155329823494,0.04757257550954819,0.008776480332016945,1.0,1.0,1.0,2800
1102,0.09761445224285126,0.039459239691495895,0.04993297904729843,0.008222240954637527,1.0,1.0,1.0,2800
1103,0.09334752708673477,0.03164202347397804,0.05427272990345955,0.007432772312313318,1.0,1.0,1.0,2800
1104,0.09286359697580338,0.026698395609855652,0.05945495888590813,0.006710235960781574,1.0,1.0,1.0,2800
1105,0.09498675167560577,0.024868560954928398,0.06390757858753204,0.006210606545209885,1.0,1.0,1.0,2800
1106,0.09676436334848404,0.024466097354888916,0.06629424542188644,0.006004021968692541,1.0,1.0,1.0,2800
1107,0.09629681706428528,0.024037230759859085,0.06615200638771057,0.0061075808480381966,1.0,1.0,1.0,2800
1108,0.09395159780979156,0.023423384875059128,0.06403177976608276,0.0064964331686496735,1.0,1.0,1.0,2800
1109,0.09186205267906189,0.02386893332004547,0.060889050364494324,0.007104067597538233,1.0,1.0,1.0,2800
1110,0.09168656170368195,0.026097645983099937,0.05777760222554207,0.007811318151652813,1.0,1.0,1.0,2800
1111,0.09287950396537781,0.028978247195482254,0.05545569211244583,0.008445562794804573,1.0,1.0,1.0,2800
1112,0.09358784556388855,0.030485382303595543,0.05425194278359413,0.008850526064634323,1.0,1.0,1.0,2800
1113,0.09283394366502762,0.029622536152601242,0.05426926538348198,0.008942142128944397,1.0,1.0,1.0,2800
1114,0.09130948036909103,0.027141224592924118,0.055395688861608505,0.008772567845880985,1.0,1.0,1.0,2800
1115,0.09030849486589432,0.0244915671646595,0.0573338121175766,0.008483118377625942,1.0,1.0,1.0,2800
1116,0.09039504826068878,0.02260648086667061,0.05957076698541641,0.00821780040860176,1.0,1.0,1.0,2800
1117,0.09107740968465805,0.021619437262415886,0.0613756962120533,0.008082279935479164,1.0,1.0,1.0,2800
1118,0.09143227338790894,0.021164923906326294,0.06216563284397125,0.00810171663761139,1.0,1.0,1.0,2800
1119,0.09099754691123962,0.020985689014196396,0.061749111860990524,0.008262742310762405,1.0,1.0,1.0,2800
1120,0.09015394747257233,0.02120927907526493,0.060402076691389084,0.008542588911950588,1.0,1.0,1.0,2800
1121,0.08962413668632507,0.021990010514855385,0.05874449014663696,0.008889641612768173,1.0,1.0,1.0,2800
1122,0.08969064056873322,0.023112569004297256,0.05734638869762421,0.009231683798134327,1.0,1.0,1.0,2800
1123,0.09001362323760986,0.02395138330757618,0.0565851666033268,0.009477071464061737,1.0,1.0,1.0,2800
1124,0.09010247886180878,0.02394706942141056,0.056594617664813995,0.009560790844261646,1.0,1.0,1.0,2800
1125,0.08980894088745117,0.02302861586213112,0.05729387328028679,0.009486455470323563,1.0,1.0,1.0,2800
1126,0.08938191086053848,0.021589981392025948,0.058491356670856476,0.00930057279765606,1.0,1.0,1.0,2800
1127,0.08915732800960541,0.020205089822411537,0.059868425130844116,0.009083816781640053,1.0,1.0,1.0,2800
1128,0.08922936022281647,0.019252445548772812,0.06106659770011902,0.00891030952334404,1.0,1.0,1.0,2800
1129,0.0893910676240921,0.018767649307847023,0.06179838255047798,0.008825037628412247,1.0,1.0,1.0,2800
1130,0.08938057720661163,0.018633775413036346,0.061894357204437256,0.008852447383105755,1.0,1.0,1.0,2800
1131,0.08915645629167557,0.018778258934617043,0.061395540833473206,0.008982658386230469,1.0,1.0,1.0,2800
1132,0.08890089392662048,0.019223298877477646,0.060490697622299194,0.009186896495521069,1.0,1.0,1.0,2800
1133,0.08879313617944717,0.019919609650969505,0.0594535768032074,0.009419946931302547,1.0,1.0,1.0,2800
1134,0.08883990347385406,0.020643135532736778,0.05857456102967262,0.009622208774089813,1.0,1.0,1.0,2800
1135,0.0889083743095398,0.021108297631144524,0.0580504946410656,0.009749580174684525,1.0,1.0,1.0,2800
1136,0.08887303620576859,0.0211167074739933,0.05798259750008583,0.00977372843772173,1.0,1.0,1.0,2800
1137,0.08872594684362411,0.020677372813224792,0.05834989249706268,0.00969867967069149,1.0,1.0,1.0,2800
1138,0.0885666087269783,0.019987421110272408,0.05901963636279106,0.009559547528624535,1.0,1.0,1.0,2800
1139,0.08849155902862549,0.019292930141091347,0.059798743575811386,0.009399885311722755,1.0,1.0,1.0,2800
1140,0.08849841356277466,0.01877385750412941,0.0604567788541317,0.00926777720451355,1.0,1.0,1.0,2800
1141,0.08850441873073578,0.01849149540066719,0.060819461941719055,0.009193465113639832,1.0,1.0,1.0,2800
1142,0.0884467288851738,0.018441149964928627,0.06081697344779968,0.009188610129058361,1.0,1.0,1.0,2800
1143,0.08834120631217957,0.018601568415760994,0.06049058958888054,0.00924904365092516,1.0,1.0,1.0,2800
1144,0.08824725449085236,0.018915995955467224,0.05998136103153229,0.009349900297820568,1.0,1.0,1.0,2800
1145,0.08820025622844696,0.019291801378130913,0.059447236359119415,0.009461216628551483,1.0,1.0,1.0,2800
1146,0.08818452060222626,0.019604848697781563,0.05902807042002678,0.00955160055309534,1.0,1.0,1.0,2800
1147,0.0881577581167221,0.019748780876398087,0.058809686452150345,0.009599287062883377,1.0,1.0,1.0,2800
1148,0.08809453994035721,0.019688105210661888,0.058805812150239944,0.009600626304745674,1.0,1.0,1.0,2800
1149,0.08800968527793884,0.019466280937194824,0.058980878442525864,0.009562520310282707,1.0,1.0,1.0,2800
1150,0.08793924003839493,0.019185392186045647,0.05924922972917557,0.009504618123173714,1.0,1.0,1.0,2800
1151,0.08790065348148346,0.018941860646009445,0.05951084941625595,0.009447943419218063,1.0,1.0,1.0,2800
1152,0.08787677437067032,0.01878955587744713,0.05967801436781883,0.009409205056726933,1.0,1.0,1.0,2800
1153,0.08784011006355286,0.018749024718999863,0.05969083681702614,0.009400248527526855,1.0,1.0,1.0,2800
1154,0.08778250217437744,0.018815848976373672,0.059545908123254776,0.009420743212103844,1.0,1.0,1.0,2800
1155,0.08771791309118271,0.018971936777234077,0.05928193777799606,0.009464039467275143,1.0,1.0,1.0,2800
1156,0.08766374737024307,0.019174346700310707,0.05897323042154312,0.009516170248389244,1.0,1.0,1.0,2800
1157,0.08762429654598236,0.01935984566807747,0.058704596012830734,0.00955985113978386,1.0,1.0,1.0,2800
1158,0.08758941292762756,0.01946854032576084,0.0585387647151947,0.009582108817994595,1.0,1.0,1.0,2800
1159,0.08754654973745346,0.01946275308728218,0.05850944295525551,0.009574353694915771,1.0,1.0,1.0,2800
1160,0.08749380707740784,0.019349899142980576,0.058604784309864044,0.009539131075143814,1.0,1.0,1.0,2800
1161,0.0874408483505249,0.019174987450242043,0.05877886340022087,0.009486997500061989,1.0,1.0,1.0,2800
1162,0.0873965248465538,0.01899712160229683,0.05896691232919693,0.009432489052414894,1.0,1.0,1.0,2800
1163,0.08735930919647217,0.018867842853069305,0.05910041928291321,0.00939104612916708,1.0,1.0,1.0,2800
1164,0.08732090890407562,0.01881362684071064,0.059135932475328445,0.009371349588036537,1.0,1.0,1.0,2800
1165,0.08727629482746124,0.01884002611041069,0.059059999883174896,0.009376272559165955,1.0,1.0,1.0,2800
1166,0.08722783625125885,0.018932301551103592,0.05889423191547394,0.009401310235261917,1.0,1.0,1.0,2800
1167,0.08718134462833405,0.019060026854276657,0.05868466570973396,0.009436649270355701,1.0,1.0,1.0,2800
1168,0.0871400311589241,0.01918680965900421,0.05848122760653496,0.009471990168094635,1.0,1.0,1.0,2800
1169,0.08710189908742905,0.019275952130556107,0.058328691869974136,0.009497255086898804,1.0,1.0,1.0,2800
1170,0.0870622768998146,0.019304431974887848,0.058250535279512405,0.009507305920124054,1.0,1.0,1.0,2800
1171,0.08701907843351364,0.019268697127699852,0.05824887007474899,0.009501509368419647,1.0,1.0,1.0,2800
1172,0.08697451651096344,0.019184673205018044,0.05830652266740799,0.009483319707214832,1.0,1.0,1.0,2800
1173,0.08693217486143112,0.0190812386572361,0.058390919119119644,0.009460016153752804,1.0,1.0,1.0,2800
1174,0.08689256012439728,0.018985971808433533,0.058468047529459,0.009438542649149895,1.0,1.0,1.0,2800
1175,0.08685352653265,0.018920646980404854,0.05850733444094658,0.009425543248653412,1.0,1.0,1.0,2800
1176,0.08681298047304153,0.01889580301940441,0.05849278345704079,0.009424393996596336,1.0,1.0,1.0,2800
1177,0.08677098155021667,0.018910303711891174,0.0584258958697319,0.009434780105948448,1.0,1.0,1.0,2800
1178,0.08672922104597092,0.018953075632452965,0.058322515338659286,0.00945362914353609,1.0,1.0,1.0,2800
1179,0.08668898046016693,0.019004274159669876,0.05820982903242111,0.009474875405430794,1.0,1.0,1.0,2800
1180,0.08664999902248383,0.019043412059545517,0.0581137090921402,0.009492876939475536,1.0,1.0,1.0,2800
1181,0.08661080151796341,0.01905447617173195,0.058053165674209595,0.009503165259957314,1.0,1.0,1.0,2800
1182,0.08657050877809525,0.01903214119374752,0.05803409963846207,0.009504267014563084,1.0,1.0,1.0,2800
1183,0.0865296944975853,0.018983513116836548,0.05804792791604996,0.009498254396021366,1.0,1.0,1.0,2800
1184,0.08648957312107086,0.01892293430864811,0.05807773396372795,0.009488899260759354,1.0,1.0,1.0,2800
1185,0.0864504799246788,0.01886730268597603,0.05810200423002243,0.009481172077357769,1.0,1.0,1.0,2800
1186,0.08641175925731659,0.0188288576900959,0.05810435116291046,0.009478551335632801,1.0,1.0,1.0,2800
1187,0.08637268096208572,0.01881306804716587,0.05807695910334587,0.009482650086283684,1.0,1.0,1.0,2800
1188,0.08633311837911606,0.01881798543035984,0.05802226439118385,0.009492868557572365,1.0,1.0,1.0,2800
1189,0.08629357069730759,0.018835298717021942,0.05795179307460785,0.009506478905677795,1.0,1.0,1.0,2800
1190,0.0862545296549797,0.01885426975786686,0.05787990242242813,0.009520357474684715,1.0,1.0,1.0,2800
1191,0.08621599525213242,0.018863918259739876,0.057820841670036316,0.009531237185001373,1.0,1.0,1.0,2800
1192,0.0861775279045105,0.018857013434171677,0.05778338760137558,0.00953712873160839,1.0,1.0,1.0,2800
1193,0.0861387848854065,0.01883176900446415,0.05776945874094963,0.009537558071315289,1.0,1.0,1.0,2800
1194,0.08609993755817413,0.018791992217302322,0.05777455121278763,0.009533390402793884,1.0,1.0,1.0,2800
1195,0.08606133610010147,0.01874593272805214,0.05778849869966507,0.00952689815312624,1.0,1.0,1.0,2800
1196,0.08602311462163925,0.018702661618590355,0.05779996141791344,0.009520495310425758,1.0,1.0,1.0,2800
1197,0.08598507195711136,0.018670033663511276,0.05779847875237465,0.009516561403870583,1.0,1.0,1.0,2800
1198,0.0859469547867775,0.01865221932530403,0.057778313755989075,0.009516425430774689,1.0,1.0,1.0,2800
1199,0.08590875566005707,0.018648935481905937,0.05773971229791641,0.00952010229229927,1.0,1.0,1.0,2800
1200,0.08587059378623962,0.018655885010957718,0.057688213884830475,0.009526490233838558,1.0,1.0,1.0,2800
1201,0.08583265542984009,0.018665794283151627,0.0576334111392498,0.00953344814479351,1.0,1.0,1.0,2800
1202,0.08579495549201965,0.018671398982405663,0.05758458003401756,0.009538978338241577,1.0,1.0,1.0,2800
1203,0.08575733006000519,0.018667109310626984,0.057548753917217255,0.009541468694806099,1.0,1.0,1.0,2800
1204,0.08571967482566833,0.018651198595762253,0.057527974247932434,0.009540494531393051,1.0,1.0,1.0,2800
1205,0.08568201214075089,0.01862587034702301,0.05751938372850418,0.009536760859191418,1.0,1.0,1.0,2800
1206,0.08564449101686478,0.018595950677990913,0.057516902685165405,0.009531638585031033,1.0,1.0,1.0,2800
1207,0.08560711145401001,0.018567267805337906,0.05751293897628784,0.009526909328997135,1.0,1.0,1.0,2800
1208,0.08556987345218658,0.01854424551129341,0.05750183016061783,0.009523794986307621,1.0,1.0,1.0,2800
1209,0.08553264290094376,0.018529154360294342,0.057480521500110626,0.009522969834506512,1.0,1.0,1.0,2800
1210,0.08549542725086212,0.01852147839963436,0.05744972825050354,0.00952422060072422,1.0,1.0,1.0,2800
1211,0.08545827865600586,0.0185185968875885,0.057412952184677124,0.009526733309030533,1.0,1.0,1.0,2800
1212,0.08542127907276154,0.01851692423224449,0.05737488344311714,0.0095294751226902,1.0,1.0,1.0,2800
1213,0.08538438379764557,0.018512824550271034,0.05734021216630936,0.009531352669000626,1.0,1.0,1.0,2800
1214,0.08534751832485199,0.018504058942198753,0.05731168016791344,0.009531784802675247,1.0,1.0,1.0,2800
1215,0.08531073480844498,0.01849001832306385,0.057290177792310715,0.009530535899102688,1.0,1.0,1.0,2800
1216,0.08527397364377975,0.01847197860479355,0.0572739914059639,0.009528005495667458,1.0,1.0,1.0,2800
1217,0.0852372795343399,0.018452387303113937,0.05726005882024765,0.00952483806759119,1.0,1.0,1.0,2800
1218,0.0852007046341896,0.018434111028909683,0.05724472552537918,0.009521867148578167,1.0,1.0,1.0,2800
1219,0.08516420423984528,0.018419461324810982,0.057224929332733154,0.009519818238914013,1.0,1.0,1.0,2800
1220,0.08512774854898453,0.01840932108461857,0.057199474424123764,0.009518949314951897,1.0,1.0,1.0,2800
1221,0.08509135991334915,0.01840335503220558,0.057168759405612946,0.009519241750240326,1.0,1.0,1.0,2800
1222,0.08505503088235855,0.018399609252810478,0.057135336101055145,0.009520086459815502,1.0,1.0,1.0,2800
1223,0.08501874655485153,0.01839573122560978,0.05710217356681824,0.009520845487713814,1.0,1.0,1.0,2800
1224,0.08498255908489227,0.01838948205113411,0.05707225203514099,0.00952083244919777,1.0,1.0,1.0,2800
1225,0.08494645357131958,0.01837967522442341,0.057047076523303986,0.009519699960947037,1.0,1.0,1.0,2800
1226,0.08491037786006927,0.018366405740380287,0.057026490569114685,0.00951748713850975,1.0,1.0,1.0,2800
1227,0.08487435430288315,0.018350867554545403,0.05700894445180893,0.009514538571238518,1.0,1.0,1.0,2800
1228,0.08483840525150299,0.018335076048970222,0.056991856545209885,0.009511467069387436,1.0,1.0,1.0,2800
1229,0.0848025381565094,0.01832079328596592,0.05697298422455788,0.009508760645985603,1.0,1.0,1.0,2800
1230,0.08476672321557999,0.018309252336621284,0.056950680911540985,0.009506789967417717,1.0,1.0,1.0,2800
1231,0.08473096042871475,0.018300682306289673,0.05692467838525772,0.009505602531135082,1.0,1.0,1.0,2800
1232,0.0846952348947525,0.018294407054781914,0.05689584091305733,0.009504985995590687,1.0,1.0,1.0,2800
1233,0.08465960621833801,0.018289269879460335,0.05686572194099426,0.009504617191851139,1.0,1.0,1.0,2800
1234,0.08462400734424591,0.01828381046652794,0.05683615058660507,0.009504050016403198,1.0,1.0,1.0,2800
1235,0.08458849042654037,0.018276967108249664,0.05680849403142929,0.009503032080829144,1.0,1.0,1.0,2800
1236,0.08455301821231842,0.018268167972564697,0.05678349733352661,0.00950135663151741,1.0,1.0,1.0,2800
1237,0.08451761305332184,0.018257582560181618,0.056760914623737335,0.009499121457338333,1.0,1.0,1.0,2800
1238,0.08448226749897003,0.018245872110128403,0.05673991143703461,0.009496478363871574,1.0,1.0,1.0,2800
1239,0.08444695174694061,0.018234089016914368,0.0567191019654274,0.009493759833276272,1.0,1.0,1.0,2800
1240,0.08441169559955597,0.01822313666343689,0.05669733136892319,0.009491229429841042,1.0,1.0,1.0,2800
1241,0.08437652885913849,0.018213659524917603,0.05667378008365631,0.009489091113209724,1.0,1.0,1.0,2800
1242,0.0843413844704628,0.01820571906864643,0.05664828047156334,0.00948738306760788,1.0,1.0,1.0,2800
1243,0.08430628478527069,0.018198827281594276,0.0566214993596077,0.009485958144068718,1.0,1.0,1.0,2800
1244,0.08427126705646515,0.018192313611507416,0.05659431964159012,0.00948463287204504,1.0,1.0,1.0,2800
1245,0.08423630148172379,0.018185289576649666,0.05656787380576134,0.009483136236667633,1.0,1.0,1.0,2800
1246,0.0842013880610466,0.018177291378378868,0.056542765349149704,0.009481335058808327,1.0,1.0,1.0,2800
1247,0.084166519343853,0.018168188631534576,0.056519150733947754,0.009479180909693241,1.0,1.0,1.0,2800
1248,0.08413171768188477,0.018158290535211563,0.05649664252996445,0.009476779028773308,1.0,1.0,1.0,2800
1249,0.08409694582223892,0.018148165196180344,0.0564744770526886,0.009474297985434532,1.0,1.0,1.0,2800
1250,0.08406223356723785,0.018138447776436806,0.05645186826586723,0.009471919387578964,1.0,1.0,1.0,2800
1251,0.08402760326862335,0.018129564821720123,0.056428272277116776,0.009469760581851006,1.0,1.0,1.0,2800
1252,0.08399298787117004,0.018121611326932907,0.056403517723083496,0.009467851370573044,1.0,1.0,1.0,2800
1253,0.08395841717720032,0.01811438426375389,0.05637791380286217,0.009466122835874557,1.0,1.0,1.0,2800
1254,0.08392391353845596,0.018107503652572632,0.056351952254772186,0.009464459493756294,1.0,1.0,1.0,2800
1255,0.08388946205377579,0.01810048706829548,0.056326255202293396,0.009462719783186913,1.0,1.0,1.0,2800
1256,0.08385506272315979,0.01809295080602169,0.05630131810903549,0.009460793808102608,1.0,1.0,1.0,2800
1257,0.08382070064544678,0.018084760755300522,0.05627728998661041,0.009458648040890694,1.0,1.0,1.0,2800
1258,0.08378641307353973,0.01807594671845436,0.05625419691205025,0.009456273168325424,1.0,1.0,1.0,2800
1259,0.08375215530395508,0.01806678995490074,0.05623158812522888,0.009453775361180305,1.0,1.0,1.0,2800
1260,0.083717942237854,0.01805764250457287,0.05620907247066498,0.009451228193938732,1.0,1.0,1.0,2800
1261,0.0836837887763977,0.018048888072371483,0.05618612468242645,0.009448771364986897,1.0,1.0,1.0,2800
1262,0.08364968001842499,0.018040692433714867,0.05616255849599838,0.009446428157389164,1.0,1.0,1.0,2800
1263,0.08361560106277466,0.01803310588002205,0.05613824352622032,0.009444254450500011,1.0,1.0,1.0,2800
1264,0.0835815891623497,0.018025929108262062,0.056113503873348236,0.009442156180739403,1.0,1.0,1.0,2800
1265,0.08354764431715012,0.01801891252398491,0.0560886412858963,0.009440086781978607,1.0,1.0,1.0,2800
1266,0.08351370692253113,0.01801168918609619,0.05606409162282944,0.009437928907573223,1.0,1.0,1.0,2800
1267,0.08347983658313751,0.01800411380827427,0.05604007840156555,0.009435644373297691,1.0,1.0,1.0,2800
1268,0.08344602584838867,0.017996151000261307,0.056016646325588226,0.009433221071958542,1.0,1.0,1.0,2800
1269,0.08341225981712341,0.01798793487250805,0.05599363148212433,0.009430689737200737,1.0,1.0,1.0,2800
1270,0.08337850868701935,0.017979638651013374,0.05597073212265968,0.009428133256733418,1.0,1.0,1.0,2800
1271,0.08334482461214066,0.01797148957848549,0.05594775825738907,0.00942557118833065,1.0,1.0,1.0,2800
1272,0.08331117779016495,0.01796364225447178,0.0559244304895401,0.009423105046153069,1.0,1.0,1.0,2800
1273,0.08327759802341461,0.01795610785484314,0.055900804698467255,0.009420681744813919,1.0,1.0,1.0,2800
1274,0.08324405550956726,0.017948860302567482,0.055876851081848145,0.009418342262506485,1.0,1.0,1.0,2800
1275,0.0832105353474617,0.017941642552614212,0.05585292726755142,0.009415961802005768,1.0,1.0,1.0,2800
1276,0.08317708969116211,0.017934467643499374,0.05582902953028679,0.009413594380021095,1.0,1.0,1.0,2800
1277,0.0831436738371849,0.01792704127728939,0.05580553039908409,0.009411106817424297,1.0,1.0,1.0,2800
1278,0.08311030268669128,0.01791948452591896,0.055782221257686615,0.009408589452505112,1.0,1.0,1.0,2800
1279,0.08307698369026184,0.01791173778474331,0.055759284645318985,0.009405966848134995,1.0,1.0,1.0,2800
1280,0.08304369449615479,0.017903974279761314,0.055736370384693146,0.009403346106410027,1.0,1.0,1.0,2800
1281,0.0830104723572731,0.017896268516778946,0.05571349710226059,0.009400704875588417,1.0,1.0,1.0,2800
1282,0.0829772800207138,0.01788875088095665,0.055690426379442215,0.009398102760314941,1.0,1.0,1.0,2800
1283,0.0829441249370575,0.017881445586681366,0.05566712096333504,0.009395556524395943,1.0,1.0,1.0,2800
1284,0.08291102200746536,0.01787431910634041,0.05564367026090622,0.009393027052283287,1.0,1.0,1.0,2800
1285,0.08287793397903442,0.017867326736450195,0.05562005564570427,0.009390550665557384,1.0,1.0,1.0,2800
1286,0.08284492790699005,0.017860276624560356,0.05559665337204933,0.009388003498315811,1.0,1.0,1.0,2800
1287,0.08281196653842926,0.01785322092473507,0.05557326227426529,0.009385485202074051,1.0,1.0,1.0,2800
1288,0.08277902007102966,0.017845947295427322,0.05555024370551109,0.009382832795381546,1.0,1.0,1.0,2800
1289,0.08274613320827484,0.017838653177022934,0.055527254939079285,0.009380217641592026,1.0,1.0,1.0,2800
1290,0.08271327614784241,0.01783120632171631,0.05550459399819374,0.009377477690577507,1.0,1.0,1.0,2800
1291,0.08268047124147415,0.017823906615376472,0.05548173189163208,0.009374832734465599,1.0,1.0,1.0,2800
1292,0.08264769613742828,0.017816606909036636,0.05545899271965027,0.009372102096676826,1.0,1.0,1.0,2800
1293,0.08261498808860779,0.017809586599469185,0.05543588846921921,0.00936951208859682,1.0,1.0,1.0,2800
1294,0.08258230984210968,0.017802540212869644,0.05541296303272247,0.009366810321807861,1.0,1.0,1.0,2800
1295,0.08254965394735336,0.017795752733945847,0.0553896389901638,0.009364260360598564,1.0,1.0,1.0,2800
1296,0.08251705020666122,0.017788777127861977,0.055366743355989456,0.009361529722809792,1.0,1.0,1.0,2800
1297,0.08248448371887207,0.017782019451260567,0.055343493819236755,0.009358972311019897,1.0,1.0,1.0,2800
1298,0.0824519693851471,0.01777494326233864,0.0553208664059639,0.00935615599155426,1.0,1.0,1.0,2800
1299,0.08241947740316391,0.017768122255802155,0.05529777705669403,0.009353579953312874,1.0,1.0,1.0,2800
1300,0.0823870450258255,0.017760923132300377,0.055275462567806244,0.00935065932571888,1.0,1.0,1.0,2800
1301,0.08235464990139008,0.017754198983311653,0.055252332240343094,0.009348117746412754,1.0,1.0,1.0,2800
1302,0.08232228457927704,0.017746983096003532,0.05523019656538963,0.00934511050581932,1.0,1.0,1.0,2800
1303,0.08228995651006699,0.0177405197173357,0.055206745862960815,0.009342691861093044,1.0,1.0,1.0,2800
1304,0.0822576954960823,0.01773332990705967,0.05518478900194168,0.009339578449726105,1.0,1.0,1.0,2800
1305,0.08222544938325882,0.01772719994187355,0.05516091361641884,0.009337334893643856,1.0,1.0,1.0,2800
1306,0.08219324797391891,0.017719851806759834,0.05513938516378403,0.009334013797342777,1.0,1.0,1.0,2800
1307,0.08216112107038498,0.017714064568281174,0.05511502921581268,0.0093320207670331,1.0,1.0,1.0,2800
1308,0.08212901651859283,0.017706306651234627,0.05509437993168831,0.0093283262103796,1.0,1.0,1.0,2800
1309,0.08209697157144547,0.017701007425785065,0.05506923794746399,0.009326727129518986,1.0,1.0,1.0,2800
1310,0.08206500858068466,0.017692603170871735,0.05504997819662094,0.009322425350546837,1.0,1.0,1.0,2800
1311,0.08203314989805222,0.017688291147351265,0.05502329021692276,0.00932156853377819,1.0,1.0,1.0,2800
1312,0.08200141042470932,0.017678996548056602,0.05500613525509834,0.009316281415522099,1.0,1.0,1.0,2800
1313,0.08196992427110672,0.017676612362265587,0.05497655272483826,0.009316755458712578,1.0,1.0,1.0,2800
1314,0.08193879574537277,0.017665928229689598,0.0549631305038929,0.009309737011790276,1.0,1.0,1.0,2800
1315,0.08190827071666718,0.017667246982455254,0.054928459227085114,0.009312566369771957,1.0,1.0,1.0,2800
1316,0.08187884092330933,0.017654620110988617,0.05492179095745087,0.009302429854869843,1.0,1.0,1.0,2800
1317,0.08185143023729324,0.01766383647918701,0.054878078401088715,0.009309517219662666,1.0,1.0,1.0,2800
1318,0.08182750642299652,0.017650021240115166,0.05488378182053566,0.009293708950281143,1.0,1.0,1.0,2800
1319,0.08181043714284897,0.01767837069928646,0.05482335388660431,0.0093087088316679,1.0,1.0,1.0,2800
1320,0.08180518448352814,0.017670821398496628,0.05485186353325844,0.009282495826482773,1.0,1.0,1.0,2800
1321,0.08182467520236969,0.01775215193629265,0.0547599196434021,0.009312601760029793,1.0,1.0,1.0,2800
1322,0.08188506215810776,0.01778678223490715,0.05483109503984451,0.009267186746001244,1.0,1.0,1.0,2800
1323,0.0820392444729805,0.018033640459179878,0.05467858910560608,0.009327016770839691,1.0,1.0,1.0,2800
1324,0.0823339968919754,0.018257156014442444,0.05483056977391243,0.009246276691555977,1.0,1.0,1.0,2800
1325,0.08300282061100006,0.01907574199140072,0.054559964686632156,0.009367115795612335,1.0,1.0,1.0,2800
1326,0.08411671221256256,0.020029129460453987,0.054864682257175446,0.009222903288900852,1.0,1.0,1.0,2800
1327,0.08677250146865845,0.02293476089835167,0.054361481219530106,0.009476259350776672,1.0,1.0,1.0,2800
1328,0.09035750478506088,0.026191333308815956,0.05494331568479538,0.009222855791449547,1.0,1.0,1.0,2800
1329,0.0999409481883049,0.03616984561085701,0.053997039794921875,0.009774066507816315,1.0,1.0,1.0,2800
1330,0.1067710891366005,0.04244501143693924,0.05500529706478119,0.009320782497525215,1.0,1.0,1.0,2800
1331,0.12962223589420319,0.06583742797374725,0.05338931828737259,0.010395494289696217,1.0,1.0,1.0,2800
1332,0.12066306918859482,0.05641143396496773,0.05475413799285889,0.009497502818703651,1.0,1.0,1.0,2800
1333,0.12686753273010254,0.06341272592544556,0.0529281422495842,0.010526670143008232,1.0,1.0,1.0,2800
1334,0.09806099534034729,0.034460388123989105,0.05408350005745888,0.009517103433609009,1.0,1.0,1.0,2800
1335,0.08392688632011414,0.020797135308384895,0.0533873550593853,0.009742393158376217,1.0,1.0,1.0,2800
1336,0.0822916030883789,0.019003570079803467,0.05364416167140007,0.009643865749239922,1.0,1.0,1.0,2800
1337,0.09110286831855774,0.027275172993540764,0.054404694586992264,0.00942300260066986,1.0,1.0,1.0,2800
1338,0.10428355634212494,0.04068632796406746,0.05356193333864212,0.010035290382802486,1.0,1.0,1.0,2800
1339,0.09849356859922409,0.03445356711745262,0.05463874712586403,0.00940125435590744,1.0,1.0,1.0,2800
1340,0.09181886166334152,0.02851870097219944,0.05348200350999832,0.00981816090643406,1.0,1.0,1.0,2800
1341,0.08245520293712616,0.019206831231713295,0.053765904158353806,0.009482462890446186,1.0,1.0,1.0,2800
1342,0.08230036497116089,0.019232524558901787,0.053562212735414505,0.009505627676844597,1.0,1.0,1.0,2800
1343,0.0888485535979271,0.026034148409962654,0.053012676537036896,0.009801730513572693,1.0,1.0,1.0,2800
1344,0.09128388017416,0.028060175478458405,0.05377895012497902,0.009444750845432281,1.0,1.0,1.0,2800
1345,0.09043413400650024,0.0275908000767231,0.05308225378394127,0.009761076420545578,1.0,1.0,1.0,2800
1346,0.0836113914847374,0.020469093695282936,0.05377164110541344,0.009370652958750725,1.0,1.0,1.0,2800
1347,0.08100606501102448,0.017932461574673653,0.053687650710344315,0.009385950863361359,1.0,1.0,1.0,2800
1348,0.0834926962852478,0.020469333976507187,0.053544629365205765,0.00947873666882515,1.0,1.0,1.0,2800
1349,0.0864138975739479,0.023095883429050446,0.054037731140851974,0.009280284866690636,1.0,1.0,1.0,2800
1350,0.08725810796022415,0.024350661784410477,0.053329482674598694,0.009577966295182705,1.0,1.0,1.0,2800
1351,0.08344057202339172,0.020414704456925392,0.05370233580470085,0.009323527105152607,1.0,1.0,1.0,2800
1352,0.08097592741250992,0.018219610676169395,0.053323499858379364,0.00943281501531601,1.0,1.0,1.0,2800
1353,0.08156600594520569,0.018887942656874657,0.05320119857788086,0.009476860985159874,1.0,1.0,1.0,2800
1354,0.0835619568824768,0.02068242058157921,0.05354367941617966,0.009335856884717941,1.0,1.0,1.0,2800
1355,0.08461405336856842,0.021904395893216133,0.053177401423454285,0.009532254189252853,1.0,1.0,1.0,2800
1356,0.08275546133518219,0.01977391354739666,0.053706515580415726,0.009275035932660103,1.0,1.0,1.0,2800
1357,0.08101057261228561,0.018132314085960388,0.05353862792253494,0.00933962780982256,1.0,1.0,1.0,2800
1358,0.08083624392747879,0.017933614552021027,0.053594574332237244,0.00930805690586567,1.0,1.0,1.0,2800
1359,0.08195240795612335,0.018954157829284668,0.053775276988744736,0.00922296941280365,1.0,1.0,1.0,2800
1360,0.08285295963287354,0.02008257992565632,0.05338166654109955,0.009388718754053116,1.0,1.0,1.0,2800
1361,0.08210945874452591,0.01922927238047123,0.053652457892894745,0.009227728471159935,1.0,1.0,1.0,2800
1362,0.08100003004074097,0.018316185101866722,0.053355906158685684,0.009327944368124008,1.0,1.0,1.0,2800
1363,0.08052175492048264,0.01782124675810337,0.0534195713698864,0.009280935861170292,1.0,1.0,1.0,2800
1364,0.08099715411663055,0.018221279606223106,0.05354883149266243,0.009227043017745018,1.0,1.0,1.0,2800
1365,0.08165609836578369,0.0189590435475111,0.053376950323581696,0.009320100769400597,1.0,1.0,1.0,2800
1366,0.08152128010988235,0.01863778568804264,0.05370339751243591,0.009180099703371525,1.0,1.0,1.0,2800
1367,0.0809255838394165,0.018146643415093422,0.05351419374346733,0.009264744818210602,1.0,1.0,1.0,2800
1368,0.08040658384561539,0.01756465993821621,0.05363805219531059,0.009203875437378883,1.0,1.0,1.0,2800
1369,0.08045722544193268,0.017619358375668526,0.05363801121711731,0.009199859574437141,1.0,1.0,1.0,2800
1370,0.08084049820899963,0.01810055784881115,0.05346551910042763,0.009274421259760857,1.0,1.0,1.0,2800
1371,0.08097633719444275,0.018160764127969742,0.05362071469426155,0.009194856509566307,1.0,1.0,1.0,2800
1372,0.08075693994760513,0.01807471551001072,0.0533924475312233,0.009289780631661415,1.0,1.0,1.0,2800
1373,0.08035770058631897,0.01761774532496929,0.053516075015068054,0.009223882108926773,1.0,1.0,1.0,2800
1374,0.08019526302814484,0.01747075468301773,0.053488630801439285,0.009235876612365246,1.0,1.0,1.0,2800
1375,0.0803258866071701,0.01760880835354328,0.053464263677597046,0.009252812713384628,1.0,1.0,1.0,2800
1376,0.08049774914979935,0.017688745632767677,0.05362611636519432,0.0091828852891922,1.0,1.0,1.0,2800
1377,0.0804988443851471,0.017761731520295143,0.05349341779947281,0.009243696928024292,1.0,1.0,1.0,2800
1378,0.08028432726860046,0.01748364418745041,0.05362952873110771,0.009171155281364918,1.0,1.0,1.0,2800
1379,0.08008177578449249,0.017350755631923676,0.05352745205163956,0.009203569032251835,1.0,1.0,1.0,2800
1380,0.0800335705280304,0.01733219064772129,0.05350233241915703,0.009199041873216629,1.0,1.0,1.0,2800
1381,0.0801151767373085,0.0174140352755785,0.05352931469678879,0.009171828627586365,1.0,1.0,1.0,2800
1382,0.08018770068883896,0.01756473071873188,0.053405702114105225,0.009217267856001854,1.0,1.0,1.0,2800
1383,0.0801347866654396,0.017462115734815598,0.05351719260215759,0.009155476465821266,1.0,1.0,1.0,2800
1384,0.08000452071428299,0.017386293038725853,0.05342962592840195,0.009188598021864891,1.0,1.0,1.0,2800
1385,0.07988917827606201,0.01724202372133732,0.053494762629270554,0.009152388200163841,1.0,1.0,1.0,2800
1386,0.07986071705818176,0.01721542701125145,0.05350185185670853,0.009143444709479809,1.0,1.0,1.0,2800
1387,0.07989496737718582,0.01728506200015545,0.05344952642917633,0.009160377085208893,1.0,1.0,1.0,2800
1388,0.07991436868906021,0.017282862216234207,0.05350920557975769,0.009122307412326336,1.0,1.0,1.0,2800
1389,0.07987724244594574,0.01732073724269867,0.05339427664875984,0.009162236005067825,1.0,1.0,1.0,2800
1390,0.07979173958301544,0.017229484394192696,0.0534331314265728,0.009129118174314499,1.0,1.0,1.0,2800
1391,0.07971572130918503,0.017205972224473953,0.05336160585284233,0.009148145094513893,1.0,1.0,1.0,2800
1392,0.07968296855688095,0.017195893451571465,0.053341977298259735,0.009145097807049751,1.0,1.0,1.0,2800
1393,0.07968510687351227,0.01719961315393448,0.053357794880867004,0.009127702564001083,1.0,1.0,1.0,2800
1394,0.07968689501285553,0.01724407821893692,0.05329388007521629,0.009148940443992615,1.0,1.0,1.0,2800
1395,0.07965835928916931,0.017194809392094612,0.05334973335266113,0.009113822132349014,1.0,1.0,1.0,2800
1396,0.07960476726293564,0.017186973243951797,0.053283050656318665,0.009134744293987751,1.0,1.0,1.0,2800
1397,0.07954764366149902,0.017131280153989792,0.05330317094922066,0.009113190695643425,1.0,1.0,1.0,2800
1398,0.07950951904058456,0.01712583191692829,0.05326785892248154,0.009115828201174736,1.0,1.0,1.0,2800
1399,0.07949258387088776,0.017147310078144073,0.05322383716702461,0.009121430106461048,1.0,1.0,1.0,2800
1400,0.0794818103313446,0.017149988561868668,0.05322727560997009,0.009104548022150993,1.0,1.0,1.0,2800
1401,0.07946126908063889,0.01718294620513916,0.0531543530523777,0.0091239707544446,1.0,1.0,1.0,2800
1402,0.0794246569275856,0.01714819297194481,0.05317627638578415,0.009100189432501793,1.0,1.0,1.0,2800
1403,0.07938100397586823,0.01714405044913292,0.05312497168779373,0.009111984632909298,1.0,1.0,1.0,2800
1404,0.07934177666902542,0.01711331494152546,0.053130246698856354,0.009098219685256481,1.0,1.0,1.0,2800
1405,0.07931353151798248,0.017103763297200203,0.053116247057914734,0.009093521162867546,1.0,1.0,1.0,2800
1406,0.07929330319166183,0.017113663256168365,0.05308225750923157,0.009097382426261902,1.0,1.0,1.0,2800
1407,0.07927291840314865,0.01710383966565132,0.05308722332119942,0.009081857278943062,1.0,1.0,1.0,2800
1408,0.07924633473157883,0.017123688012361526,0.05302710831165314,0.009095543995499611,1.0,1.0,1.0,2800
1409,0.07921276241540909,0.017104098573327065,0.05302887037396431,0.009079793468117714,1.0,1.0,1.0,2800
1410,0.07917704433202744,0.01711004413664341,0.05297840014100075,0.009088598191738129,1.0,1.0,1.0,2800
1411,0.07914423197507858,0.017098013311624527,0.052965812385082245,0.009080405347049236,1.0,1.0,1.0,2800
1412,0.07911659777164459,0.01709393411874771,0.05294644460082054,0.009076225571334362,1.0,1.0,1.0,2800
1413,0.07909245043992996,0.017098160460591316,0.052916936576366425,0.00907735526561737,1.0,1.0,1.0,2800
1414,0.07906819880008698,0.01708502322435379,0.05291972681879997,0.00906345434486866,1.0,1.0,1.0,2800
1415,0.07904113829135895,0.017092818394303322,0.05287868157029152,0.009069638326764107,1.0,1.0,1.0,2800
1416,0.07901085168123245,0.01707521639764309,0.05288051813840866,0.009055115282535553,1.0,1.0,1.0,2800
1417,0.0789792537689209,0.01707915961742401,0.05284064635634422,0.009059440344572067,1.0,1.0,1.0,2800
1418,0.07894858717918396,0.01707066036760807,0.05282658338546753,0.009051349014043808,1.0,1.0,1.0,2800
1419,0.0789201557636261,0.017070837318897247,0.05280035361647606,0.009048971347510815,1.0,1.0,1.0,2800
1420,0.07889364659786224,0.017074059695005417,0.05277126282453537,0.009048331528902054,1.0,1.0,1.0,2800
1421,0.07886770367622375,0.017066769301891327,0.05276178941130638,0.009039151482284069,1.0,1.0,1.0,2800
1422,0.07884092628955841,0.017071358859539032,0.05272727459669113,0.009042290039360523,1.0,1.0,1.0,2800
1423,0.07881269603967667,0.017056699842214584,0.05272534862160683,0.009030645713210106,1.0,1.0,1.0,2800
1424,0.07878343760967255,0.017056964337825775,0.052693240344524384,0.009033231995999813,1.0,1.0,1.0,2800
1425,0.07875397801399231,0.017044739797711372,0.05268450081348419,0.009024737402796745,1.0,1.0,1.0,2800
1426,0.0787251740694046,0.017042865976691246,0.0526580810546875,0.009024221450090408,1.0,1.0,1.0,2800
1427,0.07869730144739151,0.01704002171754837,0.05263572558760643,0.009021559730172157,1.0,1.0,1.0,2800
1428,0.07867018133401871,0.017035942524671555,0.052617136389017105,0.009017102420330048,1.0,1.0,1.0,2800
1429,0.07864321768283844,0.017038272693753242,0.05258641391992569,0.009018531069159508,1.0,1.0,1.0,2800
1430,0.07861591130495071,0.01702921837568283,0.05257571488618851,0.009010976180434227,1.0,1.0,1.0,2800
1431,0.07858806103467941,0.01702962815761566,0.0525454506278038,0.009012984111905098,1.0,1.0,1.0,2800
1432,0.07855973392724991,0.017017651349306107,0.05253709852695465,0.00900498777627945,1.0,1.0,1.0,2800
1433,0.07853126525878906,0.017014775425195694,0.05251124128699303,0.009005250409245491,1.0,1.0,1.0,2800
1434,0.07850299030542374,0.017005814239382744,0.052497461438179016,0.008999711833894253,1.0,1.0,1.0,2800
1435,0.07847507297992706,0.017001492902636528,0.05247608944773674,0.008997494354844093,1.0,1.0,1.0,2800
1436,0.07844749838113785,0.016998039558529854,0.05245412513613701,0.008995333686470985,1.0,1.0,1.0,2800
1437,0.07842009514570236,0.016992181539535522,0.05243720859289169,0.008990705013275146,1.0,1.0,1.0,2800
1438,0.07839269191026688,0.016991442069411278,0.0524105578660965,0.008990687318146229,1.0,1.0,1.0,2800
1439,0.07836513966321945,0.016983209177851677,0.05239744111895561,0.008984492160379887,1.0,1.0,1.0,2800
1440,0.0783374011516571,0.01698162592947483,0.05237102136015892,0.00898475106805563,1.0,1.0,1.0,2800
1441,0.07830953598022461,0.016972120851278305,0.05235894024372101,0.008978469297289848,1.0,1.0,1.0,2800
1442,0.07828158140182495,0.016968615353107452,0.05233525484800339,0.00897771306335926,1.0,1.0,1.0,2800
1443,0.07825368642807007,0.01696046069264412,0.05232046917080879,0.008972756564617157,1.0,1.0,1.0,2800
1444,0.07822591066360474,0.016955779865384102,0.05229957774281502,0.008970553055405617,1.0,1.0,1.0,2800
1445,0.07819823920726776,0.016950609162449837,0.05228007584810257,0.008967556990683079,1.0,1.0,1.0,2800
1446,0.07817069441080093,0.01694515533745289,0.05226154625415802,0.008963994681835175,1.0,1.0,1.0,2800
1447,0.07814318686723709,0.016942163929343224,0.052238475531339645,0.008962547406554222,1.0,1.0,1.0,2800
1448,0.07811565697193146,0.016935430467128754,0.0522223524749279,0.00895787961781025,1.0,1.0,1.0,2800
1449,0.07808811217546463,0.016932591795921326,0.05219857394695282,0.008956944569945335,1.0,1.0,1.0,2800
1450,0.07806049287319183,0.016924599185585976,0.05218420550227165,0.008951687254011631,1.0,1.0,1.0,2800
1451,0.07803282141685486,0.016920961439609528,0.052161384373903275,0.008950475603342056,1.0,1.0,1.0,2800
1452,0.07800512760877609,0.01691310852766037,0.0521465428173542,0.008945471607148647,1.0,1.0,1.0,2800
1453,0.07797747105360031,0.016909120604395866,0.05212461203336716,0.00894373469054699,1.0,1.0,1.0,2800
1454,0.07794979214668274,0.016902776435017586,0.052107349038124084,0.008939672261476517,1.0,1.0,1.0,2800
1455,0.07792220264673233,0.016898540779948235,0.05208637937903404,0.008937282487750053,1.0,1.0,1.0,2800
1456,0.07789459824562073,0.016893599182367325,0.05206680670380592,0.008934193290770054,1.0,1.0,1.0,2800
1457,0.0778670459985733,0.016888447105884552,0.05204763263463974,0.008930967189371586,1.0,1.0,1.0,2800
1458,0.07783950865268707,0.016884004697203636,0.052026987075805664,0.008928518742322922,1.0,1.0,1.0,2800
1459,0.07781199365854263,0.01687769964337349,0.05200974643230438,0.008924553170800209,1.0,1.0,1.0,2800
1460,0.0777844786643982,0.016873423010110855,0.05198855325579643,0.008922506123781204,1.0,1.0,1.0,2800
1461,0.07775693386793137,0.016866609454154968,0.05197212100028992,0.008918204344809055,1.0,1.0,1.0,2800
1462,0.07772941142320633,0.01686270907521248,0.051950275897979736,0.008916428312659264,1.0,1.0,1.0,2800
1463,0.0777018815279007,0.01685616560280323,0.05193353444337845,0.008912181481719017,1.0,1.0,1.0,2800
1464,0.07767431437969208,0.016852548345923424,0.05191130191087723,0.008910464122891426,1.0,1.0,1.0,2800
1465,0.07764676213264465,0.016846388578414917,0.05189395323395729,0.008906424045562744,1.0,1.0,1.0,2800
1466,0.07761923223733902,0.016842596232891083,0.051872123032808304,0.008904509246349335,1.0,1.0,1.0,2800
1467,0.077591672539711,0.016836605966091156,0.051854394376277924,0.00890066847205162,1.0,1.0,1.0,2800
1468,0.07756415009498596,0.01683228835463524,0.05183348432183266,0.008898376487195492,1.0,1.0,1.0,2800
1469,0.07753662019968033,0.01682642288506031,0.0518154576420784,0.008894740603864193,1.0,1.0,1.0,2800
1470,0.0775090754032135,0.01682163029909134,0.05179537832736969,0.008892066776752472,1.0,1.0,1.0,2800
1471,0.07748156785964966,0.0168161578476429,0.0517767108976841,0.008888695389032364,1.0,1.0,1.0,2800
1472,0.07745406776666641,0.016811298206448555,0.05175698921084404,0.008885776624083519,1.0,1.0,1.0,2800
1473,0.07742654532194138,0.01680637337267399,0.0517374724149704,0.008882703259587288,1.0,1.0,1.0,2800
1474,0.07739904522895813,0.0168014969676733,0.051717955619096756,0.00887959823012352,1.0,1.0,1.0,2800
1475,0.07737156003713608,0.016796916723251343,0.05169791355729103,0.008876735344529152,1.0,1.0,1.0,2800
1476,0.07734404504299164,0.016791757196187973,0.051678888499736786,0.008873406797647476,1.0,1.0,1.0,2800
1477,0.07731655240058899,0.016787145286798477,0.05165878310799599,0.00887062307447195,1.0,1.0,1.0,2800
1478,0.07728906720876694,0.016781669110059738,0.051640305668115616,0.008867094293236732,1.0,1.0,1.0,2800
1479,0.07726157456636429,0.01677711121737957,0.05162005126476288,0.008864413015544415,1.0,1.0,1.0,2800
1480,0.07723409682512283,0.016771549358963966,0.051601774990558624,0.008860774338245392,1.0,1.0,1.0,2800
1481,0.07720661163330078,0.016767283901572227,0.05158107355237007,0.008858253248035908,1.0,1.0,1.0,2800
1482,0.07717909663915634,0.016761746257543564,0.05156280845403671,0.008854545652866364,1.0,1.0,1.0,2800
1483,0.07715163379907608,0.01675776205956936,0.05154169723391533,0.008852179162204266,1.0,1.0,1.0,2800
1484,0.07712414115667343,0.016752103343605995,0.05152370035648346,0.008848337456583977,1.0,1.0,1.0,2800
1485,0.07709666341543198,0.016748204827308655,0.05150236561894417,0.008846096694469452,1.0,1.0,1.0,2800
1486,0.07706921547651291,0.0167422816157341,0.051484882831573486,0.008842049166560173,1.0,1.0,1.0,2800
1487,0.07704172283411026,0.01673850044608116,0.051463253796100616,0.00883997231721878,1.0,1.0,1.0,2800
1488,0.0770142674446106,0.016732273623347282,0.051446333527565,0.00883566215634346,1.0,1.0,1.0,2800
1489,0.07698681950569153,0.016728833317756653,0.051424115896224976,0.008833866566419601,1.0,1.0,1.0,2800
1490,0.07695937156677246,0.016722314059734344,0.0514078363776207,0.008829224854707718,1.0,1.0,1.0,2800
1491,0.07693194597959518,0.016719449311494827,0.051384638994932175,0.008827854879200459,1.0,1.0,1.0,2800
1492,0.07690458744764328,0.01671251840889454,0.05136934667825699,0.008822724223136902,1.0,1.0,1.0,2800
1493,0.07687723636627197,0.016710426658391953,0.05134483426809311,0.008821975439786911,1.0,1.0,1.0,2800
1494,0.07684995234012604,0.01670272834599018,0.05133115500211716,0.00881606712937355,1.0,1.0,1.0,2800
1495,0.07682279497385025,0.016701798886060715,0.05130475386977196,0.008816242218017578,1.0,1.0,1.0,2800
1496,0.07679576426744461,0.0166929941624403,0.05129362270236015,0.008809147402644157,1.0,1.0,1.0,2800
1497,0.07676900923252106,0.01669400744140148,0.05126425251364708,0.008810753002762794,1.0,1.0,1.0,2800
1498,0.07674259692430496,0.01668383739888668,0.05125690624117851,0.008801855146884918,1.0,1.0,1.0,2800
1499,0.07671681046485901,0.016688328236341476,0.05122273787856102,0.008805746212601662,1.0,1.0,1.0,2800
1500,0.07669191807508469,0.0166766420006752,0.05122123286128044,0.008794045075774193,1.0,1.0,1.0,2800
