epoch,total,loss_f,loss_ic,loss_bc,lambda_f,lambda_ic,lambda_bc,n_f
1,1.4682408571243286,0.5900489687919617,0.14120881259441376,0.736983060836792,1.0,1.0,1.0,2000
2,1.1723711490631104,0.2112617790699005,0.14115704596042633,0.8199522495269775,1.0,1.0,1.0,2000
3,1.245835304260254,0.14276202023029327,0.1509920209646225,0.9520813226699829,1.0,1.0,1.0,2000
4,1.1935263872146606,0.05580664798617363,0.14599211513996124,0.9917276501655579,1.0,1.0,1.0,2000
5,1.1282070875167847,0.007321565877646208,0.1393318772315979,0.9815536141395569,1.0,1.0,1.0,2000
6,1.1168221235275269,0.03875793144106865,0.13421940803527832,0.943844735622406,1.0,1.0,1.0,2000
7,1.1052597761154175,0.0849262997508049,0.12845471501350403,0.8918787240982056,1.0,1.0,1.0,2000
8,1.0871076583862305,0.12237335741519928,0.12233465164899826,0.8423997163772583,1.0,1.0,1.0,2000
9,1.084416151046753,0.15551744401454926,0.11793788522481918,0.8109607696533203,1.0,1.0,1.0,2000
10,1.092743992805481,0.17241176962852478,0.11606821417808533,0.8042640089988708,1.0,1.0,1.0,2000
11,1.0918591022491455,0.1580388993024826,0.11579170823097229,0.818028450012207,1.0,1.0,1.0,2000
12,1.0747523307800293,0.1153821274638176,0.11597906798124313,0.8433911800384521,1.0,1.0,1.0,2000
13,1.0554394721984863,0.06667321175336838,0.11632197350263596,0.8724442720413208,1.0,1.0,1.0,2000
14,1.0517858266830444,0.0365583710372448,0.11697809398174286,0.8982493281364441,1.0,1.0,1.0,2000
15,1.0623559951782227,0.03082239255309105,0.11780352145433426,0.9137300848960876,1.0,1.0,1.0,2000
16,1.067861557006836,0.03556664660573006,0.11822855472564697,0.9140663743019104,1.0,1.0,1.0,2000
17,1.0570183992385864,0.039355479180812836,0.11788512766361237,0.8997778296470642,1.0,1.0,1.0,2000
18,1.0379503965377808,0.04515952244400978,0.11699824780225754,0.8757926225662231,1.0,1.0,1.0,2000
19,1.0256414413452148,0.06088833510875702,0.11611500382423401,0.8486380577087402,1.0,1.0,1.0,2000
20,1.0254179239273071,0.08556987345218658,0.11563114821910858,0.824216902256012,1.0,1.0,1.0,2000
21,1.0292636156082153,0.10720480978488922,0.11558875441551208,0.8064700961112976,1.0,1.0,1.0,2000
22,1.0269808769226074,0.11400120705366135,0.11587532609701157,0.7971043586730957,1.0,1.0,1.0,2000
23,1.0171384811401367,0.10447058081626892,0.11648942530155182,0.7961785197257996,1.0,1.0,1.0,2000
24,1.006232738494873,0.08622878789901733,0.11751338094472885,0.8024905323982239,1.0,1.0,1.0,2000
25,1.0004647970199585,0.06820788234472275,0.11888612806797028,0.8133708238601685,1.0,1.0,1.0,2000
26,0.9997586011886597,0.05476243421435356,0.12029518932104111,0.8247010111808777,1.0,1.0,1.0,2000
27,0.9993668794631958,0.04610154405236244,0.12133286148309708,0.8319324851036072,1.0,1.0,1.0,2000
28,0.995890200138092,0.04246016591787338,0.12174152582883835,0.8316885232925415,1.0,1.0,1.0,2000
29,0.9900227785110474,0.04575185477733612,0.12148337066173553,0.8227875232696533,1.0,1.0,1.0,2000
30,0.9842731356620789,0.057257115840911865,0.12064217776060104,0.8063738346099854,1.0,1.0,1.0,2000
31,0.9802492260932922,0.07527072727680206,0.11936533451080322,0.7856131792068481,1.0,1.0,1.0,2000
32,0.9781064987182617,0.09515704959630966,0.11790496110916138,0.7650444507598877,1.0,1.0,1.0,2000
33,0.9767377972602844,0.11076770722866058,0.11660680174827576,0.7493633031845093,1.0,1.0,1.0,2000
34,0.974242627620697,0.11667250841856003,0.11576338112354279,0.7418067455291748,1.0,1.0,1.0,2000
35,0.96977299451828,0.1114225909113884,0.11546026915311813,0.7428901195526123,1.0,1.0,1.0,2000
36,0.9651016592979431,0.09936895221471786,0.11555544286966324,0.750177264213562,1.0,1.0,1.0,2000
37,0.9628308415412903,0.08810629695653915,0.11574581265449524,0.7589787244796753,1.0,1.0,1.0,2000
38,0.96263587474823,0.08323689550161362,0.11564823240041733,0.7637507319450378,1.0,1.0,1.0,2000
39,0.961365818977356,0.08603408932685852,0.11494996398687363,0.7603817582130432,1.0,1.0,1.0,2000
40,0.9579603672027588,0.09592811018228531,0.11360938847064972,0.7484228610992432,1.0,1.0,1.0,2000
41,0.9550599455833435,0.11180105805397034,0.11190705001354218,0.7313518524169922,1.0,1.0,1.0,2000
42,0.9544551372528076,0.12941624224185944,0.11028434336185455,0.7147545218467712,1.0,1.0,1.0,2000
43,0.9543992280960083,0.14160452783107758,0.10912108421325684,0.7036736011505127,1.0,1.0,1.0,2000
44,0.9529260396957397,0.14393019676208496,0.10858673602342606,0.7004091143608093,1.0,1.0,1.0,2000
45,0.9507896900177002,0.1384773701429367,0.10858620703220367,0.7037261128425598,1.0,1.0,1.0,2000
46,0.9495260119438171,0.1311601847410202,0.10879790782928467,0.7095679044723511,1.0,1.0,1.0,2000
47,0.9489297866821289,0.12701934576034546,0.1088440790772438,0.7130663394927979,1.0,1.0,1.0,2000
48,0.948027491569519,0.1284131109714508,0.10851448774337769,0.7110999226570129,1.0,1.0,1.0,2000
49,0.94669109582901,0.13510161638259888,0.10784947872161865,0.7037400007247925,1.0,1.0,1.0,2000
50,0.9452595710754395,0.14441941678524017,0.10706619918346405,0.6937739849090576,1.0,1.0,1.0,2000
51,0.9439994096755981,0.15259809792041779,0.10644213855266571,0.6849591732025146,1.0,1.0,1.0,2000
52,0.9430367946624756,0.15680044889450073,0.10617583990097046,0.6800605058670044,1.0,1.0,1.0,2000
53,0.9420715570449829,0.15622660517692566,0.10626280307769775,0.6795821189880371,1.0,1.0,1.0,2000
54,0.9407004117965698,0.15232329070568085,0.10651866346597672,0.6818584203720093,1.0,1.0,1.0,2000
55,0.9392427802085876,0.14816194772720337,0.10674012452363968,0.6843407154083252,1.0,1.0,1.0,2000
56,0.9382777214050293,0.14646227657794952,0.10681068152189255,0.6850047707557678,1.0,1.0,1.0,2000
57,0.9374761581420898,0.14764659106731415,0.10669656842947006,0.6831330060958862,1.0,1.0,1.0,2000
58,0.9362351894378662,0.15034878253936768,0.10644480586051941,0.6794416308403015,1.0,1.0,1.0,2000
59,0.9349209070205688,0.1531762033700943,0.10617784410715103,0.6755668520927429,1.0,1.0,1.0,2000
60,0.9340851306915283,0.15500034391880035,0.10600809752941132,0.6730766892433167,1.0,1.0,1.0,2000
61,0.9333487749099731,0.15477529168128967,0.10595105588436127,0.6726224422454834,1.0,1.0,1.0,2000
62,0.9322482943534851,0.15249890089035034,0.1059495061635971,0.6737998723983765,1.0,1.0,1.0,2000
63,0.9311642050743103,0.14965437352657318,0.10593980550765991,0.675570011138916,1.0,1.0,1.0,2000
64,0.93045973777771,0.14782199263572693,0.1058613583445549,0.6767764091491699,1.0,1.0,1.0,2000
65,0.9297595620155334,0.14743271470069885,0.10566215217113495,0.6766647100448608,1.0,1.0,1.0,2000
66,0.9288157224655151,0.14816045761108398,0.105347640812397,0.6753076314926147,1.0,1.0,1.0,2000
67,0.927991509437561,0.14945565164089203,0.10499227792024612,0.6735435724258423,1.0,1.0,1.0,2000
68,0.9274299740791321,0.15037688612937927,0.10467687249183655,0.6723762154579163,1.0,1.0,1.0,2000
69,0.9267964363098145,0.1500300019979477,0.10443548113107681,0.6723309755325317,1.0,1.0,1.0,2000
70,0.9260285496711731,0.1485745906829834,0.10425721108913422,0.6731967329978943,1.0,1.0,1.0,2000
71,0.925410270690918,0.14712421596050262,0.10409858822822571,0.6741874814033508,1.0,1.0,1.0,2000
72,0.9249250292778015,0.1466040313243866,0.10389910638332367,0.6744219064712524,1.0,1.0,1.0,2000
73,0.9243322014808655,0.14717607200145721,0.10362865030765533,0.6735274791717529,1.0,1.0,1.0,2000
74,0.9236955642700195,0.14845432341098785,0.1033245176076889,0.6719167232513428,1.0,1.0,1.0,2000
75,0.9231857061386108,0.14969943463802338,0.10305934399366379,0.6704269647598267,1.0,1.0,1.0,2000
76,0.9226917624473572,0.15017712116241455,0.10287600010633469,0.6696386337280273,1.0,1.0,1.0,2000
77,0.9220950603485107,0.14985662698745728,0.10276249796152115,0.6694759726524353,1.0,1.0,1.0,2000
78,0.9215162396430969,0.14949765801429749,0.10267110913991928,0.6693474650382996,1.0,1.0,1.0,2000
79,0.921016275882721,0.1498214453458786,0.10255134850740433,0.6686434745788574,1.0,1.0,1.0,2000
80,0.9204795360565186,0.15087468922138214,0.10238592326641083,0.6672189235687256,1.0,1.0,1.0,2000
81,0.9198957681655884,0.1522141546010971,0.10220525413751602,0.6654763221740723,1.0,1.0,1.0,2000
82,0.9193662405014038,0.15335384011268616,0.10205287486314774,0.6639595031738281,1.0,1.0,1.0,2000
83,0.9188674688339233,0.1540682464838028,0.1019366905093193,0.6628625392913818,1.0,1.0,1.0,2000
84,0.9183248281478882,0.1545485258102417,0.10182608664035797,0.6619502305984497,1.0,1.0,1.0,2000
85,0.9177870750427246,0.15520258247852325,0.10168946534395218,0.6608949899673462,1.0,1.0,1.0,2000
86,0.9173001646995544,0.15617743134498596,0.10151995718479156,0.6596027612686157,1.0,1.0,1.0,2000
87,0.9168052673339844,0.15724803507328033,0.10133130848407745,0.6582258939743042,1.0,1.0,1.0,2000
88,0.9162891507148743,0.15821650624275208,0.10113849490880966,0.6569341421127319,1.0,1.0,1.0,2000
89,0.9158079028129578,0.15913768112659454,0.1009405106306076,0.6557297110557556,1.0,1.0,1.0,2000
90,0.9153455495834351,0.16010186076164246,0.10072499513626099,0.654518723487854,1.0,1.0,1.0,2000
91,0.9148629307746887,0.16103845834732056,0.10049353539943695,0.65333092212677,1.0,1.0,1.0,2000
92,0.9143919944763184,0.16178396344184875,0.10026811808347702,0.6523399353027344,1.0,1.0,1.0,2000
93,0.9139490127563477,0.16227789223194122,0.10006280243396759,0.6516083478927612,1.0,1.0,1.0,2000
94,0.9135004281997681,0.1627078801393509,0.09986379742622375,0.6509287357330322,1.0,1.0,1.0,2000
95,0.9130500555038452,0.16336068511009216,0.0996498167514801,0.650039553642273,1.0,1.0,1.0,2000
96,0.91262286901474,0.16422699391841888,0.09942444413900375,0.648971438407898,1.0,1.0,1.0,2000
97,0.9122008681297302,0.1649167537689209,0.09921889007091522,0.6480652093887329,1.0,1.0,1.0,2000
98,0.9117707014083862,0.16512450575828552,0.09905961155891418,0.6475865840911865,1.0,1.0,1.0,2000
99,0.9113540053367615,0.16503402590751648,0.09893675148487091,0.6473832130432129,1.0,1.0,1.0,2000
100,0.9109481573104858,0.16509252786636353,0.09881500154733658,0.647040605545044,1.0,1.0,1.0,2000
101,0.9105365872383118,0.1654783934354782,0.09867841005325317,0.6463797688484192,1.0,1.0,1.0,2000
102,0.9101322293281555,0.16592879593372345,0.0985490083694458,0.6456544399261475,1.0,1.0,1.0,2000
103,0.9097394943237305,0.16609975695610046,0.09845288842916489,0.6451868414878845,1.0,1.0,1.0,2000
104,0.9093446731567383,0.16600416600704193,0.09838351607322693,0.6449570059776306,1.0,1.0,1.0,2000
105,0.9089523553848267,0.16595156490802765,0.09831298142671585,0.6446877717971802,1.0,1.0,1.0,2000
106,0.9085707664489746,0.1660996526479721,0.09822909533977509,0.6442420482635498,1.0,1.0,1.0,2000
107,0.9081905484199524,0.16630615293979645,0.09814361482858658,0.6437407732009888,1.0,1.0,1.0,2000
108,0.9078109264373779,0.16645283997058868,0.09806514531373978,0.6432929039001465,1.0,1.0,1.0,2000
109,0.9074397087097168,0.16663876175880432,0.09798259288072586,0.6428183317184448,1.0,1.0,1.0,2000
110,0.9070700407028198,0.16694796085357666,0.09788523614406586,0.6422368288040161,1.0,1.0,1.0,2000
111,0.9066997766494751,0.16725997626781464,0.09778349846601486,0.6416562795639038,1.0,1.0,1.0,2000
112,0.9063352942466736,0.1674572378396988,0.09769096970558167,0.6411870718002319,1.0,1.0,1.0,2000
113,0.9059731960296631,0.1676747351884842,0.09759848564863205,0.6406999826431274,1.0,1.0,1.0,2000
114,0.9056106805801392,0.168125182390213,0.09748871624469757,0.6399967670440674,1.0,1.0,1.0,2000
115,0.9052523970603943,0.16873840987682343,0.09736859798431396,0.6391453742980957,1.0,1.0,1.0,2000
116,0.9048960208892822,0.16923533380031586,0.09726231545209885,0.6383984088897705,1.0,1.0,1.0,2000
117,0.9045387506484985,0.16956131160259247,0.09717541933059692,0.637802004814148,1.0,1.0,1.0,2000
118,0.9041843414306641,0.16994914412498474,0.09709017723798752,0.6371450424194336,1.0,1.0,1.0,2000
119,0.9038312435150146,0.17051498591899872,0.09699825942516327,0.6363179683685303,1.0,1.0,1.0,2000
120,0.9034771919250488,0.17110243439674377,0.09691363573074341,0.6354610919952393,1.0,1.0,1.0,2000
121,0.903124988079071,0.1715921312570572,0.09684556722640991,0.6346873044967651,1.0,1.0,1.0,2000
122,0.9027729630470276,0.1720689833164215,0.09678418934345245,0.6339197754859924,1.0,1.0,1.0,2000
123,0.9024198651313782,0.17258907854557037,0.09672299772500992,0.6331077814102173,1.0,1.0,1.0,2000
124,0.9020676612854004,0.17305974662303925,0.09667005389928818,0.6323378682136536,1.0,1.0,1.0,2000
125,0.9017150402069092,0.17346611618995667,0.09662622213363647,0.6316226720809937,1.0,1.0,1.0,2000
126,0.9013612270355225,0.1739429086446762,0.09657834470272064,0.630840003490448,1.0,1.0,1.0,2000
127,0.9010076522827148,0.17449724674224854,0.09652384370565414,0.6299865245819092,1.0,1.0,1.0,2000
128,0.9006524682044983,0.1749536544084549,0.0964764729142189,0.6292223334312439,1.0,1.0,1.0,2000
129,0.9002958536148071,0.17528164386749268,0.09643896669149399,0.6285752058029175,1.0,1.0,1.0,2000
130,0.8999385237693787,0.17565742135047913,0.09639731049537659,0.627883791923523,1.0,1.0,1.0,2000
131,0.8995791673660278,0.17613062262535095,0.09634844958782196,0.6271001100540161,1.0,1.0,1.0,2000
132,0.8992184400558472,0.1765604168176651,0.09630552679300308,0.6263524889945984,1.0,1.0,1.0,2000
133,0.8988561630249023,0.176909938454628,0.09627193957567215,0.6256742477416992,1.0,1.0,1.0,2000
134,0.8984912037849426,0.17727746069431305,0.0962395966053009,0.6249741315841675,1.0,1.0,1.0,2000
135,0.8981245160102844,0.1776597499847412,0.0962105467915535,0.6242542266845703,1.0,1.0,1.0,2000
136,0.8977553844451904,0.17799776792526245,0.09619151800870895,0.6235660910606384,1.0,1.0,1.0,2000
137,0.8973835706710815,0.1783570498228073,0.09617701172828674,0.6228495240211487,1.0,1.0,1.0,2000
138,0.8970093727111816,0.1787804812192917,0.09616228193044662,0.6220666170120239,1.0,1.0,1.0,2000
139,0.8966320753097534,0.17916148900985718,0.09615537524223328,0.6213152408599854,1.0,1.0,1.0,2000
140,0.8962517976760864,0.17947740852832794,0.09615778177976608,0.620616614818573,1.0,1.0,1.0,2000
141,0.8958684206008911,0.17985859513282776,0.09615789353847504,0.6198519468307495,1.0,1.0,1.0,2000
142,0.8954815864562988,0.18031582236289978,0.09615396708250046,0.6190117597579956,1.0,1.0,1.0,2000
143,0.8950914740562439,0.1807376593351364,0.09615430235862732,0.6181995272636414,1.0,1.0,1.0,2000
144,0.8946975469589233,0.18113987147808075,0.09615620225667953,0.6174014806747437,1.0,1.0,1.0,2000
145,0.8942999243736267,0.1815926879644394,0.09615357965230942,0.6165536642074585,1.0,1.0,1.0,2000
146,0.8938982486724854,0.1820552498102188,0.0961509495973587,0.6156920790672302,1.0,1.0,1.0,2000
147,0.8934924006462097,0.18251678347587585,0.0961500033736229,0.6148256063461304,1.0,1.0,1.0,2000
148,0.8930825591087341,0.18302977085113525,0.09614627808332443,0.6139065027236938,1.0,1.0,1.0,2000
149,0.8926681280136108,0.1835419088602066,0.09614451974630356,0.6129816770553589,1.0,1.0,1.0,2000
150,0.8922489881515503,0.18400877714157104,0.09614967554807663,0.612090528011322,1.0,1.0,1.0,2000
151,0.8918253183364868,0.18451911211013794,0.0961550697684288,0.6111510992050171,1.0,1.0,1.0,2000
152,0.8913966417312622,0.1850806325674057,0.0961601734161377,0.6101558208465576,1.0,1.0,1.0,2000
153,0.8909628391265869,0.18560363352298737,0.09617201238870621,0.6091871857643127,1.0,1.0,1.0,2000
154,0.8905236124992371,0.1861165165901184,0.09618721902370453,0.6082198619842529,1.0,1.0,1.0,2000
155,0.8900790214538574,0.1866670846939087,0.0962013453245163,0.6072105765342712,1.0,1.0,1.0,2000
156,0.8896286487579346,0.18721280992031097,0.09621787071228027,0.6061979532241821,1.0,1.0,1.0,2000
157,0.8891724348068237,0.1877668797969818,0.09623467922210693,0.6051708459854126,1.0,1.0,1.0,2000
158,0.8887097835540771,0.18834489583969116,0.09624943882226944,0.6041154861450195,1.0,1.0,1.0,2000
159,0.8882408142089844,0.1888962835073471,0.09626666456460953,0.6030778884887695,1.0,1.0,1.0,2000
160,0.8877652883529663,0.18946050107479095,0.09628382325172424,0.6020209789276123,1.0,1.0,1.0,2000
161,0.8872826099395752,0.19007620215415955,0.09629812836647034,0.6009082794189453,1.0,1.0,1.0,2000
162,0.8867926597595215,0.19067180156707764,0.09631600230932236,0.5998048782348633,1.0,1.0,1.0,2000
163,0.8862950801849365,0.19126223027706146,0.09633665531873703,0.598696231842041,1.0,1.0,1.0,2000
164,0.8857895731925964,0.1918962299823761,0.09635679423809052,0.597536563873291,1.0,1.0,1.0,2000
165,0.8852756023406982,0.1925347000360489,0.09638025611639023,0.5963606834411621,1.0,1.0,1.0,2000
166,0.8847527503967285,0.1931905448436737,0.09640519320964813,0.5951570272445679,1.0,1.0,1.0,2000
167,0.8842208385467529,0.19386935234069824,0.0964304655790329,0.5939210057258606,1.0,1.0,1.0,2000
168,0.8836790323257446,0.194547638297081,0.09645798057317734,0.5926734209060669,1.0,1.0,1.0,2000
169,0.8831268548965454,0.19527652859687805,0.0964830219745636,0.5913673043251038,1.0,1.0,1.0,2000
170,0.8825638294219971,0.19602929055690765,0.09650712460279465,0.590027391910553,1.0,1.0,1.0,2000
171,0.8819891214370728,0.19677817821502686,0.09653256088495255,0.5886784195899963,1.0,1.0,1.0,2000
172,0.8814021944999695,0.1975841522216797,0.09655483067035675,0.5872632265090942,1.0,1.0,1.0,2000
173,0.8808020353317261,0.19841383397579193,0.09657768160104752,0.5858105421066284,1.0,1.0,1.0,2000
174,0.8801880478858948,0.19926932454109192,0.09660109877586365,0.5843176245689392,1.0,1.0,1.0,2000
175,0.8795588612556458,0.20016475021839142,0.09662443399429321,0.5827696919441223,1.0,1.0,1.0,2000
176,0.8789135217666626,0.20108354091644287,0.09665001928806305,0.5811799764633179,1.0,1.0,1.0,2000
177,0.8782508969306946,0.20206661522388458,0.09667417407035828,0.5795100927352905,1.0,1.0,1.0,2000
178,0.877569317817688,0.20306706428527832,0.09670029580593109,0.5778019428253174,1.0,1.0,1.0,2000
179,0.876867413520813,0.20411880314350128,0.09672542661428452,0.5760231614112854,1.0,1.0,1.0,2000
180,0.876143217086792,0.20523333549499512,0.0967487022280693,0.574161171913147,1.0,1.0,1.0,2000
181,0.8753945827484131,0.2063831239938736,0.0967721939086914,0.5722392797470093,1.0,1.0,1.0,2000
182,0.8746191263198853,0.2076083868741989,0.0967927873134613,0.5702179670333862,1.0,1.0,1.0,2000
183,0.8738141059875488,0.2088806927204132,0.09681456536054611,0.5681188106536865,1.0,1.0,1.0,2000
184,0.8729759454727173,0.21025696396827698,0.09683322161436081,0.5658857822418213,1.0,1.0,1.0,2000
185,0.8721008896827698,0.21167291700839996,0.09685532003641129,0.5635726451873779,1.0,1.0,1.0,2000
186,0.8711839914321899,0.2132338583469391,0.096872977912426,0.5610771179199219,1.0,1.0,1.0,2000
187,0.8702194094657898,0.21484066545963287,0.09689575433731079,0.5584830045700073,1.0,1.0,1.0,2000
188,0.8691999316215515,0.21665234863758087,0.09690944105386734,0.5556381344795227,1.0,1.0,1.0,2000
189,0.8681167364120483,0.21847639977931976,0.09693325310945511,0.5527070760726929,1.0,1.0,1.0,2000
190,0.8669580221176147,0.22067934274673462,0.0969349816441536,0.5493437051773071,1.0,1.0,1.0,2000
191,0.8657090067863464,0.2227081060409546,0.09696740657091141,0.546033501625061,1.0,1.0,1.0,2000
192,0.8643494248390198,0.22561970353126526,0.09693683683872223,0.5417928695678711,1.0,1.0,1.0,2000
193,0.8628537058830261,0.22760802507400513,0.09701542556285858,0.5382302403450012,1.0,1.0,1.0,2000
194,0.8611822724342346,0.23221834003925323,0.09687557816505432,0.5320883393287659,1.0,1.0,1.0,2000
195,0.859295129776001,0.23280872404575348,0.09715452045202255,0.5293318629264832,1.0,1.0,1.0,2000
196,0.8571343421936035,0.24282653629779816,0.09657824784517288,0.5177295207977295,1.0,1.0,1.0,2000
197,0.8547557592391968,0.2360840141773224,0.09770900011062622,0.5209627151489258,1.0,1.0,1.0,2000
198,0.8524864315986633,0.26562240719795227,0.09544342756271362,0.49142059683799744,1.0,1.0,1.0,2000
199,0.8504066467285156,0.2359267920255661,0.09924982488155365,0.5152300596237183,1.0,1.0,1.0,2000
200,0.8473624587059021,0.29795727133750916,0.09409164637327194,0.4553135335445404,1.0,1.0,1.0,2000
201,0.8359328508377075,0.25882795453071594,0.0984322726726532,0.478672593832016,1.0,1.0,1.0,2000
202,0.8210586309432983,0.27539944648742676,0.09726819396018982,0.44839102029800415,1.0,1.0,1.0,2000
203,0.8010441064834595,0.30217382311820984,0.0944918617606163,0.40437841415405273,1.0,1.0,1.0,2000
204,0.7753266096115112,0.2861628830432892,0.09676771610975266,0.3923960328102112,1.0,1.0,1.0,2000
205,0.7595245838165283,0.29062578082084656,0.09750205278396606,0.3713967800140381,1.0,1.0,1.0,2000
206,0.7738211154937744,0.27615460753440857,0.10292860865592957,0.3947378993034363,1.0,1.0,1.0,2000
207,0.7931395769119263,0.33673781156539917,0.0902647003531456,0.3661370277404785,1.0,1.0,1.0,2000
208,0.8494876623153687,0.28286832571029663,0.09834671765565872,0.4682726263999939,1.0,1.0,1.0,2000
209,0.7834320664405823,0.34277886152267456,0.08191122859716415,0.35874196887016296,1.0,1.0,1.0,2000
210,0.8464690446853638,0.43386954069137573,0.07608014345169067,0.33651939034461975,1.0,1.0,1.0,2000
211,0.8099775314331055,0.2670457065105438,0.08675499260425568,0.45617684721946716,1.0,1.0,1.0,2000
212,0.7938110828399658,0.27300500869750977,0.09071573615074158,0.43009036779403687,1.0,1.0,1.0,2000
213,0.7666722536087036,0.32936719059944153,0.08711359649896622,0.35019147396087646,1.0,1.0,1.0,2000
214,0.7866805791854858,0.36443018913269043,0.08737422525882721,0.3348761796951294,1.0,1.0,1.0,2000
215,0.7493315935134888,0.24069777131080627,0.1010972261428833,0.4075365662574768,1.0,1.0,1.0,2000
216,0.7804839611053467,0.2311723530292511,0.10888685286045074,0.44042471051216125,1.0,1.0,1.0,2000
217,0.7526915669441223,0.2608520984649658,0.1017322689294815,0.3901072144508362,1.0,1.0,1.0,2000
218,0.7544885873794556,0.32726752758026123,0.09193678945302963,0.3352842330932617,1.0,1.0,1.0,2000
219,0.7678098678588867,0.34851521253585815,0.08973688632249832,0.32955777645111084,1.0,1.0,1.0,2000
220,0.7419905662536621,0.2741558849811554,0.09451533108949661,0.3733193576335907,1.0,1.0,1.0,2000
221,0.7558996677398682,0.2348303496837616,0.10028275102376938,0.4207865595817566,1.0,1.0,1.0,2000
222,0.7579959034919739,0.23850730061531067,0.09992025792598724,0.41956835985183716,1.0,1.0,1.0,2000
223,0.7416605353355408,0.269417405128479,0.09441402554512024,0.37782910466194153,1.0,1.0,1.0,2000
224,0.7431297898292542,0.3121149241924286,0.09013929218053818,0.3408755660057068,1.0,1.0,1.0,2000
225,0.7450907230377197,0.3189743757247925,0.09069875627756119,0.33541762828826904,1.0,1.0,1.0,2000
226,0.7269126176834106,0.2705588638782501,0.09580124169588089,0.36055248975753784,1.0,1.0,1.0,2000
227,0.735744059085846,0.24866603314876556,0.10143379867076874,0.38564422726631165,1.0,1.0,1.0,2000
228,0.7299782633781433,0.2511918246746063,0.10107973217964172,0.37770670652389526,1.0,1.0,1.0,2000
229,0.7227791547775269,0.2823486626148224,0.09575807303190231,0.34467238187789917,1.0,1.0,1.0,2000
230,0.7252943515777588,0.3082045614719391,0.09208556264638901,0.3250042200088501,1.0,1.0,1.0,2000
231,0.716502845287323,0.2884456217288971,0.09283236414194107,0.33522486686706543,1.0,1.0,1.0,2000
232,0.7163481712341309,0.27228298783302307,0.09385087341070175,0.35021430253982544,1.0,1.0,1.0,2000
233,0.7083970904350281,0.2650849223136902,0.09289604425430298,0.3504161238670349,1.0,1.0,1.0,2000
234,0.7090606689453125,0.28108009696006775,0.0914178118109703,0.33656278252601624,1.0,1.0,1.0,2000
235,0.6955438852310181,0.28406402468681335,0.09047476947307587,0.32100510597229004,1.0,1.0,1.0,2000
236,0.6869622468948364,0.28636157512664795,0.09156016260385513,0.30904051661491394,1.0,1.0,1.0,2000
237,0.6681345701217651,0.2882530987262726,0.0918588861823082,0.28802257776260376,1.0,1.0,1.0,2000
238,0.6506513357162476,0.29642948508262634,0.0913132056593895,0.2629086375236511,1.0,1.0,1.0,2000
239,0.625304102897644,0.26520323753356934,0.09458081424236298,0.26552000641822815,1.0,1.0,1.0,2000
240,0.6085224747657776,0.23403435945510864,0.09721153229475021,0.27727657556533813,1.0,1.0,1.0,2000
241,0.5886812210083008,0.22396455705165863,0.09488385170698166,0.2698328495025635,1.0,1.0,1.0,2000
242,0.5860544443130493,0.23654918372631073,0.09178198873996735,0.25772324204444885,1.0,1.0,1.0,2000
243,0.5857399702072144,0.237581267952919,0.08982722461223602,0.25833144783973694,1.0,1.0,1.0,2000
244,0.5940567255020142,0.2397121787071228,0.08859623968601227,0.2657483220100403,1.0,1.0,1.0,2000
245,0.6045371294021606,0.24351941049098969,0.08819445967674255,0.2728232741355896,1.0,1.0,1.0,2000
246,0.6100131869316101,0.24894358217716217,0.08812662214040756,0.27294299006462097,1.0,1.0,1.0,2000
247,0.6120261549949646,0.2568328082561493,0.0881267637014389,0.2670665979385376,1.0,1.0,1.0,2000
248,0.610398530960083,0.2535909414291382,0.08919676393270493,0.2676107883453369,1.0,1.0,1.0,2000
249,0.6045258045196533,0.24014106392860413,0.09056447446346283,0.27382028102874756,1.0,1.0,1.0,2000
250,0.5971587896347046,0.22991350293159485,0.09086772799491882,0.27637752890586853,1.0,1.0,1.0,2000
251,0.5892226696014404,0.2218949943780899,0.09066062420606613,0.2766670286655426,1.0,1.0,1.0,2000
252,0.582410454750061,0.22028487920761108,0.08963990956544876,0.2724856734275818,1.0,1.0,1.0,2000
253,0.5795514583587646,0.2237183004617691,0.0884028822183609,0.26743030548095703,1.0,1.0,1.0,2000
254,0.5785608887672424,0.22045385837554932,0.08825872838497162,0.2698482871055603,1.0,1.0,1.0,2000
255,0.5803583264350891,0.21780508756637573,0.08882208168506622,0.27373117208480835,1.0,1.0,1.0,2000
256,0.5825259685516357,0.22154086828231812,0.08906289935112,0.27192220091819763,1.0,1.0,1.0,2000
257,0.5846688747406006,0.22494859993457794,0.0892944410443306,0.27042579650878906,1.0,1.0,1.0,2000
258,0.5858861207962036,0.2218923717737198,0.09005893021821976,0.27393484115600586,1.0,1.0,1.0,2000
259,0.5854268670082092,0.22129565477371216,0.09032576531171799,0.2738054394721985,1.0,1.0,1.0,2000
260,0.5837469696998596,0.22613297402858734,0.08967193961143494,0.26794207096099854,1.0,1.0,1.0,2000
261,0.5810422897338867,0.2268831729888916,0.08902783691883087,0.2651313245296478,1.0,1.0,1.0,2000
262,0.5783315896987915,0.22457464039325714,0.08866473287343979,0.26509225368499756,1.0,1.0,1.0,2000
263,0.5758911371231079,0.22678692638874054,0.08812165260314941,0.26098257303237915,1.0,1.0,1.0,2000
264,0.5742984414100647,0.23008666932582855,0.08780058473348618,0.25641119480133057,1.0,1.0,1.0,2000
265,0.573408305644989,0.22745497524738312,0.08827346563339233,0.25767987966537476,1.0,1.0,1.0,2000
266,0.573539137840271,0.2268555909395218,0.08865073323249817,0.25803279876708984,1.0,1.0,1.0,2000
267,0.5739719867706299,0.2323523908853531,0.08830402791500092,0.25331559777259827,1.0,1.0,1.0,2000
268,0.5745913982391357,0.23528997600078583,0.08807443827390671,0.2512269914150238,1.0,1.0,1.0,2000
269,0.5748554468154907,0.23430973291397095,0.08805805444717407,0.2524876594543457,1.0,1.0,1.0,2000
270,0.5746627449989319,0.23711735010147095,0.08745816349983215,0.2500872313976288,1.0,1.0,1.0,2000
271,0.5741299986839294,0.24040749669075012,0.0867914929986,0.24693100154399872,1.0,1.0,1.0,2000
272,0.5731528401374817,0.2398843616247177,0.08660713583230972,0.24666133522987366,1.0,1.0,1.0,2000
273,0.5720462799072266,0.2403874546289444,0.08642632514238358,0.24523252248764038,1.0,1.0,1.0,2000
274,0.570981502532959,0.24098801612854004,0.08635255694389343,0.24364089965820312,1.0,1.0,1.0,2000
275,0.5701417922973633,0.23843050003051758,0.08668379485607147,0.24502745270729065,1.0,1.0,1.0,2000
276,0.5696582794189453,0.23780563473701477,0.08676210045814514,0.2450905442237854,1.0,1.0,1.0,2000
277,0.5694190859794617,0.24054667353630066,0.08636932075023651,0.2425031214952469,1.0,1.0,1.0,2000
278,0.5693268179893494,0.24126790463924408,0.08610764890909195,0.24195125699043274,1.0,1.0,1.0,2000
279,0.5693015456199646,0.24079352617263794,0.08594606071710587,0.24256198108196259,1.0,1.0,1.0,2000
280,0.5691847801208496,0.2429414838552475,0.08551491796970367,0.24072837829589844,1.0,1.0,1.0,2000
281,0.5689511895179749,0.24490579962730408,0.08513859659433365,0.23890680074691772,1.0,1.0,1.0,2000
282,0.5685161352157593,0.24410563707351685,0.0851251557469368,0.23928534984588623,1.0,1.0,1.0,2000
283,0.5679673552513123,0.2440161556005478,0.08514249324798584,0.23880870640277863,1.0,1.0,1.0,2000
284,0.5673925280570984,0.24501243233680725,0.08509692549705505,0.23728318512439728,1.0,1.0,1.0,2000
285,0.5668436884880066,0.24426019191741943,0.08519534021615982,0.23738816380500793,1.0,1.0,1.0,2000
286,0.5664032697677612,0.24399694800376892,0.08517036586999893,0.2372359335422516,1.0,1.0,1.0,2000
287,0.5660399794578552,0.24596352875232697,0.08485569059848785,0.2352207750082016,1.0,1.0,1.0,2000
288,0.5657703876495361,0.2468174695968628,0.0846494734287262,0.23430341482162476,1.0,1.0,1.0,2000
289,0.5655568838119507,0.24641631543636322,0.08460156619548798,0.2345390021800995,1.0,1.0,1.0,2000
290,0.5653180480003357,0.24753639101982117,0.08443577587604523,0.2333458811044693,1.0,1.0,1.0,2000
291,0.5650389194488525,0.2484162151813507,0.08434893190860748,0.23227378726005554,1.0,1.0,1.0,2000
292,0.5646872520446777,0.24759317934513092,0.0844912901520729,0.23260274529457092,1.0,1.0,1.0,2000
293,0.5642735958099365,0.2474745213985443,0.08458536118268967,0.23221370577812195,1.0,1.0,1.0,2000
294,0.5638463497161865,0.247694194316864,0.08463148027658463,0.23152071237564087,1.0,1.0,1.0,2000
295,0.5634034276008606,0.24690201878547668,0.08473195880651474,0.23176944255828857,1.0,1.0,1.0,2000
296,0.5629864931106567,0.2470836192369461,0.08467793464660645,0.23122496902942657,1.0,1.0,1.0,2000
297,0.5626125931739807,0.24806000292301178,0.0845230296254158,0.23002956807613373,1.0,1.0,1.0,2000
298,0.5622634887695312,0.24781817197799683,0.08451246470212936,0.22993284463882446,1.0,1.0,1.0,2000
299,0.5619459748268127,0.2476777881383896,0.08452621102333069,0.22974199056625366,1.0,1.0,1.0,2000
300,0.5616191625595093,0.2484118938446045,0.08447699248790741,0.228730246424675,1.0,1.0,1.0,2000
301,0.5612727403640747,0.248367041349411,0.08452624082565308,0.22837945818901062,1.0,1.0,1.0,2000
302,0.5609092116355896,0.2480343133211136,0.08461686968803406,0.22825801372528076,1.0,1.0,1.0,2000
303,0.5605136156082153,0.24854855239391327,0.0846123993396759,0.22735269367694855,1.0,1.0,1.0,2000
304,0.5601068735122681,0.24877744913101196,0.08460640162229538,0.22672298550605774,1.0,1.0,1.0,2000
305,0.5596947073936462,0.2487708479166031,0.08458390831947327,0.2263399213552475,1.0,1.0,1.0,2000
306,0.5592842102050781,0.24965758621692657,0.08444617688655853,0.22518041729927063,1.0,1.0,1.0,2000
307,0.5588895082473755,0.2503644824028015,0.08433393388986588,0.22419112920761108,1.0,1.0,1.0,2000
308,0.5585017204284668,0.2504047155380249,0.0843137875199318,0.22378325462341309,1.0,1.0,1.0,2000
309,0.5581144094467163,0.2509613037109375,0.08426181972026825,0.22289124131202698,1.0,1.0,1.0,2000
310,0.5577225685119629,0.25151264667510986,0.0842190608382225,0.22199085354804993,1.0,1.0,1.0,2000
311,0.5573174953460693,0.2515411376953125,0.08422794938087463,0.2215484380722046,1.0,1.0,1.0,2000
312,0.5568965673446655,0.2520357370376587,0.08417974412441254,0.22068104147911072,1.0,1.0,1.0,2000
313,0.5564618706703186,0.25259914994239807,0.08410841226577759,0.21975430846214294,1.0,1.0,1.0,2000
314,0.5560159683227539,0.2527603805065155,0.0840577557682991,0.21919786930084229,1.0,1.0,1.0,2000
315,0.5555633902549744,0.2534254491329193,0.08393986523151398,0.21819806098937988,1.0,1.0,1.0,2000
316,0.5551109313964844,0.2541835606098175,0.08381276577711105,0.21711459755897522,1.0,1.0,1.0,2000
317,0.5546563863754272,0.25446322560310364,0.0837501659989357,0.21644297242164612,1.0,1.0,1.0,2000
318,0.5541976690292358,0.2550394833087921,0.08367670327425003,0.2154814898967743,1.0,1.0,1.0,2000
319,0.5537337064743042,0.2556561231613159,0.08360892534255981,0.21446862816810608,1.0,1.0,1.0,2000
320,0.5532588958740234,0.2559722363948822,0.08356842398643494,0.2137182354927063,1.0,1.0,1.0,2000
321,0.5527710914611816,0.2566918730735779,0.0834776908159256,0.21260151267051697,1.0,1.0,1.0,2000
322,0.5522706508636475,0.25745099782943726,0.0833742767572403,0.21144536137580872,1.0,1.0,1.0,2000
323,0.5517579317092896,0.25797340273857117,0.0832878053188324,0.2104966938495636,1.0,1.0,1.0,2000
324,0.5512344837188721,0.2588694393634796,0.08315791934728622,0.20920708775520325,1.0,1.0,1.0,2000
325,0.5507028102874756,0.259707510471344,0.083033487200737,0.2079617828130722,1.0,1.0,1.0,2000
326,0.5501629114151001,0.2603534758090973,0.08293596655130386,0.20687346160411835,1.0,1.0,1.0,2000
327,0.549612283706665,0.2612594962120056,0.08282329887151718,0.20552945137023926,1.0,1.0,1.0,2000
328,0.549049973487854,0.2619553208351135,0.08273909986019135,0.20435553789138794,1.0,1.0,1.0,2000
329,0.5484743118286133,0.26261523365974426,0.08265604078769684,0.20320305228233337,1.0,1.0,1.0,2000
330,0.5478824973106384,0.2635510563850403,0.0825347825884819,0.20179665088653564,1.0,1.0,1.0,2000
331,0.5472744107246399,0.2642872929573059,0.08242320269346237,0.20056390762329102,1.0,1.0,1.0,2000
332,0.5466502904891968,0.26514777541160583,0.08229261636734009,0.19920986890792847,1.0,1.0,1.0,2000
333,0.546010434627533,0.26610222458839417,0.08215012401342392,0.19775806367397308,1.0,1.0,1.0,2000
334,0.545354962348938,0.2668599486351013,0.08202725648880005,0.19646775722503662,1.0,1.0,1.0,2000
335,0.5446821451187134,0.26783233880996704,0.08188315480947495,0.1949666440486908,1.0,1.0,1.0,2000
336,0.543990969657898,0.26870235800743103,0.08175109326839447,0.19353753328323364,1.0,1.0,1.0,2000
337,0.5432796478271484,0.26953649520874023,0.08162333816289902,0.1921197772026062,1.0,1.0,1.0,2000
338,0.5425455570220947,0.27054333686828613,0.08147422224283218,0.190528005361557,1.0,1.0,1.0,2000
339,0.5417876243591309,0.27139967679977417,0.0813312828540802,0.1890566349029541,1.0,1.0,1.0,2000
340,0.5410041809082031,0.2724689543247223,0.08115541934967041,0.18737977743148804,1.0,1.0,1.0,2000
341,0.5401946902275085,0.2734939455986023,0.08097554743289948,0.18572521209716797,1.0,1.0,1.0,2000
342,0.5393579006195068,0.2745220959186554,0.08079133927822113,0.1840444803237915,1.0,1.0,1.0,2000
343,0.5384916067123413,0.27565306425094604,0.08059478551149368,0.18224379420280457,1.0,1.0,1.0,2000
344,0.5375939607620239,0.27663454413414,0.08041105419397354,0.18054839968681335,1.0,1.0,1.0,2000
345,0.5366614460945129,0.27781540155410767,0.08020240068435669,0.17864364385604858,1.0,1.0,1.0,2000
346,0.5356918573379517,0.2788121998310089,0.08000640571117401,0.17687323689460754,1.0,1.0,1.0,2000
347,0.5346816778182983,0.2800385355949402,0.07977898418903351,0.17486417293548584,1.0,1.0,1.0,2000
348,0.5336290597915649,0.28107938170433044,0.07956071943044662,0.17298898100852966,1.0,1.0,1.0,2000
349,0.5325298309326172,0.28240275382995605,0.079301618039608,0.17082542181015015,1.0,1.0,1.0,2000
350,0.5313814878463745,0.28345873951911926,0.0790584608912468,0.16886427998542786,1.0,1.0,1.0,2000
351,0.5301789045333862,0.28496357798576355,0.07875899225473404,0.16645635664463043,1.0,1.0,1.0,2000
352,0.5289212465286255,0.28584709763526917,0.07851565629243851,0.16455848515033722,1.0,1.0,1.0,2000
353,0.5276039242744446,0.28781747817993164,0.07815076410770416,0.16163568198680878,1.0,1.0,1.0,2000
354,0.5262566804885864,0.28795325756073,0.07796825468540192,0.16033519804477692,1.0,1.0,1.0,2000
355,0.5249659419059753,0.29181310534477234,0.0773949921131134,0.1557578593492508,1.0,1.0,1.0,2000
356,0.5243788957595825,0.2892179489135742,0.07755996286869049,0.15760096907615662,1.0,1.0,1.0,2000
357,0.5269221067428589,0.30451229214668274,0.07615362107753754,0.1462562084197998,1.0,1.0,1.0,2000
358,0.5494607090950012,0.3049670159816742,0.07838061451911926,0.16611306369304657,1.0,1.0,1.0,2000
359,0.560004472732544,0.3525025546550751,0.0742659941315651,0.133235901594162,1.0,1.0,1.0,2000
360,0.6294682621955872,0.36306294798851013,0.08060194551944733,0.1858033537864685,1.0,1.0,1.0,2000
361,0.5480499863624573,0.31049275398254395,0.0773366317152977,0.16022059321403503,1.0,1.0,1.0,2000
362,0.8724233508110046,0.6895444393157959,0.0702967494726181,0.11258216202259064,1.0,1.0,1.0,2000
363,0.8451298475265503,0.49563828110694885,0.09034806489944458,0.25914350152015686,1.0,1.0,1.0,2000
364,1.1538280248641968,0.6276757121086121,0.10261879861354828,0.42353346943855286,1.0,1.0,1.0,2000
365,1.193028211593628,0.6333322525024414,0.09333597123622894,0.466359943151474,1.0,1.0,1.0,2000
366,1.0448956489562988,0.5960094928741455,0.07572951912879944,0.3731566369533539,1.0,1.0,1.0,2000
367,1.1012753248214722,0.7555452585220337,0.0688069611787796,0.27692314982414246,1.0,1.0,1.0,2000
368,1.1606779098510742,0.8564401865005493,0.0693984255194664,0.2348393052816391,1.0,1.0,1.0,2000
369,1.0971354246139526,0.7929874062538147,0.07194175571203232,0.2322062999010086,1.0,1.0,1.0,2000
370,0.980570375919342,0.6531286835670471,0.07877534627914429,0.24866636097431183,1.0,1.0,1.0,2000
371,0.8887711763381958,0.5329664945602417,0.0918092131614685,0.2639954388141632,1.0,1.0,1.0,2000
372,0.805880069732666,0.4420427083969116,0.10682946443557739,0.2570078670978546,1.0,1.0,1.0,2000
373,0.644925594329834,0.3149780333042145,0.11407420039176941,0.2158733308315277,1.0,1.0,1.0,2000
374,1.0220730304718018,0.7430540323257446,0.1086420863866806,0.17037691175937653,1.0,1.0,1.0,2000
375,0.6457475423812866,0.2974610924720764,0.12019500136375427,0.22809144854545593,1.0,1.0,1.0,2000
376,0.7524188756942749,0.35309335589408875,0.11930964142084122,0.28001588582992554,1.0,1.0,1.0,2000
377,0.7425810098648071,0.3533227741718292,0.10594756156206131,0.2833106815814972,1.0,1.0,1.0,2000
378,0.6863202452659607,0.35050418972969055,0.08978599309921265,0.2460300773382187,1.0,1.0,1.0,2000
379,0.6414191722869873,0.3697074055671692,0.0788002759218216,0.19291147589683533,1.0,1.0,1.0,2000
380,0.6559349298477173,0.43561479449272156,0.0741843581199646,0.14613577723503113,1.0,1.0,1.0,2000
381,0.7440904378890991,0.5414596199989319,0.07349129021167755,0.12913954257965088,1.0,1.0,1.0,2000
382,0.6375836133956909,0.40295299887657166,0.07677378505468369,0.15785682201385498,1.0,1.0,1.0,2000
383,0.6343876719474792,0.3501184582710266,0.08273302018642426,0.201536163687706,1.0,1.0,1.0,2000
384,0.6131066083908081,0.2937655746936798,0.08847571164369583,0.23086529970169067,1.0,1.0,1.0,2000
385,0.5723438262939453,0.2385173887014389,0.09473646432161331,0.2390899658203125,1.0,1.0,1.0,2000
386,0.5792919397354126,0.2468036413192749,0.1010647788643837,0.23142355680465698,1.0,1.0,1.0,2000
387,0.627524733543396,0.30735352635383606,0.10263586789369583,0.2175353765487671,1.0,1.0,1.0,2000
388,0.5798234343528748,0.2600572109222412,0.10120607912540436,0.2185601443052292,1.0,1.0,1.0,2000
389,0.5764182806015015,0.2408781498670578,0.10096186399459839,0.23457825183868408,1.0,1.0,1.0,2000
390,0.5922850370407104,0.2520288825035095,0.09811042994260788,0.24214574694633484,1.0,1.0,1.0,2000
391,0.5692633390426636,0.24854589998722076,0.09120148420333862,0.229515939950943,1.0,1.0,1.0,2000
392,0.5444272756576538,0.2531917095184326,0.08463144302368164,0.20660413801670074,1.0,1.0,1.0,2000
393,0.5567103028297424,0.2867763042449951,0.08186309039592743,0.1880708932876587,1.0,1.0,1.0,2000
394,0.5806305408477783,0.3182516396045685,0.08147358149290085,0.1809053122997284,1.0,1.0,1.0,2000
395,0.5715323686599731,0.3077569007873535,0.08048750460147858,0.18328799307346344,1.0,1.0,1.0,2000
396,0.5581330060958862,0.2897045612335205,0.07915148884057999,0.18927694857120514,1.0,1.0,1.0,2000
397,0.5539609789848328,0.28068268299102783,0.07918648421764374,0.194091796875,1.0,1.0,1.0,2000
398,0.5502814650535583,0.275075227022171,0.08066672086715698,0.19453951716423035,1.0,1.0,1.0,2000
399,0.5426226854324341,0.27002453804016113,0.08240261673927307,0.19019556045532227,1.0,1.0,1.0,2000
400,0.5368005037307739,0.2667340338230133,0.08419273793697357,0.18587377667427063,1.0,1.0,1.0,2000
401,0.5383599996566772,0.2633199989795685,0.08696186542510986,0.1880781650543213,1.0,1.0,1.0,2000
402,0.5436692833900452,0.2579612731933594,0.08994434028863907,0.19576367735862732,1.0,1.0,1.0,2000
403,0.5453225374221802,0.25419092178344727,0.09079717099666595,0.20033445954322815,1.0,1.0,1.0,2000
404,0.5394332408905029,0.25454646348953247,0.08884072303771973,0.19604608416557312,1.0,1.0,1.0,2000
405,0.5327057838439941,0.26290273666381836,0.08530986309051514,0.18449321389198303,1.0,1.0,1.0,2000
406,0.5332536101341248,0.27992790937423706,0.08167058229446411,0.17165511846542358,1.0,1.0,1.0,2000
407,0.5340635180473328,0.29160282015800476,0.0789090022444725,0.1635516881942749,1.0,1.0,1.0,2000
408,0.5296295285224915,0.29018956422805786,0.07741326838731766,0.16202668845653534,1.0,1.0,1.0,2000
409,0.5294628143310547,0.2886647582054138,0.07695353776216507,0.16384455561637878,1.0,1.0,1.0,2000
410,0.5318089127540588,0.2904708981513977,0.07694351673126221,0.16439448297023773,1.0,1.0,1.0,2000
411,0.5302492380142212,0.2920142114162445,0.07681365311145782,0.16142138838768005,1.0,1.0,1.0,2000
412,0.526146411895752,0.2932806611061096,0.07646627724170685,0.15639948844909668,1.0,1.0,1.0,2000
413,0.5237128734588623,0.2940976023674011,0.07643713802099228,0.15317809581756592,1.0,1.0,1.0,2000
414,0.5225891470909119,0.2909776270389557,0.0772833377122879,0.15432816743850708,1.0,1.0,1.0,2000
415,0.5221536755561829,0.2849961519241333,0.07878388464450836,0.1583736389875412,1.0,1.0,1.0,2000
416,0.5220922827720642,0.2805436849594116,0.08016054332256317,0.16138803958892822,1.0,1.0,1.0,2000
417,0.520911693572998,0.27932432293891907,0.08083465695381165,0.16075274348258972,1.0,1.0,1.0,2000
418,0.5200470089912415,0.2824144959449768,0.08068215101957321,0.15695035457611084,1.0,1.0,1.0,2000
419,0.5200692415237427,0.287539541721344,0.07991471141576767,0.15261495113372803,1.0,1.0,1.0,2000
420,0.5177335143089294,0.28887301683425903,0.07888144254684448,0.14997905492782593,1.0,1.0,1.0,2000
421,0.5149916410446167,0.2883877754211426,0.07779676467180252,0.148807093501091,1.0,1.0,1.0,2000
422,0.5143742561340332,0.29070302844047546,0.07663425803184509,0.14703693985939026,1.0,1.0,1.0,2000
423,0.513562798500061,0.294951856136322,0.07534219324588776,0.14326877892017365,1.0,1.0,1.0,2000
424,0.5121563673019409,0.2997591495513916,0.07409586757421494,0.1383013129234314,1.0,1.0,1.0,2000
425,0.5113304257392883,0.30368512868881226,0.07325829565525055,0.13438701629638672,1.0,1.0,1.0,2000
426,0.5102677345275879,0.30424830317497253,0.07303017377853394,0.1329892873764038,1.0,1.0,1.0,2000
427,0.5090580582618713,0.3025246858596802,0.07320868223905563,0.13332466781139374,1.0,1.0,1.0,2000
428,0.5077899694442749,0.3010367751121521,0.07340684533119202,0.13334637880325317,1.0,1.0,1.0,2000
429,0.5057845711708069,0.300481915473938,0.07341635227203369,0.1318863183259964,1.0,1.0,1.0,2000
430,0.5042019486427307,0.30126702785491943,0.07332220673561096,0.12961269915103912,1.0,1.0,1.0,2000
431,0.5032444596290588,0.301847904920578,0.07334259152412415,0.1280539482831955,1.0,1.0,1.0,2000
432,0.5016218423843384,0.30032336711883545,0.07353721559047699,0.12776125967502594,1.0,1.0,1.0,2000
433,0.5000941753387451,0.29878970980644226,0.0736798420548439,0.12762460112571716,1.0,1.0,1.0,2000
434,0.498681902885437,0.2990615665912628,0.07347214967012405,0.12614819407463074,1.0,1.0,1.0,2000
435,0.496929407119751,0.30100399255752563,0.07283248007297516,0.12309294939041138,1.0,1.0,1.0,2000
436,0.49528732895851135,0.3036717474460602,0.07196108251810074,0.11965450644493103,1.0,1.0,1.0,2000
437,0.4933646023273468,0.30515915155410767,0.07113159447908401,0.11707386374473572,1.0,1.0,1.0,2000
438,0.4914235472679138,0.30571720004081726,0.0704202950000763,0.11528606712818146,1.0,1.0,1.0,2000
439,0.48978477716445923,0.30684617161750793,0.06971122324466705,0.11322736740112305,1.0,1.0,1.0,2000
440,0.4877808690071106,0.30855515599250793,0.06893600523471832,0.11028970032930374,1.0,1.0,1.0,2000
441,0.48568302392959595,0.3104287385940552,0.06820253282785416,0.10705176740884781,1.0,1.0,1.0,2000
442,0.4835752248764038,0.31138643622398376,0.06767452508211136,0.10451425611972809,1.0,1.0,1.0,2000
443,0.48128965497016907,0.3110746443271637,0.06735605746507645,0.10285896807909012,1.0,1.0,1.0,2000
444,0.4790341258049011,0.31065285205841064,0.0670720636844635,0.10130921006202698,1.0,1.0,1.0,2000
445,0.47649216651916504,0.3106008768081665,0.06668030470609665,0.09921097755432129,1.0,1.0,1.0,2000
446,0.47392264008522034,0.31088826060295105,0.06621794402599335,0.09681645035743713,1.0,1.0,1.0,2000
447,0.47136449813842773,0.3107956647872925,0.06580425798892975,0.0947645902633667,1.0,1.0,1.0,2000
448,0.4685945510864258,0.31009551882743835,0.06543447077274323,0.0930645614862442,1.0,1.0,1.0,2000
449,0.4657590687274933,0.30973678827285767,0.06496265530586243,0.0910596251487732,1.0,1.0,1.0,2000
450,0.4626730680465698,0.3099849820137024,0.0643010139465332,0.08838707208633423,1.0,1.0,1.0,2000
451,0.4595406651496887,0.3105195164680481,0.06353180855512619,0.08548932522535324,1.0,1.0,1.0,2000
452,0.4562222957611084,0.3105003237724304,0.06277924031019211,0.08294272422790527,1.0,1.0,1.0,2000
453,0.45274868607521057,0.31006354093551636,0.06203575059771538,0.08064940571784973,1.0,1.0,1.0,2000
454,0.44915270805358887,0.3098108768463135,0.06121773272752762,0.07812410593032837,1.0,1.0,1.0,2000
455,0.4453665018081665,0.30969321727752686,0.06034046784043312,0.07533281296491623,1.0,1.0,1.0,2000
456,0.44143787026405334,0.3092246353626251,0.05951381474733353,0.0726994201540947,1.0,1.0,1.0,2000
457,0.4372549057006836,0.3081170320510864,0.05877451226115227,0.0703633725643158,1.0,1.0,1.0,2000
458,0.4329277575016022,0.30687370896339417,0.05804285779595375,0.06801119446754456,1.0,1.0,1.0,2000
459,0.4283349812030792,0.3055354952812195,0.05727705359458923,0.06552243232727051,1.0,1.0,1.0,2000
460,0.4235494136810303,0.30380743741989136,0.056539636105298996,0.06320233643054962,1.0,1.0,1.0,2000
461,0.4184924066066742,0.30145588517189026,0.055862557142972946,0.06117397919297218,1.0,1.0,1.0,2000
462,0.4132416844367981,0.2989398241043091,0.0551745742559433,0.059127286076545715,1.0,1.0,1.0,2000
463,0.40768641233444214,0.29634854197502136,0.054436732083559036,0.05690113455057144,1.0,1.0,1.0,2000
464,0.40186718106269836,0.2934550344944,0.0537027008831501,0.05470944195985794,1.0,1.0,1.0,2000
465,0.39574262499809265,0.2901403307914734,0.05298807471990585,0.05261420086026192,1.0,1.0,1.0,2000
466,0.3893125057220459,0.28664448857307434,0.052240464836359024,0.05042755976319313,1.0,1.0,1.0,2000
467,0.38254013657569885,0.282870352268219,0.05147222802042961,0.048197560012340546,1.0,1.0,1.0,2000
468,0.3754040598869324,0.27856218814849854,0.05073853209614754,0.046103328466415405,1.0,1.0,1.0,2000
469,0.36792492866516113,0.2738639712333679,0.050023362040519714,0.04403756931424141,1.0,1.0,1.0,2000
470,0.36001235246658325,0.26878657937049866,0.049317166209220886,0.041908636689186096,1.0,1.0,1.0,2000
471,0.35167789459228516,0.26314932107925415,0.048667483031749725,0.03986108675599098,1.0,1.0,1.0,2000
472,0.3429059684276581,0.2569325864315033,0.048078007996082306,0.03789537772536278,1.0,1.0,1.0,2000
473,0.3336268663406372,0.2501329183578491,0.047540754079818726,0.035953179001808167,1.0,1.0,1.0,2000
474,0.32384657859802246,0.24262717366218567,0.04708172380924225,0.03413768112659454,1.0,1.0,1.0,2000
475,0.3135414719581604,0.23441846668720245,0.046702492982149124,0.03242051228880882,1.0,1.0,1.0,2000
476,0.3026570677757263,0.2254887819290161,0.04641496390104294,0.03075331076979637,1.0,1.0,1.0,2000
477,0.2911999225616455,0.21579480171203613,0.04622279480099678,0.029182307422161102,1.0,1.0,1.0,2000
478,0.27914443612098694,0.20533426105976105,0.04614879563450813,0.027661379426717758,1.0,1.0,1.0,2000
479,0.2665380537509918,0.194126158952713,0.04619558900594711,0.026216309517621994,1.0,1.0,1.0,2000
480,0.25342050194740295,0.18219701945781708,0.04638104513287544,0.02484244480729103,1.0,1.0,1.0,2000
481,0.2398628145456314,0.169584259390831,0.04674217849969864,0.023536372929811478,1.0,1.0,1.0,2000
482,0.2260364145040512,0.15649640560150146,0.04724687710404396,0.02229313924908638,1.0,1.0,1.0,2000
483,0.2121870219707489,0.143015518784523,0.04804563149809837,0.021125860512256622,1.0,1.0,1.0,2000
484,0.1994861364364624,0.13067695498466492,0.04880605638027191,0.020003117620944977,1.0,1.0,1.0,2000
485,0.19484654068946838,0.1251733899116516,0.050524476915597916,0.01914867013692856,1.0,1.0,1.0,2000
486,0.26092529296875,0.19176247715950012,0.050059955567121506,0.01910286769270897,1.0,1.0,1.0,2000
487,0.5892853140830994,0.5118125081062317,0.056169651448726654,0.021303169429302216,1.0,1.0,1.0,2000
488,1.2579162120819092,1.1683393716812134,0.046721450984478,0.04285541921854019,1.0,1.0,1.0,2000
489,1.3271710872650146,1.2316149473190308,0.04603181034326553,0.04952435940504074,1.0,1.0,1.0,2000
490,0.183298721909523,0.1119171753525734,0.04865439236164093,0.022727152332663536,1.0,1.0,1.0,2000
491,3.194108009338379,3.1029698848724365,0.05478890985250473,0.03634921461343765,1.0,1.0,1.0,2000
492,1.0197597742080688,0.912152111530304,0.046737413853406906,0.06087017431855202,1.0,1.0,1.0,2000
493,2.0970277786254883,1.8596705198287964,0.05757839232683182,0.17977869510650635,1.0,1.0,1.0,2000
494,1.8317131996154785,1.403988003730774,0.07963158935308456,0.34809359908103943,1.0,1.0,1.0,2000
495,1.4038543701171875,0.7073184847831726,0.11140957474708557,0.5851263403892517,1.0,1.0,1.0,2000
496,1.6917839050292969,0.7040562629699707,0.1386018991470337,0.8491257429122925,1.0,1.0,1.0,2000
497,2.1967215538024902,1.0353350639343262,0.1416780799627304,1.019708514213562,1.0,1.0,1.0,2000
498,2.1541519165039062,1.0057485103607178,0.1201898455619812,1.0282135009765625,1.0,1.0,1.0,2000
499,1.647194743156433,0.6578629016876221,0.0888044610619545,0.9005273580551147,1.0,1.0,1.0,2000
500,1.218203067779541,0.4420164227485657,0.06367543339729309,0.7125111222267151,1.0,1.0,1.0,2000
501,1.2568042278289795,0.6586782336235046,0.053234297782182693,0.5448917150497437,1.0,1.0,1.0,2000
502,1.547910451889038,1.0511291027069092,0.054490383714437485,0.4422910213470459,1.0,1.0,1.0,2000
503,1.7206885814666748,1.2519088983535767,0.059825751930475235,0.4089539647102356,1.0,1.0,1.0,2000
504,1.6581027507781982,1.1572517156600952,0.0651438757777214,0.4357072114944458,1.0,1.0,1.0,2000
505,1.4378161430358887,0.8539928793907166,0.07022389769554138,0.5135993957519531,1.0,1.0,1.0,2000
506,1.2265434265136719,0.5226469039916992,0.07554969191551208,0.6283468008041382,1.0,1.0,1.0,2000
507,1.157456874847412,0.32360854744911194,0.08108656108379364,0.7527617812156677,1.0,1.0,1.0,2000
508,1.215402603149414,0.27676036953926086,0.08690907061100006,0.8517332077026367,1.0,1.0,1.0,2000
509,1.2778557538986206,0.28717827796936035,0.09264662116765976,0.8980308175086975,1.0,1.0,1.0,2000
510,1.2540689706802368,0.2730432152748108,0.0968121811747551,0.8842135667800903,1.0,1.0,1.0,2000
511,1.1557084321975708,0.23483091592788696,0.09787542372941971,0.8230020999908447,1.0,1.0,1.0,2000
512,1.0684218406677246,0.23248189687728882,0.09606094658374786,0.7398790121078491,1.0,1.0,1.0,2000
513,1.060127854347229,0.30398863554000854,0.09371933341026306,0.6624199151992798,1.0,1.0,1.0,2000
514,1.1143964529037476,0.4104354977607727,0.09353584051132202,0.6104251146316528,1.0,1.0,1.0,2000
515,1.1647233963012695,0.4763675928115845,0.0964323878288269,0.5919234752655029,1.0,1.0,1.0,2000
516,1.1641554832458496,0.4573473036289215,0.10123500972986221,0.6055732369422913,1.0,1.0,1.0,2000
517,1.1136600971221924,0.3628862202167511,0.10600429028272629,0.644769549369812,1.0,1.0,1.0,2000
518,1.052763819694519,0.24358291923999786,0.10941464453935623,0.6997662782669067,1.0,1.0,1.0,2000
519,1.0250071287155151,0.15594106912612915,0.11101703345775604,0.7580490112304688,1.0,1.0,1.0,2000
520,1.037929892539978,0.12161250412464142,0.11068624258041382,0.805631160736084,1.0,1.0,1.0,2000
521,1.0598469972610474,0.1206861063838005,0.1082790195941925,0.8308818936347961,1.0,1.0,1.0,2000
522,1.0579472780227661,0.12508539855480194,0.10389240831136703,0.8289694786071777,1.0,1.0,1.0,2000
523,1.0306458473205566,0.12874193489551544,0.09824767708778381,0.803656280040741,1.0,1.0,1.0,2000
524,1.0028045177459717,0.14479348063468933,0.09264320880174637,0.7653678059577942,1.0,1.0,1.0,2000
525,0.9964466094970703,0.18117091059684753,0.08841115981340408,0.7268645167350769,1.0,1.0,1.0,2000
526,1.0101639032363892,0.2250785380601883,0.08628876507282257,0.6987966299057007,1.0,1.0,1.0,2000
527,1.0256633758544922,0.2524082362651825,0.08618323504924774,0.6870719194412231,1.0,1.0,1.0,2000
528,1.0278931856155396,0.2479732632637024,0.08743247389793396,0.6924874186515808,1.0,1.0,1.0,2000
529,1.0164237022399902,0.21545718610286713,0.08927077800035477,0.7116957902908325,1.0,1.0,1.0,2000
530,1.0019071102142334,0.17224588990211487,0.09115830063819885,0.7385029196739197,1.0,1.0,1.0,2000
531,0.9946995973587036,0.13657383620738983,0.09283450245857239,0.7652912735939026,1.0,1.0,1.0,2000
532,0.9961357712745667,0.1171749159693718,0.09418094158172607,0.7847799062728882,1.0,1.0,1.0,2000
533,0.9994621276855469,0.1123996302485466,0.09508925676345825,0.7919732332229614,1.0,1.0,1.0,2000
534,0.9979715347290039,0.11691701412200928,0.09546419978141785,0.7855902910232544,1.0,1.0,1.0,2000
535,0.99126136302948,0.12766435742378235,0.09533386677503586,0.7682631015777588,1.0,1.0,1.0,2000
536,0.984149694442749,0.14380286633968353,0.09493950009346008,0.7454073429107666,1.0,1.0,1.0,2000
537,0.9810159802436829,0.16302147507667542,0.0946933850646019,0.723301112651825,1.0,1.0,1.0,2000
538,0.9819915890693665,0.17981459200382233,0.09499692171812057,0.7071800827980042,1.0,1.0,1.0,2000
539,0.9839729070663452,0.18796406686306,0.09602467715740204,0.6999841332435608,1.0,1.0,1.0,2000
540,0.9840579628944397,0.18446661531925201,0.09761648625135422,0.7019748687744141,1.0,1.0,1.0,2000
541,0.9817237854003906,0.17129220068454742,0.09934831410646439,0.7110832929611206,1.0,1.0,1.0,2000
542,0.9784846305847168,0.15403710305690765,0.10073116421699524,0.7237163782119751,1.0,1.0,1.0,2000
543,0.9760901927947998,0.13889163732528687,0.10140857100486755,0.7357900142669678,1.0,1.0,1.0,2000
544,0.9750294089317322,0.1299912929534912,0.10124941170215607,0.7437887191772461,1.0,1.0,1.0,2000
545,0.9744758009910583,0.12851844727993011,0.10032892972230911,0.7456284165382385,1.0,1.0,1.0,2000
546,0.9733988046646118,0.13343748450279236,0.09886015951633453,0.7411011457443237,1.0,1.0,1.0,2000
547,0.971570611000061,0.14267012476921082,0.09713329374790192,0.7317671775817871,1.0,1.0,1.0,2000
548,0.9695826172828674,0.1537625789642334,0.0954708382487297,0.7203491926193237,1.0,1.0,1.0,2000
549,0.968114972114563,0.16409598290920258,0.09417234361171722,0.7098466157913208,1.0,1.0,1.0,2000
550,0.967332124710083,0.17122900485992432,0.09343716502189636,0.7026659846305847,1.0,1.0,1.0,2000
551,0.9669038653373718,0.1735956370830536,0.09329532086849213,0.7000129222869873,1.0,1.0,1.0,2000
552,0.9664120078086853,0.17112818360328674,0.09359576553106308,0.7016880512237549,1.0,1.0,1.0,2000
553,0.9656562805175781,0.16528765857219696,0.09407375752925873,0.7062948346138,1.0,1.0,1.0,2000
554,0.9646784067153931,0.15845413506031036,0.09446578472852707,0.7117584943771362,1.0,1.0,1.0,2000
555,0.9636362791061401,0.15304933488368988,0.09460820257663727,0.715978741645813,1.0,1.0,1.0,2000
556,0.9626753926277161,0.15078403055667877,0.09447091072797775,0.7174204587936401,1.0,1.0,1.0,2000
557,0.9618529081344604,0.15224377810955048,0.09412787109613419,0.7154812812805176,1.0,1.0,1.0,2000
558,0.9611225128173828,0.1568603664636612,0.09370266646146774,0.7105594873428345,1.0,1.0,1.0,2000
559,0.9603822231292725,0.16321726143360138,0.09332706034183502,0.7038379311561584,1.0,1.0,1.0,2000
560,0.9595639705657959,0.16956542432308197,0.09311912208795547,0.6968793869018555,1.0,1.0,1.0,2000
561,0.9586974382400513,0.17437295615673065,0.0931653156876564,0.6911591291427612,1.0,1.0,1.0,2000
562,0.9578955769538879,0.17673471570014954,0.09349434077739716,0.6876665353775024,1.0,1.0,1.0,2000
563,0.957259476184845,0.1765279471874237,0.09405359625816345,0.6866779327392578,1.0,1.0,1.0,2000
564,0.956777036190033,0.17431390285491943,0.09471242874860764,0.6877506971359253,1.0,1.0,1.0,2000
565,0.9563190937042236,0.17108722031116486,0.09530286490917206,0.6899290084838867,1.0,1.0,1.0,2000
566,0.955752432346344,0.1679888218641281,0.0956810861825943,0.6920825242996216,1.0,1.0,1.0,2000
567,0.9550626873970032,0.16602791845798492,0.09577623009681702,0.69325852394104,1.0,1.0,1.0,2000
568,0.9543569087982178,0.1658162772655487,0.09560304135084152,0.6929376125335693,1.0,1.0,1.0,2000
569,0.9537439942359924,0.16737408936023712,0.09524087607860565,0.6911290287971497,1.0,1.0,1.0,2000
570,0.953224241733551,0.1701248437166214,0.09479907900094986,0.6883003115653992,1.0,1.0,1.0,2000
571,0.9527031183242798,0.17312845587730408,0.0943865180015564,0.6851881742477417,1.0,1.0,1.0,2000
572,0.9521006941795349,0.17545479536056519,0.0940900444984436,0.6825558543205261,1.0,1.0,1.0,2000
573,0.9514352083206177,0.17650941014289856,0.09395802021026611,0.6809678077697754,1.0,1.0,1.0,2000
574,0.9508002996444702,0.17617250978946686,0.09398911148309708,0.6806386709213257,1.0,1.0,1.0,2000
575,0.9502661228179932,0.17473681271076202,0.09413255751132965,0.6813967227935791,1.0,1.0,1.0,2000
576,0.9498111009597778,0.1727372109889984,0.09430622309446335,0.6827676892280579,1.0,1.0,1.0,2000
577,0.9493513107299805,0.17077627778053284,0.09442853182554245,0.6841464638710022,1.0,1.0,1.0,2000
578,0.948828935623169,0.16938456892967224,0.09444916993379593,0.6849952340126038,1.0,1.0,1.0,2000
579,0.9482660293579102,0.16890183091163635,0.0943644568324089,0.6849997043609619,1.0,1.0,1.0,2000
580,0.9477294683456421,0.1693805754184723,0.0942118763923645,0.6841370463371277,1.0,1.0,1.0,2000
581,0.9472553730010986,0.1705591082572937,0.0940510556101799,0.6826452016830444,1.0,1.0,1.0,2000
582,0.9468148946762085,0.17195291817188263,0.09394220262765884,0.6809197664260864,1.0,1.0,1.0,2000
583,0.9463526010513306,0.17304597795009613,0.09392959624528885,0.679377019405365,1.0,1.0,1.0,2000
584,0.9458472728729248,0.17348837852478027,0.09403170645236969,0.678327202796936,1.0,1.0,1.0,2000
585,0.9453306198120117,0.17320071160793304,0.09423697739839554,0.6778929233551025,1.0,1.0,1.0,2000
586,0.9448488354682922,0.17235293984413147,0.09450636059045792,0.6779895424842834,1.0,1.0,1.0,2000
587,0.9444142580032349,0.171257883310318,0.09478367120027542,0.6783727407455444,1.0,1.0,1.0,2000
588,0.9439973831176758,0.17025256156921387,0.0950125902891159,0.6787322163581848,1.0,1.0,1.0,2000
589,0.9435628652572632,0.1696089655160904,0.09515427052974701,0.6787996292114258,1.0,1.0,1.0,2000
590,0.9431066513061523,0.1694771945476532,0.09519818425178528,0.6784312725067139,1.0,1.0,1.0,2000
591,0.9426544904708862,0.16985037922859192,0.09516182541847229,0.677642285823822,1.0,1.0,1.0,2000
592,0.9422298073768616,0.17056551575660706,0.09508098661899567,0.6765832901000977,1.0,1.0,1.0,2000
593,0.9418289065361023,0.17135532200336456,0.0949961468577385,0.6754774451255798,1.0,1.0,1.0,2000
594,0.941428542137146,0.17194624245166779,0.09494009613990784,0.6745421886444092,1.0,1.0,1.0,2000
595,0.9410126209259033,0.17216140031814575,0.09493021667003632,0.6739209890365601,1.0,1.0,1.0,2000
596,0.9405884742736816,0.17197737097740173,0.09496559947729111,0.6736454963684082,1.0,1.0,1.0,2000
597,0.9401753544807434,0.1715105026960373,0.09502920508384705,0.6736356616020203,1.0,1.0,1.0,2000
598,0.939782977104187,0.17095351219177246,0.0950944572687149,0.6737350225448608,1.0,1.0,1.0,2000
599,0.939403235912323,0.17049942910671234,0.0951349288225174,0.6737688779830933,1.0,1.0,1.0,2000
600,0.9390211701393127,0.1702849268913269,0.09513379633426666,0.6736024618148804,1.0,1.0,1.0,2000
601,0.9386324882507324,0.17035986483097076,0.09508970379829407,0.6731829047203064,1.0,1.0,1.0,2000
602,0.9382455348968506,0.1706816405057907,0.09501651674509048,0.6725473403930664,1.0,1.0,1.0,2000
603,0.9378702640533447,0.17113134264945984,0.09493769705295563,0.6718012094497681,1.0,1.0,1.0,2000
604,0.9375070929527283,0.17155377566814423,0.09487796574831009,0.6710753440856934,1.0,1.0,1.0,2000
605,0.9371477961540222,0.1718122959136963,0.09485572576522827,0.6704797744750977,1.0,1.0,1.0,2000
606,0.9367853999137878,0.1718381941318512,0.09487833827733994,0.6700688600540161,1.0,1.0,1.0,2000
607,0.936421275138855,0.171651691198349,0.0949409157037735,0.6698286533355713,1.0,1.0,1.0,2000
608,0.9360619783401489,0.17134536802768707,0.09502866119146347,0.6696879863739014,1.0,1.0,1.0,2000
609,0.9357116222381592,0.1710423231124878,0.09512176364660263,0.6695475578308105,1.0,1.0,1.0,2000
610,0.9353678822517395,0.17084968090057373,0.09520161896944046,0.6693165898323059,1.0,1.0,1.0,2000
611,0.9350256323814392,0.17082630097866058,0.09525616466999054,0.6689431667327881,1.0,1.0,1.0,2000
612,0.9346831440925598,0.17097076773643494,0.09528295695781708,0.668429434299469,1.0,1.0,1.0,2000
613,0.9343429803848267,0.17122802138328552,0.09528862684965134,0.6678262948989868,1.0,1.0,1.0,2000
614,0.9340084791183472,0.1715112328529358,0.09528526663780212,0.6672120094299316,1.0,1.0,1.0,2000
615,0.93367999792099,0.17173191905021667,0.09528560936450958,0.6666624546051025,1.0,1.0,1.0,2000
616,0.9333546161651611,0.17183047533035278,0.09529857337474823,0.6662255525588989,1.0,1.0,1.0,2000
617,0.9330300092697144,0.1717960685491562,0.09532664716243744,0.6659073233604431,1.0,1.0,1.0,2000
618,0.9327067136764526,0.1716674566268921,0.09536579251289368,0.6656734943389893,1.0,1.0,1.0,2000
619,0.9323864579200745,0.17151454091072083,0.0954074114561081,0.6654645204544067,1.0,1.0,1.0,2000
620,0.9320706129074097,0.17141017317771912,0.09544157981872559,0.6652188897132874,1.0,1.0,1.0,2000
621,0.9317581653594971,0.17140404880046844,0.09546049684286118,0.664893627166748,1.0,1.0,1.0,2000
622,0.9314477443695068,0.17150750756263733,0.09546121954917908,0.6644790172576904,1.0,1.0,1.0,2000
623,0.931138813495636,0.1716938316822052,0.09544636309146881,0.6639986038208008,1.0,1.0,1.0,2000
624,0.9308320879936218,0.17191095650196075,0.09542301297187805,0.6634981036186218,1.0,1.0,1.0,2000
625,0.9305285811424255,0.1721005141735077,0.09540017694234848,0.6630278825759888,1.0,1.0,1.0,2000
626,0.9302279949188232,0.17221833765506744,0.09538585692644119,0.6626238226890564,1.0,1.0,1.0,2000
627,0.9299299716949463,0.17224889993667603,0.0953846126794815,0.66229647397995,1.0,1.0,1.0,2000
628,0.929633617401123,0.1722082942724228,0.0953967422246933,0.6620285511016846,1.0,1.0,1.0,2000
629,0.9293390512466431,0.17213672399520874,0.09541875123977661,0.6617835760116577,1.0,1.0,1.0,2000
630,0.9290466904640198,0.17208148539066315,0.09544495493173599,0.66152024269104,1.0,1.0,1.0,2000
631,0.9287567734718323,0.17207971215248108,0.0954696387052536,0.6612074375152588,1.0,1.0,1.0,2000
632,0.928469181060791,0.1721457540988922,0.09548888355493546,0.660834550857544,1.0,1.0,1.0,2000
633,0.9281831979751587,0.17226776480674744,0.09550167620182037,0.6604137420654297,1.0,1.0,1.0,2000
634,0.9278991222381592,0.17241477966308594,0.09550978243350983,0.6599745750427246,1.0,1.0,1.0,2000
635,0.9276167154312134,0.17254866659641266,0.09551676362752914,0.6595512628555298,1.0,1.0,1.0,2000
636,0.9273363351821899,0.17263899743556976,0.095526322722435,0.6591710448265076,1.0,1.0,1.0,2000
637,0.9270579218864441,0.17267264425754547,0.09554091095924377,0.6588443517684937,1.0,1.0,1.0,2000
638,0.9267813563346863,0.17265740036964417,0.09556092321872711,0.6585630178451538,1.0,1.0,1.0,2000
639,0.9265062808990479,0.17261798679828644,0.09558457136154175,0.6583037376403809,1.0,1.0,1.0,2000
640,0.9262328743934631,0.17258566617965698,0.09560877084732056,0.6580384373664856,1.0,1.0,1.0,2000
641,0.9259610772132874,0.1725865751504898,0.0956302061676979,0.657744288444519,1.0,1.0,1.0,2000
642,0.9256908893585205,0.17263299226760864,0.09564647823572159,0.6574114561080933,1.0,1.0,1.0,2000
643,0.9254224896430969,0.1727197915315628,0.0956568568944931,0.657045841217041,1.0,1.0,1.0,2000
644,0.9251554608345032,0.1728275716304779,0.09566231817007065,0.656665563583374,1.0,1.0,1.0,2000
645,0.9248898029327393,0.1729314625263214,0.09566503018140793,0.6562932729721069,1.0,1.0,1.0,2000
646,0.9246256351470947,0.17301012575626373,0.09566755592823029,0.6559479236602783,1.0,1.0,1.0,2000
647,0.9243627786636353,0.17305360734462738,0.09567192941904068,0.655637264251709,1.0,1.0,1.0,2000
648,0.9241014719009399,0.17306554317474365,0.09567908197641373,0.6553568840026855,1.0,1.0,1.0,2000
649,0.9238415360450745,0.17306162416934967,0.09568874537944794,0.6550911664962769,1.0,1.0,1.0,2000
650,0.923582911491394,0.17306183278560638,0.09569977223873138,0.6548212766647339,1.0,1.0,1.0,2000
651,0.9233255386352539,0.17308397591114044,0.09571067988872528,0.6545308828353882,1.0,1.0,1.0,2000
652,0.9230693578720093,0.17313642799854279,0.09572038799524307,0.6542125344276428,1.0,1.0,1.0,2000
653,0.9228144884109497,0.17321637272834778,0.09572850912809372,0.65386962890625,1.0,1.0,1.0,2000
654,0.9225608110427856,0.17331156134605408,0.09573543071746826,0.6535138487815857,1.0,1.0,1.0,2000
655,0.9223082661628723,0.17340531945228577,0.09574215114116669,0.653160810470581,1.0,1.0,1.0,2000
656,0.922057032585144,0.17348356544971466,0.09574969857931137,0.652823805809021,1.0,1.0,1.0,2000
657,0.921806812286377,0.1735389530658722,0.09575885534286499,0.6525089740753174,1.0,1.0,1.0,2000
658,0.921557605266571,0.1735740602016449,0.0957697257399559,0.6522138118743896,1.0,1.0,1.0,2000
659,0.9213097095489502,0.1735987514257431,0.09578181803226471,0.6519291400909424,1.0,1.0,1.0,2000
660,0.921062707901001,0.17362628877162933,0.09579421579837799,0.6516422033309937,1.0,1.0,1.0,2000
661,0.9208167791366577,0.17366796731948853,0.09580595791339874,0.6513428688049316,1.0,1.0,1.0,2000
662,0.92057204246521,0.1737295389175415,0.09581634402275085,0.6510261297225952,1.0,1.0,1.0,2000
663,0.9203280806541443,0.173808753490448,0.0958251804113388,0.6506941318511963,1.0,1.0,1.0,2000
664,0.9200851917266846,0.17389746010303497,0.0958327129483223,0.6503549814224243,1.0,1.0,1.0,2000
665,0.9198431968688965,0.17398497462272644,0.09583953768014908,0.6500186920166016,1.0,1.0,1.0,2000
666,0.9196022748947144,0.17406216263771057,0.09584618359804153,0.6496939659118652,1.0,1.0,1.0,2000
667,0.9193622469902039,0.17412473261356354,0.09585312753915787,0.6493843793869019,1.0,1.0,1.0,2000
668,0.9191229939460754,0.1741744875907898,0.09586035460233688,0.6490881443023682,1.0,1.0,1.0,2000
669,0.9188847541809082,0.17421825230121613,0.09586766362190247,0.6487988233566284,1.0,1.0,1.0,2000
670,0.9186473488807678,0.17426422238349915,0.09587471187114716,0.6485084295272827,1.0,1.0,1.0,2000
671,0.9184107780456543,0.1743195354938507,0.09588117152452469,0.6482100486755371,1.0,1.0,1.0,2000
672,0.9181751012802124,0.17438708245754242,0.09588693082332611,0.6479010581970215,1.0,1.0,1.0,2000
673,0.9179401993751526,0.1744651198387146,0.09589220583438873,0.6475828886032104,1.0,1.0,1.0,2000
674,0.9177060127258301,0.1745481640100479,0.09589733928442001,0.6472605466842651,1.0,1.0,1.0,2000
675,0.917472779750824,0.1746295690536499,0.09590274840593338,0.6469404697418213,1.0,1.0,1.0,2000
676,0.9172402620315552,0.17470407485961914,0.0959087386727333,0.6466274261474609,1.0,1.0,1.0,2000
677,0.9170085191726685,0.1747695505619049,0.09591542929410934,0.646323561668396,1.0,1.0,1.0,2000
678,0.916777491569519,0.17482778429985046,0.09592261910438538,0.6460270881652832,1.0,1.0,1.0,2000
679,0.9165472984313965,0.17488329112529755,0.09593002498149872,0.6457339525222778,1.0,1.0,1.0,2000
680,0.9163175821304321,0.17494100332260132,0.09593729674816132,0.6454392671585083,1.0,1.0,1.0,2000
681,0.9160887002944946,0.17500515282154083,0.09594421833753586,0.6451393365859985,1.0,1.0,1.0,2000
682,0.9158605933189392,0.1750769317150116,0.09595070034265518,0.644832968711853,1.0,1.0,1.0,2000
683,0.9156330823898315,0.17515462636947632,0.09595688432455063,0.6445215940475464,1.0,1.0,1.0,2000
684,0.9154062271118164,0.17523473501205444,0.09596295654773712,0.644208550453186,1.0,1.0,1.0,2000
685,0.9151800870895386,0.17531336843967438,0.09596911072731018,0.6438975930213928,1.0,1.0,1.0,2000
686,0.9149546027183533,0.17538775503635406,0.09597542881965637,0.6435914039611816,1.0,1.0,1.0,2000
687,0.914729654788971,0.17545711994171143,0.09598185122013092,0.6432906985282898,1.0,1.0,1.0,2000
688,0.9145053625106812,0.17552337050437927,0.0959881916642189,0.6429938077926636,1.0,1.0,1.0,2000
689,0.9142816662788391,0.1755891889333725,0.09599418938159943,0.6426982879638672,1.0,1.0,1.0,2000
690,0.9140586256980896,0.17565743625164032,0.09599974751472473,0.6424014568328857,1.0,1.0,1.0,2000
691,0.9138361215591431,0.17572994530200958,0.09600476920604706,0.6421014070510864,1.0,1.0,1.0,2000
692,0.9136142134666443,0.17580673098564148,0.09600939601659775,0.6417980790138245,1.0,1.0,1.0,2000
693,0.9133929014205933,0.17588648200035095,0.09601382166147232,0.6414926052093506,1.0,1.0,1.0,2000
694,0.9131720066070557,0.1759667694568634,0.09601827710866928,0.6411869525909424,1.0,1.0,1.0,2000
695,0.9129517674446106,0.1760457456111908,0.09602292627096176,0.6408830881118774,1.0,1.0,1.0,2000
696,0.9127320051193237,0.17612206935882568,0.09602782130241394,0.6405821442604065,1.0,1.0,1.0,2000
697,0.9125127792358398,0.17619608342647552,0.09603289514780045,0.6402838230133057,1.0,1.0,1.0,2000
698,0.9122941493988037,0.17626899480819702,0.09603800624608994,0.6399871110916138,1.0,1.0,1.0,2000
699,0.9120758771896362,0.17634260654449463,0.09604299813508987,0.6396902799606323,1.0,1.0,1.0,2000
700,0.9118582010269165,0.1764182299375534,0.09604781121015549,0.6393921375274658,1.0,1.0,1.0,2000
701,0.9116409420967102,0.17649634182453156,0.09605243802070618,0.6390921473503113,1.0,1.0,1.0,2000
702,0.9114241600036621,0.17657658457756042,0.09605693072080612,0.6387906074523926,1.0,1.0,1.0,2000
703,0.9112078547477722,0.17665787041187286,0.09606146812438965,0.6384885311126709,1.0,1.0,1.0,2000
704,0.9109920263290405,0.1767389327287674,0.09606612473726273,0.6381869316101074,1.0,1.0,1.0,2000
705,0.9107764959335327,0.17681902647018433,0.09607091546058655,0.6378865838050842,1.0,1.0,1.0,2000
706,0.9105614423751831,0.1768978238105774,0.09607585519552231,0.6375877857208252,1.0,1.0,1.0,2000
707,0.9103469252586365,0.1769762635231018,0.09608076512813568,0.6372898817062378,1.0,1.0,1.0,2000
708,0.9101327657699585,0.17705492675304413,0.0960855782032013,0.6369922757148743,1.0,1.0,1.0,2000
709,0.909919023513794,0.17713479697704315,0.09609013050794601,0.636694073677063,1.0,1.0,1.0,2000
710,0.909705638885498,0.17721639573574066,0.09609442204236984,0.6363947987556458,1.0,1.0,1.0,2000
711,0.9094926118850708,0.17729945480823517,0.09609850496053696,0.6360946893692017,1.0,1.0,1.0,2000
712,0.909280002117157,0.17738325893878937,0.09610247611999512,0.6357942819595337,1.0,1.0,1.0,2000
713,0.9090678691864014,0.17746731638908386,0.09610641747713089,0.6354941129684448,1.0,1.0,1.0,2000
714,0.9088557958602905,0.1775510162115097,0.09611038118600845,0.6351944208145142,1.0,1.0,1.0,2000
715,0.9086443781852722,0.17763440310955048,0.09611441940069199,0.6348955631256104,1.0,1.0,1.0,2000
716,0.908433198928833,0.1777176707983017,0.09611845761537552,0.6345970630645752,1.0,1.0,1.0,2000
717,0.9082223176956177,0.17780141532421112,0.09612245112657547,0.6342984437942505,1.0,1.0,1.0,2000
718,0.908011794090271,0.17788614332675934,0.09612633287906647,0.6339992880821228,1.0,1.0,1.0,2000
719,0.9078015089035034,0.17797212302684784,0.09613008052110672,0.6336992979049683,1.0,1.0,1.0,2000
720,0.9075915813446045,0.17805902659893036,0.09613373875617981,0.6333988308906555,1.0,1.0,1.0,2000
721,0.9073820114135742,0.17814669013023376,0.09613733738660812,0.6330979466438293,1.0,1.0,1.0,2000
722,0.9071726202964783,0.17823436856269836,0.09614095091819763,0.6327973008155823,1.0,1.0,1.0,2000
723,0.906963586807251,0.1783219873905182,0.09614463150501251,0.6324969530105591,1.0,1.0,1.0,2000
724,0.906754732131958,0.17840957641601562,0.09614836424589157,0.6321967840194702,1.0,1.0,1.0,2000
725,0.9065462350845337,0.1784973293542862,0.09615213423967361,0.6318967342376709,1.0,1.0,1.0,2000
726,0.9063378572463989,0.17858567833900452,0.09615588188171387,0.6315963268280029,1.0,1.0,1.0,2000
727,0.9061298966407776,0.17867490649223328,0.09615956246852875,0.6312954425811768,1.0,1.0,1.0,2000
728,0.9059220552444458,0.178765207529068,0.09616313129663467,0.6309937238693237,1.0,1.0,1.0,2000
729,0.9057144522666931,0.17885617911815643,0.09616661816835403,0.630691647529602,1.0,1.0,1.0,2000
730,0.9055070877075195,0.1789478361606598,0.09617003053426743,0.6303892135620117,1.0,1.0,1.0,2000
731,0.9052999019622803,0.1790395826101303,0.09617341309785843,0.6300868988037109,1.0,1.0,1.0,2000
732,0.9050929546356201,0.17913135886192322,0.09617678821086884,0.6297848224639893,1.0,1.0,1.0,2000
733,0.9048861861228943,0.17922328412532806,0.09618017077445984,0.6294827461242676,1.0,1.0,1.0,2000
734,0.904679536819458,0.1793154776096344,0.09618353098630905,0.6291805505752563,1.0,1.0,1.0,2000
735,0.9044732451438904,0.1794082671403885,0.09618684649467468,0.628878116607666,1.0,1.0,1.0,2000
736,0.9042669534683228,0.17950186133384705,0.09619010984897614,0.6285749673843384,1.0,1.0,1.0,2000
737,0.904060959815979,0.179596409201622,0.09619329869747162,0.628271222114563,1.0,1.0,1.0,2000
738,0.9038549661636353,0.17969170212745667,0.09619644284248352,0.6279668211936951,1.0,1.0,1.0,2000
739,0.9036491513252258,0.17978757619857788,0.09619952738285065,0.6276620626449585,1.0,1.0,1.0,2000
740,0.903443455696106,0.17988376319408417,0.09620260447263718,0.6273571252822876,1.0,1.0,1.0,2000
741,0.9032379388809204,0.1799800544977188,0.09620567411184311,0.6270521879196167,1.0,1.0,1.0,2000
742,0.9030324816703796,0.18007659912109375,0.09620876610279083,0.6267471313476562,1.0,1.0,1.0,2000
743,0.9028271436691284,0.18017347157001495,0.09621187299489975,0.6264418363571167,1.0,1.0,1.0,2000
744,0.902621865272522,0.1802709847688675,0.09621493518352509,0.6261359453201294,1.0,1.0,1.0,2000
745,0.9024167060852051,0.18036913871765137,0.09621799737215042,0.6258295774459839,1.0,1.0,1.0,2000
746,0.9022116661071777,0.18046818673610687,0.09622101485729218,0.6255224943161011,1.0,1.0,1.0,2000
747,0.9020067453384399,0.1805681735277176,0.09622397273778915,0.6252145767211914,1.0,1.0,1.0,2000
748,0.9018017053604126,0.1806686967611313,0.09622691571712494,0.6249061226844788,1.0,1.0,1.0,2000
749,0.9015969038009644,0.18076974153518677,0.09622982144355774,0.6245973110198975,1.0,1.0,1.0,2000
750,0.9013919830322266,0.18087098002433777,0.09623274207115173,0.6242882609367371,1.0,1.0,1.0,2000
751,0.9011871218681335,0.18097253143787384,0.09623563289642334,0.6239789724349976,1.0,1.0,1.0,2000
752,0.9009823799133301,0.18107455968856812,0.09623851627111435,0.6236692667007446,1.0,1.0,1.0,2000
753,0.9007775783538818,0.18117718398571014,0.09624136984348297,0.6233590245246887,1.0,1.0,1.0,2000
754,0.9005727767944336,0.18128067255020142,0.09624416381120682,0.623047947883606,1.0,1.0,1.0,2000
755,0.9003680348396301,0.18138498067855835,0.09624694287776947,0.6227360963821411,1.0,1.0,1.0,2000
756,0.9001632332801819,0.18149001896381378,0.09624963998794556,0.6224235892295837,1.0,1.0,1.0,2000
757,0.8999582529067993,0.18159572780132294,0.09625231474637985,0.6221102476119995,1.0,1.0,1.0,2000
758,0.8997534513473511,0.18170210719108582,0.09625498205423355,0.6217963695526123,1.0,1.0,1.0,2000
759,0.8995486497879028,0.18180891871452332,0.09625764191150665,0.6214820742607117,1.0,1.0,1.0,2000
760,0.8993436694145203,0.18191605806350708,0.09626029431819916,0.6211673021316528,1.0,1.0,1.0,2000
761,0.8991386294364929,0.1820237636566162,0.09626291692256927,0.6208519339561462,1.0,1.0,1.0,2000
762,0.8989335298538208,0.18213215470314026,0.09626555442810059,0.6205358505249023,1.0,1.0,1.0,2000
763,0.8987283706665039,0.1822412759065628,0.09626813977956772,0.6202189922332764,1.0,1.0,1.0,2000
764,0.8985231518745422,0.18235130608081818,0.09627068042755127,0.619901180267334,1.0,1.0,1.0,2000
765,0.8983177542686462,0.18246221542358398,0.09627319872379303,0.6195823550224304,1.0,1.0,1.0,2000
766,0.8981123566627502,0.18257378041744232,0.0962757095694542,0.6192628741264343,1.0,1.0,1.0,2000
767,0.8979067206382751,0.18268589675426483,0.09627819806337357,0.6189426183700562,1.0,1.0,1.0,2000
768,0.8977010250091553,0.18279851973056793,0.09628069400787354,0.618621826171875,1.0,1.0,1.0,2000
769,0.8974952101707458,0.18291190266609192,0.09628315269947052,0.6183001399040222,1.0,1.0,1.0,2000
770,0.8972891569137573,0.1830257922410965,0.0962856113910675,0.6179777383804321,1.0,1.0,1.0,2000
771,0.897083044052124,0.18314050137996674,0.0962880402803421,0.6176545023918152,1.0,1.0,1.0,2000
772,0.8968766331672668,0.18325601518154144,0.09629043936729431,0.6173301935195923,1.0,1.0,1.0,2000
773,0.8966701030731201,0.18337242305278778,0.09629278630018234,0.6170048713684082,1.0,1.0,1.0,2000
774,0.8964635133743286,0.1834895759820938,0.09629512578248978,0.616678774356842,1.0,1.0,1.0,2000
775,0.8962565064430237,0.1836075335741043,0.09629742801189423,0.6163515448570251,1.0,1.0,1.0,2000
776,0.8960493803024292,0.18372608721256256,0.09629973769187927,0.6160235404968262,1.0,1.0,1.0,2000
777,0.8958420753479004,0.1838454008102417,0.09630201756954193,0.6156946420669556,1.0,1.0,1.0,2000
778,0.8956344127655029,0.18396534025669098,0.09630428999662399,0.6153647899627686,1.0,1.0,1.0,2000
779,0.8954266309738159,0.18408621847629547,0.09630652517080307,0.6150338649749756,1.0,1.0,1.0,2000
780,0.8952184915542603,0.18420785665512085,0.09630874544382095,0.6147019267082214,1.0,1.0,1.0,2000
781,0.895010232925415,0.18433037400245667,0.09631093591451645,0.6143689155578613,1.0,1.0,1.0,2000
782,0.8948014974594116,0.1844538301229477,0.09631308168172836,0.6140345931053162,1.0,1.0,1.0,2000
783,0.8945925235748291,0.1845780462026596,0.09631523489952087,0.6136992573738098,1.0,1.0,1.0,2000
784,0.894383430480957,0.1847030073404312,0.0963173657655716,0.6133630275726318,1.0,1.0,1.0,2000
785,0.894173800945282,0.1848287135362625,0.09631949663162231,0.6130256056785583,1.0,1.0,1.0,2000
786,0.8939639329910278,0.18495535850524902,0.09632159024477005,0.6126869916915894,1.0,1.0,1.0,2000
787,0.893753707408905,0.18508277833461761,0.09632368385791779,0.6123472452163696,1.0,1.0,1.0,2000
788,0.8935431241989136,0.1852111965417862,0.09632574766874313,0.6120061874389648,1.0,1.0,1.0,2000
789,0.8933321833610535,0.18534047901630402,0.0963277742266655,0.6116639375686646,1.0,1.0,1.0,2000
790,0.8931208848953247,0.18547070026397705,0.09632977843284607,0.6113203763961792,1.0,1.0,1.0,2000
791,0.8929092884063721,0.18560193479061127,0.09633178263902664,0.6109755635261536,1.0,1.0,1.0,2000
792,0.8926970958709717,0.185733824968338,0.09633374959230423,0.6106295585632324,1.0,1.0,1.0,2000
793,0.8924846649169922,0.18586668372154236,0.09633570909500122,0.610282301902771,1.0,1.0,1.0,2000
794,0.8922717571258545,0.18600058555603027,0.09633763134479523,0.6099335551261902,1.0,1.0,1.0,2000
795,0.8920584321022034,0.18613538146018982,0.09633956104516983,0.6095834970474243,1.0,1.0,1.0,2000
796,0.8918445706367493,0.186271071434021,0.09634143859148026,0.6092320680618286,1.0,1.0,1.0,2000
797,0.8916304111480713,0.18640784919261932,0.09634332358837128,0.6088792681694031,1.0,1.0,1.0,2000
798,0.8914155960083008,0.1865454912185669,0.09634516388177872,0.6085249185562134,1.0,1.0,1.0,2000
799,0.8912004232406616,0.18668422102928162,0.09634700417518616,0.6081691980361938,1.0,1.0,1.0,2000
800,0.8909845352172852,0.18682381510734558,0.09634881466627121,0.6078119277954102,1.0,1.0,1.0,2000
801,0.8907684087753296,0.18696461617946625,0.09635061770677567,0.6074531674385071,1.0,1.0,1.0,2000
802,0.8905516862869263,0.1871064305305481,0.09635238349437714,0.6070928573608398,1.0,1.0,1.0,2000
803,0.8903343081474304,0.18724922835826874,0.09635413438081741,0.6067309379577637,1.0,1.0,1.0,2000
804,0.8901164531707764,0.18739306926727295,0.0963558778166771,0.6063674688339233,1.0,1.0,1.0,2000
805,0.8898979425430298,0.1875380277633667,0.09635759145021439,0.6060023307800293,1.0,1.0,1.0,2000
806,0.889678955078125,0.18768401443958282,0.09635929763317108,0.6056356430053711,1.0,1.0,1.0,2000
807,0.8894592523574829,0.18783099949359894,0.09636098891496658,0.6052672863006592,1.0,1.0,1.0,2000
808,0.8892389535903931,0.18797917664051056,0.09636266529560089,0.604897141456604,1.0,1.0,1.0,2000
809,0.889018177986145,0.18812857568264008,0.09636430442333221,0.6045253276824951,1.0,1.0,1.0,2000
810,0.8887965679168701,0.18827897310256958,0.09636593610048294,0.6041516661643982,1.0,1.0,1.0,2000
811,0.8885743021965027,0.18843065202236176,0.09636755287647247,0.6037760972976685,1.0,1.0,1.0,2000
812,0.8883514404296875,0.18858349323272705,0.09636913985013962,0.6033987998962402,1.0,1.0,1.0,2000
813,0.8881278038024902,0.18873752653598785,0.09637069702148438,0.6030195951461792,1.0,1.0,1.0,2000
814,0.8879035711288452,0.18889285624027252,0.09637226164340973,0.6026384830474854,1.0,1.0,1.0,2000
815,0.8876785039901733,0.18904906511306763,0.09637381136417389,0.602255642414093,1.0,1.0,1.0,2000
816,0.8874527215957642,0.18920664489269257,0.09637533873319626,0.6018707752227783,1.0,1.0,1.0,2000
817,0.8872261047363281,0.1893654763698578,0.09637683629989624,0.6014838218688965,1.0,1.0,1.0,2000
818,0.8869988918304443,0.18952584266662598,0.09637831151485443,0.6010947227478027,1.0,1.0,1.0,2000
819,0.8867707848548889,0.18968726694583893,0.09637978672981262,0.6007037162780762,1.0,1.0,1.0,2000
820,0.8865417242050171,0.18985015153884888,0.09638121724128723,0.6003103852272034,1.0,1.0,1.0,2000
821,0.8863121271133423,0.19001427292823792,0.09638267010450363,0.5999151468276978,1.0,1.0,1.0,2000
822,0.8860814571380615,0.19017963111400604,0.09638408571481705,0.5995177030563354,1.0,1.0,1.0,2000
823,0.8858499526977539,0.19034652411937714,0.09638549387454987,0.5991179347038269,1.0,1.0,1.0,2000
824,0.8856174945831299,0.1905146688222885,0.09638688713312149,0.5987159609794617,1.0,1.0,1.0,2000
825,0.8853842616081238,0.19068433344364166,0.09638825058937073,0.5983116626739502,1.0,1.0,1.0,2000
826,0.8851499557495117,0.1908554583787918,0.09638960659503937,0.5979049205780029,1.0,1.0,1.0,2000
827,0.884914755821228,0.1910279244184494,0.09639094024896622,0.5974959135055542,1.0,1.0,1.0,2000
828,0.8846786022186279,0.19120192527770996,0.09639228135347366,0.5970844030380249,1.0,1.0,1.0,2000
829,0.8844414949417114,0.19137737154960632,0.09639358520507812,0.5966705083847046,1.0,1.0,1.0,2000
830,0.884203314781189,0.19155441224575043,0.09639488905668259,0.5962539911270142,1.0,1.0,1.0,2000
831,0.8839640617370605,0.19173301756381989,0.09639616310596466,0.5958349108695984,1.0,1.0,1.0,2000
832,0.883723795413971,0.19191314280033112,0.09639742970466614,0.5954132080078125,1.0,1.0,1.0,2000
833,0.8834823369979858,0.19209489226341248,0.09639865905046463,0.5949888229370117,1.0,1.0,1.0,2000
834,0.8832398653030396,0.19227828085422516,0.09639990329742432,0.5945616960525513,1.0,1.0,1.0,2000
835,0.8829963207244873,0.19246332347393036,0.0964011400938034,0.5941318273544312,1.0,1.0,1.0,2000
836,0.88275146484375,0.1926499307155609,0.09640233963727951,0.5936992168426514,1.0,1.0,1.0,2000
837,0.8825055360794067,0.19283828139305115,0.09640354663133621,0.5932637453079224,1.0,1.0,1.0,2000
838,0.8822584748268127,0.19302843511104584,0.09640473127365112,0.5928252935409546,1.0,1.0,1.0,2000
839,0.8820100426673889,0.19322042167186737,0.09640588611364365,0.5923837423324585,1.0,1.0,1.0,2000
840,0.8817604780197144,0.1934141218662262,0.09640705585479736,0.5919393301010132,1.0,1.0,1.0,2000
841,0.88150954246521,0.19360966980457306,0.0964081883430481,0.59149169921875,1.0,1.0,1.0,2000
842,0.8812572360038757,0.19380712509155273,0.09640932828187943,0.5910407900810242,1.0,1.0,1.0,2000
843,0.8810036778450012,0.19400645792484283,0.09641044586896896,0.59058678150177,1.0,1.0,1.0,2000
844,0.8807487487792969,0.19420769810676575,0.0964115560054779,0.5901294946670532,1.0,1.0,1.0,2000
845,0.8804923892021179,0.19441086053848267,0.09641265869140625,0.589668869972229,1.0,1.0,1.0,2000
846,0.8802345991134644,0.19461621344089508,0.0964137464761734,0.5892046689987183,1.0,1.0,1.0,2000
847,0.879975438117981,0.1948234736919403,0.09641481935977936,0.5887371301651001,1.0,1.0,1.0,2000
848,0.8797146081924438,0.19503286480903625,0.09641588479280472,0.5882658958435059,1.0,1.0,1.0,2000
849,0.8794523477554321,0.19524434208869934,0.09641695022583008,0.5877910852432251,1.0,1.0,1.0,2000
850,0.8791884183883667,0.19545798003673553,0.09641799330711365,0.5873124599456787,1.0,1.0,1.0,2000
851,0.8789230585098267,0.1956738978624344,0.09641902148723602,0.5868301391601562,1.0,1.0,1.0,2000
852,0.8786560297012329,0.19589205086231232,0.096420057117939,0.5863438844680786,1.0,1.0,1.0,2000
853,0.8783872723579407,0.1961125135421753,0.09642107784748077,0.5858536958694458,1.0,1.0,1.0,2000
854,0.8781169056892395,0.19633528590202332,0.09642209112644196,0.585359513759613,1.0,1.0,1.0,2000
855,0.8778446316719055,0.19656048715114594,0.09642309695482254,0.5848610401153564,1.0,1.0,1.0,2000
856,0.8775707483291626,0.19678816199302673,0.09642409533262253,0.5843584537506104,1.0,1.0,1.0,2000
857,0.8772948980331421,0.1970183402299881,0.09642507880926132,0.5838514566421509,1.0,1.0,1.0,2000
858,0.8770172595977783,0.19725120067596436,0.09642603248357773,0.5833399891853333,1.0,1.0,1.0,2000
859,0.8767377138137817,0.19748659431934357,0.09642702341079712,0.5828241109848022,1.0,1.0,1.0,2000
860,0.8764561414718628,0.19772465527057648,0.09642798453569412,0.582303524017334,1.0,1.0,1.0,2000
861,0.876172661781311,0.1979653388261795,0.09642894566059113,0.5817784070968628,1.0,1.0,1.0,2000
862,0.8758870363235474,0.1982087641954422,0.09642990678548813,0.5812483429908752,1.0,1.0,1.0,2000
863,0.8755993843078613,0.19845515489578247,0.09643086045980453,0.5807133913040161,1.0,1.0,1.0,2000
864,0.8753095865249634,0.19870460033416748,0.09643179178237915,0.5801731944084167,1.0,1.0,1.0,2000
865,0.875017523765564,0.19895708560943604,0.09643271565437317,0.5796277523040771,1.0,1.0,1.0,2000
866,0.8747231960296631,0.1992127001285553,0.09643363952636719,0.579076886177063,1.0,1.0,1.0,2000
867,0.8744267225265503,0.19947141408920288,0.09643454849720001,0.5785207748413086,1.0,1.0,1.0,2000
868,0.8741277456283569,0.19973324239253998,0.09643547981977463,0.5779590606689453,1.0,1.0,1.0,2000
869,0.8738263845443726,0.19999831914901733,0.09643641859292984,0.5773916840553284,1.0,1.0,1.0,2000
870,0.8735225200653076,0.20026670396327972,0.09643733501434326,0.5768184661865234,1.0,1.0,1.0,2000
871,0.8732161521911621,0.20053881406784058,0.09643824398517609,0.5762391090393066,1.0,1.0,1.0,2000
872,0.8729071617126465,0.20081454515457153,0.09643914550542831,0.5756534337997437,1.0,1.0,1.0,2000
873,0.8725955486297607,0.20109404623508453,0.09644003957509995,0.5750614404678345,1.0,1.0,1.0,2000
874,0.872281014919281,0.20137719810009003,0.09644091874361038,0.574462890625,1.0,1.0,1.0,2000
875,0.8719637393951416,0.20166416466236115,0.09644182026386261,0.5738577842712402,1.0,1.0,1.0,2000
876,0.8716436624526978,0.20195510983467102,0.09644271433353424,0.5732458233833313,1.0,1.0,1.0,2000
877,0.8713204860687256,0.20225006341934204,0.09644361585378647,0.5726267695426941,1.0,1.0,1.0,2000
878,0.8709942698478699,0.20254933834075928,0.0964445024728775,0.5720004439353943,1.0,1.0,1.0,2000
879,0.8706648349761963,0.2028530091047287,0.09644536674022675,0.5713664889335632,1.0,1.0,1.0,2000
880,0.8703323006629944,0.20316122472286224,0.09644624590873718,0.5707248449325562,1.0,1.0,1.0,2000
881,0.8699964284896851,0.2034739851951599,0.09644711017608643,0.5700753331184387,1.0,1.0,1.0,2000
882,0.8696571588516235,0.20379142463207245,0.09644798189401627,0.5694177150726318,1.0,1.0,1.0,2000
883,0.8693142533302307,0.20411370694637299,0.0964488536119461,0.5687516927719116,1.0,1.0,1.0,2000
884,0.8689677119255066,0.20444099605083466,0.09644973278045654,0.5680769681930542,1.0,1.0,1.0,2000
885,0.8686175346374512,0.20477351546287537,0.09645060449838638,0.56739342212677,1.0,1.0,1.0,2000
886,0.8682634234428406,0.20511163771152496,0.09645143896341324,0.5667003393173218,1.0,1.0,1.0,2000
887,0.8679054379463196,0.20545533299446106,0.09645228087902069,0.565997838973999,1.0,1.0,1.0,2000
888,0.8675433397293091,0.20580463111400604,0.09645312279462814,0.5652855634689331,1.0,1.0,1.0,2000
889,0.8671770095825195,0.20615991950035095,0.0964539647102356,0.5645631551742554,1.0,1.0,1.0,2000
890,0.8668062686920166,0.20652124285697937,0.09645480662584305,0.5638302564620972,1.0,1.0,1.0,2000
891,0.8664311170578003,0.20688888430595398,0.0964556336402893,0.5630866289138794,1.0,1.0,1.0,2000
892,0.8660512566566467,0.20726314187049866,0.09645644575357437,0.5623316764831543,1.0,1.0,1.0,2000
893,0.8656666278839111,0.20764431357383728,0.09645726531744003,0.5615650415420532,1.0,1.0,1.0,2000
894,0.8652769327163696,0.20803268253803253,0.09645804017782211,0.560786247253418,1.0,1.0,1.0,2000
895,0.8648821115493774,0.20842833817005157,0.0964588075876236,0.5599949955940247,1.0,1.0,1.0,2000
896,0.864482045173645,0.20883169770240784,0.09645956754684448,0.5591907501220703,1.0,1.0,1.0,2000
897,0.8640764951705933,0.20924292504787445,0.09646032750606537,0.558373212814331,1.0,1.0,1.0,2000
898,0.8636651039123535,0.20966234803199768,0.09646106511354446,0.5575416684150696,1.0,1.0,1.0,2000
899,0.8632477521896362,0.2100905179977417,0.09646178036928177,0.5566954612731934,1.0,1.0,1.0,2000
900,0.8628242015838623,0.21052750945091248,0.09646248072385788,0.555834174156189,1.0,1.0,1.0,2000
901,0.8623942136764526,0.2109740674495697,0.09646312147378922,0.5549570322036743,1.0,1.0,1.0,2000
902,0.8619576692581177,0.21143032610416412,0.09646376222372055,0.5540635585784912,1.0,1.0,1.0,2000
903,0.8615139722824097,0.21189679205417633,0.09646432846784592,0.553152859210968,1.0,1.0,1.0,2000
904,0.8610631823539734,0.21237389743328094,0.09646488726139069,0.5522243976593018,1.0,1.0,1.0,2000
905,0.8606046438217163,0.21286220848560333,0.09646539390087128,0.5512770414352417,1.0,1.0,1.0,2000
906,0.8601384162902832,0.21336227655410767,0.09646586328744888,0.5503102540969849,1.0,1.0,1.0,2000
907,0.859663724899292,0.21387456357479095,0.09646625071763992,0.5493229031562805,1.0,1.0,1.0,2000
908,0.8591804504394531,0.21439984440803528,0.09646660089492798,0.5483139753341675,1.0,1.0,1.0,2000
909,0.8586881160736084,0.21493865549564362,0.09646686911582947,0.5472825765609741,1.0,1.0,1.0,2000
910,0.8581863045692444,0.21549181640148163,0.0964670404791832,0.5462274551391602,1.0,1.0,1.0,2000
911,0.8576745986938477,0.21605999767780304,0.09646714478731155,0.5451474189758301,1.0,1.0,1.0,2000
912,0.8571522235870361,0.21664394438266754,0.09646712988615036,0.5440411567687988,1.0,1.0,1.0,2000
913,0.8566188812255859,0.21724474430084229,0.09646701067686081,0.5429071187973022,1.0,1.0,1.0,2000
914,0.856073796749115,0.21786333620548248,0.09646674990653992,0.5417436957359314,1.0,1.0,1.0,2000
915,0.8555164337158203,0.21850091218948364,0.09646634012460709,0.5405491590499878,1.0,1.0,1.0,2000
916,0.8549460172653198,0.2191585898399353,0.09646574407815933,0.5393217206001282,1.0,1.0,1.0,2000
917,0.8543617725372314,0.21983730792999268,0.09646500647068024,0.5380594730377197,1.0,1.0,1.0,2000
918,0.8537628054618835,0.2205386757850647,0.09646403789520264,0.5367600917816162,1.0,1.0,1.0,2000
919,0.8531482815742493,0.2212642878293991,0.09646284580230713,0.5354211330413818,1.0,1.0,1.0,2000
920,0.8525170087814331,0.22201602160930634,0.09646135568618774,0.5340396165847778,1.0,1.0,1.0,2000
921,0.8518678545951843,0.22279536724090576,0.09645956009626389,0.5326129198074341,1.0,1.0,1.0,2000
922,0.8511995673179626,0.2236044555902481,0.09645742177963257,0.5311377048492432,1.0,1.0,1.0,2000
923,0.8505107164382935,0.22444573044776917,0.09645489603281021,0.5296100974082947,1.0,1.0,1.0,2000
924,0.849799633026123,0.22532159090042114,0.09645188599824905,0.5280261635780334,1.0,1.0,1.0,2000
925,0.8490645885467529,0.22623500227928162,0.0964483693242073,0.5263811945915222,1.0,1.0,1.0,2000
926,0.8483033180236816,0.2271890491247177,0.0964442640542984,0.5246700048446655,1.0,1.0,1.0,2000
927,0.847513735294342,0.22818751633167267,0.09643945097923279,0.5228867530822754,1.0,1.0,1.0,2000
928,0.8466928005218506,0.22923414409160614,0.0964338630437851,0.5210248231887817,1.0,1.0,1.0,2000
929,0.8458378314971924,0.23033373057842255,0.09642736613750458,0.5190767049789429,1.0,1.0,1.0,2000
930,0.844944953918457,0.23149152100086212,0.0964198186993599,0.517033576965332,1.0,1.0,1.0,2000
931,0.8440099358558655,0.23271334171295166,0.09641103446483612,0.5148855447769165,1.0,1.0,1.0,2000
932,0.8430280685424805,0.2340063750743866,0.09640081971883774,0.5126208662986755,1.0,1.0,1.0,2000
933,0.8419932126998901,0.23537839949131012,0.09638891369104385,0.5102258920669556,1.0,1.0,1.0,2000
934,0.8408982753753662,0.23683853447437286,0.0963749960064888,0.5076847076416016,1.0,1.0,1.0,2000
935,0.839734673500061,0.23839767277240753,0.09635869413614273,0.5049782991409302,1.0,1.0,1.0,2000
936,0.8384919166564941,0.24006842076778412,0.09633950889110565,0.502083957195282,1.0,1.0,1.0,2000
937,0.8371564745903015,0.24186526238918304,0.09631689637899399,0.4989743232727051,1.0,1.0,1.0,2000
938,0.8357118964195251,0.243805930018425,0.09629002213478088,0.49561595916748047,1.0,1.0,1.0,2000
939,0.8341363668441772,0.24591054022312164,0.09625793993473053,0.4919678568840027,1.0,1.0,1.0,2000
940,0.8324016332626343,0.24820370972156525,0.09621934592723846,0.48797857761383057,1.0,1.0,1.0,2000
941,0.8304696083068848,0.25071361660957336,0.09617249667644501,0.48358353972435,1.0,1.0,1.0,2000
942,0.8282883763313293,0.253473162651062,0.09611507505178452,0.4787001311779022,1.0,1.0,1.0,2000
943,0.825783908367157,0.2565191686153412,0.09604379534721375,0.47322094440460205,1.0,1.0,1.0,2000
944,0.8228489756584167,0.259890615940094,0.095954030752182,0.46700432896614075,1.0,1.0,1.0,2000
945,0.8193216323852539,0.2636219561100006,0.09583903849124908,0.459860622882843,1.0,1.0,1.0,2000
946,0.8149478435516357,0.26772722601890564,0.09568876028060913,0.45153188705444336,1.0,1.0,1.0,2000
947,0.8093125820159912,0.27216264605522156,0.09548771381378174,0.4416622519493103,1.0,1.0,1.0,2000
948,0.8017075061798096,0.27673858404159546,0.09521149098873138,0.4297574460506439,1.0,1.0,1.0,2000
949,0.7908806800842285,0.2809242606163025,0.09482084214687347,0.41513556241989136,1.0,1.0,1.0,2000
950,0.7746083736419678,0.2834610641002655,0.09425216913223267,0.3968951106071472,1.0,1.0,1.0,2000
951,0.7493217587471008,0.28191077709198,0.09340530633926392,0.37400567531585693,1.0,1.0,1.0,2000
952,0.7121673822402954,0.27418413758277893,0.09214019030332565,0.34584301710128784,1.0,1.0,1.0,2000
953,0.6755037307739258,0.2713422477245331,0.09033019095659256,0.31383129954338074,1.0,1.0,1.0,2000
954,0.6818695068359375,0.3094251751899719,0.08814750611782074,0.28429678082466125,1.0,1.0,1.0,2000
955,0.6701169013977051,0.3129270076751709,0.08728969842195511,0.26990020275115967,1.0,1.0,1.0,2000
956,0.6357046365737915,0.26811712980270386,0.09033221751451492,0.2772552967071533,1.0,1.0,1.0,2000
957,0.6417359113693237,0.25600460171699524,0.09411850571632385,0.29161280393600464,1.0,1.0,1.0,2000
958,0.6124394536018372,0.2232818901538849,0.09421716630458832,0.29494041204452515,1.0,1.0,1.0,2000
959,0.5688101053237915,0.19303396344184875,0.0915190577507019,0.28425708413124084,1.0,1.0,1.0,2000
960,0.5739095211029053,0.2131744921207428,0.08879294246435165,0.2719421088695526,1.0,1.0,1.0,2000
961,0.5489366054534912,0.18727630376815796,0.0866168662905693,0.27504342794418335,1.0,1.0,1.0,2000
962,0.5562103986740112,0.18896326422691345,0.08451011776924133,0.28273698687553406,1.0,1.0,1.0,2000
963,0.5772591829299927,0.2146655172109604,0.08300077170133591,0.279592901468277,1.0,1.0,1.0,2000
964,0.5821802616119385,0.23129671812057495,0.0827842652797699,0.268099308013916,1.0,1.0,1.0,2000
965,0.5842649936676025,0.23598764836788177,0.08444176614284515,0.2638355493545532,1.0,1.0,1.0,2000
966,0.575081467628479,0.21177902817726135,0.08767206966876984,0.2756303548812866,1.0,1.0,1.0,2000
967,0.5667707920074463,0.19301539659500122,0.08933217823505402,0.28442323207855225,1.0,1.0,1.0,2000
968,0.5456580519676208,0.18461675941944122,0.08737035095691681,0.2736709415912628,1.0,1.0,1.0,2000
969,0.5286744832992554,0.19288605451583862,0.08421716094017029,0.25157129764556885,1.0,1.0,1.0,2000
970,0.5270254611968994,0.2092619091272354,0.08271560072898865,0.23504790663719177,1.0,1.0,1.0,2000
971,0.5251528024673462,0.2112012505531311,0.08325230330228806,0.23069927096366882,1.0,1.0,1.0,2000
972,0.5239463448524475,0.20511475205421448,0.08507609367370605,0.23375551402568817,1.0,1.0,1.0,2000
973,0.5276875495910645,0.2035752832889557,0.0871468186378479,0.23696547746658325,1.0,1.0,1.0,2000
974,0.5319269299507141,0.20842236280441284,0.08805304765701294,0.23545151948928833,1.0,1.0,1.0,2000
975,0.5298574566841125,0.2147437483072281,0.08695219457149506,0.2281615138053894,1.0,1.0,1.0,2000
976,0.5239437818527222,0.22180385887622833,0.08454427868127823,0.2175956666469574,1.0,1.0,1.0,2000
977,0.5196043848991394,0.2299216389656067,0.08221431076526642,0.20746846497058868,1.0,1.0,1.0,2000
978,0.5154819488525391,0.23387067019939423,0.08081389218568802,0.20079736411571503,1.0,1.0,1.0,2000
979,0.5095075368881226,0.22941215336322784,0.08065404742956161,0.1994413286447525,1.0,1.0,1.0,2000
980,0.5042320489883423,0.2195734679698944,0.08164873719215393,0.20300981402397156,1.0,1.0,1.0,2000
981,0.502998411655426,0.2125263661146164,0.08290897309780121,0.20756305754184723,1.0,1.0,1.0,2000
982,0.5028575658798218,0.21215668320655823,0.08299116790294647,0.20770971477031708,1.0,1.0,1.0,2000
983,0.500625729560852,0.21777112782001495,0.08128096908330917,0.2015736699104309,1.0,1.0,1.0,2000
984,0.49857097864151,0.22731804847717285,0.07862623035907745,0.1926267296075821,1.0,1.0,1.0,2000
985,0.4962550699710846,0.23422864079475403,0.0762801468372345,0.18574628233909607,1.0,1.0,1.0,2000
986,0.4917604327201843,0.2344614863395691,0.07482389360666275,0.18247507512569427,1.0,1.0,1.0,2000
987,0.48660820722579956,0.23155581951141357,0.07409621775150299,0.180956169962883,1.0,1.0,1.0,2000
988,0.48261186480522156,0.23035702109336853,0.07346389442682266,0.17879095673561096,1.0,1.0,1.0,2000
989,0.4788520932197571,0.23180313408374786,0.07225943356752396,0.17478951811790466,1.0,1.0,1.0,2000
990,0.47449368238449097,0.23493511974811554,0.07045262306928635,0.16910593211650848,1.0,1.0,1.0,2000
991,0.47127407789230347,0.23990900814533234,0.06865018606185913,0.1627149134874344,1.0,1.0,1.0,2000
992,0.46833786368370056,0.24394474923610687,0.0673547312617302,0.1570383906364441,1.0,1.0,1.0,2000
993,0.4648240804672241,0.24460861086845398,0.06664278358221054,0.153572678565979,1.0,1.0,1.0,2000
994,0.4604776203632355,0.24153472483158112,0.06627157330513,0.15267130732536316,1.0,1.0,1.0,2000
995,0.4557177722454071,0.23738417029380798,0.0658160150051117,0.15251758694648743,1.0,1.0,1.0,2000
996,0.4504561424255371,0.23487240076065063,0.06495621055364609,0.1506275236606598,1.0,1.0,1.0,2000
997,0.44423264265060425,0.234188050031662,0.06368738412857056,0.1463572084903717,1.0,1.0,1.0,2000
998,0.438030868768692,0.23450127243995667,0.062262941151857376,0.14126664400100708,1.0,1.0,1.0,2000
999,0.43182387948036194,0.2334403246641159,0.061068400740623474,0.13731515407562256,1.0,1.0,1.0,2000
1000,0.4254365563392639,0.22975262999534607,0.06045948341488838,0.13522444665431976,1.0,1.0,1.0,2000
1001,0.4185851514339447,0.22360041737556458,0.06046932935714722,0.1345154047012329,1.0,1.0,1.0,2000
1002,0.41187623143196106,0.2172253429889679,0.060600653290748596,0.13405022025108337,1.0,1.0,1.0,2000
1003,0.4048355221748352,0.21227268874645233,0.06018920987844467,0.1323736310005188,1.0,1.0,1.0,2000
1004,0.3974355161190033,0.2094673365354538,0.05916576832532883,0.12880241870880127,1.0,1.0,1.0,2000
1005,0.38973337411880493,0.20760832726955414,0.05792331323027611,0.12420173734426498,1.0,1.0,1.0,2000
1006,0.38207507133483887,0.2052736133337021,0.05669045075774193,0.12011101841926575,1.0,1.0,1.0,2000
1007,0.3742038607597351,0.20133092999458313,0.05557951331138611,0.11729342490434647,1.0,1.0,1.0,2000
1008,0.3665107488632202,0.1963396519422531,0.054760511964559555,0.11541061103343964,1.0,1.0,1.0,2000
1009,0.3591890335083008,0.19168107211589813,0.05401593819260597,0.11349203437566757,1.0,1.0,1.0,2000
1010,0.35214900970458984,0.18869991600513458,0.05285009741783142,0.11059901118278503,1.0,1.0,1.0,2000
1011,0.3455637991428375,0.18715089559555054,0.05143808200955391,0.10697481781244278,1.0,1.0,1.0,2000
1012,0.33952149748802185,0.18550649285316467,0.05028503015637398,0.1037299707531929,1.0,1.0,1.0,2000
1013,0.33409374952316284,0.1832946538925171,0.04936659708619118,0.10143248736858368,1.0,1.0,1.0,2000
1014,0.3291863799095154,0.18038275837898254,0.048678360879421234,0.1001252681016922,1.0,1.0,1.0,2000
1015,0.32485151290893555,0.17700037360191345,0.04834949970245361,0.09950165450572968,1.0,1.0,1.0,2000
1016,0.32112452387809753,0.1747148334980011,0.047907426953315735,0.0985022559762001,1.0,1.0,1.0,2000
1017,0.3178390860557556,0.17405100166797638,0.047123707830905914,0.09666436165571213,1.0,1.0,1.0,2000
1018,0.31498539447784424,0.17371945083141327,0.046461984515190125,0.09480396658182144,1.0,1.0,1.0,2000
1019,0.3125755786895752,0.17330805957317352,0.04591383412480354,0.09335368126630783,1.0,1.0,1.0,2000
1020,0.3104291260242462,0.17235980927944183,0.04549727961421013,0.09257204085588455,1.0,1.0,1.0,2000
1021,0.30847615003585815,0.17039509117603302,0.045456793159246445,0.0926242545247078,1.0,1.0,1.0,2000
1022,0.3067377805709839,0.16877791285514832,0.04535363242030144,0.09260621666908264,1.0,1.0,1.0,2000
1023,0.3051096796989441,0.16797839105129242,0.04505298659205437,0.0920783057808876,1.0,1.0,1.0,2000
1024,0.30352360010147095,0.16730624437332153,0.04482535272836685,0.09139201045036316,1.0,1.0,1.0,2000
1025,0.30200231075286865,0.16686084866523743,0.044533781707286835,0.09060768038034439,1.0,1.0,1.0,2000
1026,0.30049777030944824,0.1658676117658615,0.044407956302165985,0.09022219479084015,1.0,1.0,1.0,2000
1027,0.2989566922187805,0.16397881507873535,0.04457971453666687,0.09039817005395889,1.0,1.0,1.0,2000
1028,0.29739469289779663,0.16214092075824738,0.04471978917717934,0.09053397923707962,1.0,1.0,1.0,2000
1029,0.2958042323589325,0.16040842235088348,0.04489503055810928,0.09050076454877853,1.0,1.0,1.0,2000
1030,0.29416003823280334,0.15883927047252655,0.04508870840072632,0.09023206681013107,1.0,1.0,1.0,2000
1031,0.29247352480888367,0.1574956476688385,0.04521225020289421,0.08976563066244125,1.0,1.0,1.0,2000
1032,0.29076069593429565,0.1556081622838974,0.0455317422747612,0.08962079137563705,1.0,1.0,1.0,2000
1033,0.2890298068523407,0.1532287448644638,0.0459919199347496,0.08980914950370789,1.0,1.0,1.0,2000
1034,0.2873014807701111,0.15075421333312988,0.04646645113825798,0.09008082747459412,1.0,1.0,1.0,2000
1035,0.28558796644210815,0.148298978805542,0.046995192766189575,0.0902937799692154,1.0,1.0,1.0,2000
1036,0.28389212489128113,0.14637698233127594,0.04739003628492355,0.09012512117624283,1.0,1.0,1.0,2000
1037,0.282223641872406,0.14488711953163147,0.047677040100097656,0.08965947479009628,1.0,1.0,1.0,2000
1038,0.28058451414108276,0.14336566627025604,0.048004016280174255,0.08921484649181366,1.0,1.0,1.0,2000
1039,0.27896660566329956,0.14183984696865082,0.04829743504524231,0.08882932364940643,1.0,1.0,1.0,2000
1040,0.2773715853691101,0.1402232050895691,0.04860865697264671,0.08853970468044281,1.0,1.0,1.0,2000
1041,0.2757952809333801,0.13870330154895782,0.04890092462301254,0.08819106966257095,1.0,1.0,1.0,2000
1042,0.27422142028808594,0.137632355093956,0.04903896898031235,0.0875500962138176,1.0,1.0,1.0,2000
1043,0.27264586091041565,0.13681113719940186,0.04911423102021217,0.08672050386667252,1.0,1.0,1.0,2000
1044,0.27107053995132446,0.13611122965812683,0.0491425096988678,0.08581679314374924,1.0,1.0,1.0,2000
1045,0.2694823145866394,0.1354212760925293,0.04912947118282318,0.08493157476186752,1.0,1.0,1.0,2000
1046,0.26787176728248596,0.13458341360092163,0.049155283719301224,0.0841330736875534,1.0,1.0,1.0,2000
1047,0.26623961329460144,0.13386815786361694,0.04912418872117996,0.08324726670980453,1.0,1.0,1.0,2000
1048,0.2645779252052307,0.1333838850259781,0.04901670664548874,0.08217735588550568,1.0,1.0,1.0,2000
1049,0.2628796696662903,0.1330355405807495,0.04887879639863968,0.08096534758806229,1.0,1.0,1.0,2000
1050,0.2611471712589264,0.13279475271701813,0.04868556559085846,0.07966684550046921,1.0,1.0,1.0,2000
1051,0.25937917828559875,0.13240930438041687,0.048530131578445435,0.07843973487615585,1.0,1.0,1.0,2000
1052,0.25757473707199097,0.13186775147914886,0.04841230437159538,0.07729466259479523,1.0,1.0,1.0,2000
1053,0.2557365298271179,0.13132983446121216,0.04827699437737465,0.0761297196149826,1.0,1.0,1.0,2000
1054,0.2538631558418274,0.13081322610378265,0.04814940318465233,0.0749005377292633,1.0,1.0,1.0,2000
1055,0.25195562839508057,0.1304340362548828,0.047972310334444046,0.0735492929816246,1.0,1.0,1.0,2000
1056,0.25001609325408936,0.13006621599197388,0.047793976962566376,0.0721559077501297,1.0,1.0,1.0,2000
1057,0.24804279208183289,0.12960025668144226,0.047648895531892776,0.07079365104436874,1.0,1.0,1.0,2000
1058,0.24603424966335297,0.12908339500427246,0.04750553146004677,0.06944532692432404,1.0,1.0,1.0,2000
1059,0.24398931860923767,0.1284976452589035,0.04739406704902649,0.06809761375188828,1.0,1.0,1.0,2000
1060,0.2419060468673706,0.12798567116260529,0.047247566282749176,0.06667280197143555,1.0,1.0,1.0,2000
1061,0.23978152871131897,0.12747959792613983,0.047098975628614426,0.06520295143127441,1.0,1.0,1.0,2000
1062,0.2376146912574768,0.12691634893417358,0.04696032404899597,0.06373802572488785,1.0,1.0,1.0,2000
1063,0.23540234565734863,0.1262456327676773,0.04683971032500267,0.062317002564668655,1.0,1.0,1.0,2000
1064,0.23314118385314941,0.12542396783828735,0.04676526412367821,0.060951948165893555,1.0,1.0,1.0,2000
1065,0.230829656124115,0.12457454949617386,0.046678464859724045,0.05957665294408798,1.0,1.0,1.0,2000
1066,0.22846350073814392,0.12366557121276855,0.04661177098751068,0.05818616598844528,1.0,1.0,1.0,2000
1067,0.22604155540466309,0.12275391817092896,0.04652171581983566,0.05676591396331787,1.0,1.0,1.0,2000
1068,0.22356180846691132,0.12171526253223419,0.04647176340222359,0.05537478253245354,1.0,1.0,1.0,2000
1069,0.2210235297679901,0.1205887570977211,0.04642460122704506,0.05401017144322395,1.0,1.0,1.0,2000
1070,0.21842534840106964,0.11932755261659622,0.04641817882657051,0.05267960950732231,1.0,1.0,1.0,2000
1071,0.21576792001724243,0.1180407777428627,0.046388208866119385,0.051338933408260345,1.0,1.0,1.0,2000
1072,0.21304993331432343,0.11665929108858109,0.0463847815990448,0.050005871802568436,1.0,1.0,1.0,2000
1073,0.21027439832687378,0.1152511015534401,0.04634701833128929,0.04867628216743469,1.0,1.0,1.0,2000
1074,0.20744213461875916,0.11366453021764755,0.04637705534696579,0.047400545328855515,1.0,1.0,1.0,2000
1075,0.2045620232820511,0.11207631975412369,0.04634493589401245,0.046140775084495544,1.0,1.0,1.0,2000
1076,0.20164652168750763,0.11028368026018143,0.046433575451374054,0.04492926970124245,1.0,1.0,1.0,2000
1077,0.19875377416610718,0.10872860997915268,0.04633592069149017,0.04368924722075462,1.0,1.0,1.0,2000
1078,0.1960265040397644,0.106966532766819,0.04654115065932274,0.04251881688833237,1.0,1.0,1.0,2000
1079,0.19409354031085968,0.1065208837389946,0.04625001177191734,0.04132264479994774,1.0,1.0,1.0,2000
1080,0.19462577998638153,0.10749746114015579,0.04685666412115097,0.04027165099978447,1.0,1.0,1.0,2000
1081,0.206133633852005,0.1209011897444725,0.04589899256825447,0.039333444088697433,1.0,1.0,1.0,2000
1082,0.2339036911725998,0.1477176398038864,0.04763782024383545,0.03854823112487793,1.0,1.0,1.0,2000
1083,0.33635395765304565,0.2518933415412903,0.04483281448483467,0.039627805352211,1.0,1.0,1.0,2000
1084,0.22553342580795288,0.14110586047172546,0.047543659806251526,0.03688390180468559,1.0,1.0,1.0,2000
1085,0.17766012251377106,0.09509880095720291,0.04627338796854019,0.036287929862737656,1.0,1.0,1.0,2000
1086,0.1825292706489563,0.10076475888490677,0.046020567417144775,0.03574394807219505,1.0,1.0,1.0,2000
1087,0.21068266034126282,0.12870749831199646,0.04727766662836075,0.0346975103020668,1.0,1.0,1.0,2000
1088,0.2401164025068283,0.1590525358915329,0.04565993323922157,0.035403937101364136,1.0,1.0,1.0,2000
1089,0.17185023427009583,0.09138248860836029,0.04731006175279617,0.03315768390893936,1.0,1.0,1.0,2000
1090,0.17350997030735016,0.09344064444303513,0.04765603691339493,0.0324132926762104,1.0,1.0,1.0,2000
1091,0.22253207862377167,0.14291433990001678,0.04654700309038162,0.03307073190808296,1.0,1.0,1.0,2000
1092,0.17760127782821655,0.09838595241308212,0.048278938978910446,0.030936386436223984,1.0,1.0,1.0,2000
1093,0.1522330939769745,0.07366212457418442,0.0480760782957077,0.030494894832372665,1.0,1.0,1.0,2000
1094,0.16494926810264587,0.0866183266043663,0.047970011830329895,0.030360940843820572,1.0,1.0,1.0,2000
1095,0.17129558324813843,0.092917799949646,0.049215130507946014,0.029162641614675522,1.0,1.0,1.0,2000
1096,0.16361455619335175,0.08605130016803741,0.04834083840250969,0.029222412034869194,1.0,1.0,1.0,2000
1097,0.14227251708507538,0.06524500995874405,0.04903843253850937,0.027989080175757408,1.0,1.0,1.0,2000
1098,0.1480432152748108,0.07134759426116943,0.04942069947719574,0.02727491408586502,1.0,1.0,1.0,2000
1099,0.16426537930965424,0.08807939291000366,0.048669733107089996,0.027516264468431473,1.0,1.0,1.0,2000
1100,0.1459716558456421,0.07028941065073013,0.049686022102832794,0.025996217504143715,1.0,1.0,1.0,2000
1101,0.13202282786369324,0.05717091262340546,0.049293383955955505,0.025558527559041977,1.0,1.0,1.0,2000
1102,0.13408169150352478,0.059835899621248245,0.04916501045227051,0.02508077770471573,1.0,1.0,1.0,2000
1103,0.13972677290439606,0.0658113956451416,0.049848269671201706,0.0240671057254076,1.0,1.0,1.0,2000
1104,0.13920824229717255,0.06586148589849472,0.04924419894814491,0.024102549999952316,1.0,1.0,1.0,2000
1105,0.1256353259086609,0.052676908671855927,0.0499747060239315,0.022983716800808907,1.0,1.0,1.0,2000
1106,0.12129351496696472,0.048756588250398636,0.05003264546394348,0.022504284977912903,1.0,1.0,1.0,2000
1107,0.12621407210826874,0.054039180278778076,0.04981881007552147,0.022356078028678894,1.0,1.0,1.0,2000
1108,0.12644217908382416,0.05436399579048157,0.050629954785108566,0.021448222920298576,1.0,1.0,1.0,2000
1109,0.12211036682128906,0.05041227117180824,0.05025786533951759,0.021440232172608376,1.0,1.0,1.0,2000
1110,0.11408887058496475,0.04251109063625336,0.0508979856967926,0.020679794251918793,1.0,1.0,1.0,2000
1111,0.11211811006069183,0.040723834186792374,0.05110174044966698,0.020292531698942184,1.0,1.0,1.0,2000
1112,0.11489292979240417,0.043753474950790405,0.050952889025211334,0.020186567679047585,1.0,1.0,1.0,2000
1113,0.11482946574687958,0.04365985095500946,0.05168788880109787,0.019481729716062546,1.0,1.0,1.0,2000
1114,0.11206814646720886,0.04125503450632095,0.05134628713130951,0.01946682296693325,1.0,1.0,1.0,2000
1115,0.10657508671283722,0.035807378590106964,0.051920898258686066,0.01884680986404419,1.0,1.0,1.0,2000
1116,0.10405905544757843,0.033525872975587845,0.05196048691868782,0.018572699278593063,1.0,1.0,1.0,2000
1117,0.10474324971437454,0.03448567911982536,0.05186229944229126,0.01839526928961277,1.0,1.0,1.0,2000
1118,0.10548771917819977,0.03524841368198395,0.05233746021986008,0.017901847139000893,1.0,1.0,1.0,2000
1119,0.10490826517343521,0.035090867429971695,0.051927600055933,0.017889797687530518,1.0,1.0,1.0,2000
1120,0.10155691206455231,0.031771622598171234,0.05239931121468544,0.017385974526405334,1.0,1.0,1.0,2000
1121,0.09881166368722916,0.029390111565589905,0.052172303199768066,0.017249247059226036,1.0,1.0,1.0,2000
1122,0.09778115153312683,0.02859308198094368,0.05217494070529938,0.017013130709528923,1.0,1.0,1.0,2000
1123,0.09816502034664154,0.029097743332386017,0.05234275013208389,0.01672452501952648,1.0,1.0,1.0,2000
1124,0.09867972135543823,0.030005792155861855,0.05199014022946358,0.016683783382177353,1.0,1.0,1.0,2000
1125,0.09768188744783401,0.029000302776694298,0.05236222594976425,0.016319356858730316,1.0,1.0,1.0,2000
1126,0.09610047936439514,0.02782636694610119,0.052010081708431244,0.01626402512192726,1.0,1.0,1.0,2000
1127,0.09443262219429016,0.02625134214758873,0.052183885127305984,0.015997398644685745,1.0,1.0,1.0,2000
1128,0.09368249773979187,0.02572595328092575,0.05211001634597778,0.015846524387598038,1.0,1.0,1.0,2000
1129,0.09376603364944458,0.026064058765769005,0.05196602642536163,0.01573595032095909,1.0,1.0,1.0,2000
1130,0.09395402669906616,0.026260405778884888,0.0521879568696022,0.01550566777586937,1.0,1.0,1.0,2000
1131,0.09381911158561707,0.026480577886104584,0.05187363922595978,0.015464890748262405,1.0,1.0,1.0,2000
1132,0.09295643121004105,0.025597697123885155,0.05212339386343956,0.015235339291393757,1.0,1.0,1.0,2000
1133,0.09201269596815109,0.024967357516288757,0.0518672913312912,0.015178046189248562,1.0,1.0,1.0,2000
1134,0.09131569415330887,0.024362634867429733,0.05191976949572563,0.015033288858830929,1.0,1.0,1.0,2000
1135,0.09108024835586548,0.024263005703687668,0.051889918744564056,0.014927331358194351,1.0,1.0,1.0,2000
1136,0.09114402532577515,0.024552786722779274,0.051715388894081116,0.014875853434205055,1.0,1.0,1.0,2000
1137,0.09114795923233032,0.024558670818805695,0.051851093769073486,0.014738194644451141,1.0,1.0,1.0,2000
1138,0.0909523069858551,0.024659425020217896,0.051558904349803925,0.014733974821865559,1.0,1.0,1.0,2000
1139,0.09045237302780151,0.024151496589183807,0.051694486290216446,0.014606384560465813,1.0,1.0,1.0,2000
1140,0.0899234414100647,0.02385861612856388,0.05147591605782509,0.014588907361030579,1.0,1.0,1.0,2000
1141,0.08951091766357422,0.023509666323661804,0.051493264734745026,0.014507986605167389,1.0,1.0,1.0,2000
1142,0.08930578082799911,0.02341093122959137,0.05144108086824417,0.014453768730163574,1.0,1.0,1.0,2000
1143,0.08924398571252823,0.02351073920726776,0.05130384489893913,0.01442940067499876,1.0,1.0,1.0,2000
1144,0.08918440341949463,0.02345961518585682,0.05137940123677254,0.014345386996865273,1.0,1.0,1.0,2000
1145,0.08904686570167542,0.023533092811703682,0.05116729810833931,0.014346472918987274,1.0,1.0,1.0,2000
1146,0.08876741677522659,0.02323770336806774,0.0512755885720253,0.014254125766456127,1.0,1.0,1.0,2000
1147,0.08844020962715149,0.023099349811673164,0.05109460651874542,0.014246256090700626,1.0,1.0,1.0,2000
1148,0.08812188357114792,0.02281765453517437,0.051127515733242035,0.014176711440086365,1.0,1.0,1.0,2000
1149,0.08788012713193893,0.022702166810631752,0.05103291571140289,0.014145048335194588,1.0,1.0,1.0,2000
1150,0.087720587849617,0.022659527137875557,0.050950758159160614,0.014110308140516281,1.0,1.0,1.0,2000
1151,0.08760654181241989,0.022605426609516144,0.05094890296459198,0.014052210375666618,1.0,1.0,1.0,2000
1152,0.08749256283044815,0.02266686037182808,0.0507848747074604,0.014040827751159668,1.0,1.0,1.0,2000
1153,0.08733376860618591,0.02254088781774044,0.05082367733120918,0.01396920345723629,1.0,1.0,1.0,2000
1154,0.08713534474372864,0.02253827638924122,0.05063300579786301,0.013964066281914711,1.0,1.0,1.0,2000
1155,0.08690150082111359,0.0223550908267498,0.05064931511878967,0.013897089287638664,1.0,1.0,1.0,2000
1156,0.08666984736919403,0.022294634953141212,0.05049530416727066,0.013879911974072456,1.0,1.0,1.0,2000
1157,0.08645915985107422,0.022173559293150902,0.05045752972364426,0.013828065246343613,1.0,1.0,1.0,2000
1158,0.08628081530332565,0.022119944915175438,0.05036991462111473,0.013790955767035484,1.0,1.0,1.0,2000
1159,0.08612942695617676,0.02210330404341221,0.05026805400848389,0.013758068904280663,1.0,1.0,1.0,2000
1160,0.08599059283733368,0.02205105870962143,0.05023498460650444,0.013704553246498108,1.0,1.0,1.0,2000
1161,0.08585061877965927,0.02207665890455246,0.05008949339389801,0.013684463687241077,1.0,1.0,1.0,2000
1162,0.08569648861885071,0.021989017724990845,0.05008514225482941,0.013622332364320755,1.0,1.0,1.0,2000
1163,0.08552990108728409,0.021995287388563156,0.049929313361644745,0.01360530499368906,1.0,1.0,1.0,2000
1164,0.085350900888443,0.021887939423322678,0.04991709068417549,0.013545870780944824,1.0,1.0,1.0,2000
1165,0.08517034351825714,0.02187132090330124,0.04977332428097725,0.013525692746043205,1.0,1.0,1.0,2000
1166,0.08499391376972198,0.02178957685828209,0.04972697049379349,0.013477366417646408,1.0,1.0,1.0,2000
1167,0.0848274976015091,0.021764881908893585,0.049612920731306076,0.013449696823954582,1.0,1.0,1.0,2000
1168,0.08467213809490204,0.021729711443185806,0.0495280884206295,0.01341434195637703,1.0,1.0,1.0,2000
1169,0.08452630043029785,0.02170068770647049,0.04944673553109169,0.013378869742155075,1.0,1.0,1.0,2000
1170,0.08438654989004135,0.0217035710811615,0.04932780563831329,0.013355173170566559,1.0,1.0,1.0,2000
1171,0.08424881100654602,0.021664418280124664,0.04926975443959236,0.013314638286828995,1.0,1.0,1.0,2000
1172,0.08411074429750443,0.021680274978280067,0.04913262650370598,0.01329784095287323,1.0,1.0,1.0,2000
1173,0.08396980911493301,0.02162564918398857,0.049089379608631134,0.013254782184958458,1.0,1.0,1.0,2000
1174,0.08382689207792282,0.021634845063090324,0.048952627927064896,0.0132394228130579,1.0,1.0,1.0,2000
1175,0.08368173241615295,0.021572696045041084,0.04891191050410271,0.013197120279073715,1.0,1.0,1.0,2000
1176,0.08353670686483383,0.021570846438407898,0.04878602921962738,0.013179831206798553,1.0,1.0,1.0,2000
1177,0.08339253813028336,0.021513698622584343,0.048738058656454086,0.013140780851244926,1.0,1.0,1.0,2000
1178,0.08325082063674927,0.02150072529911995,0.048631004989147186,0.013119086623191833,1.0,1.0,1.0,2000
1179,0.08311200141906738,0.021455485373735428,0.04857248440384865,0.013084033504128456,1.0,1.0,1.0,2000
1180,0.08297638595104218,0.021433532238006592,0.048485465347766876,0.013057388365268707,1.0,1.0,1.0,2000
1181,0.08284375071525574,0.02140379697084427,0.04841317981481552,0.013026772066950798,1.0,1.0,1.0,2000
1182,0.08271368592977524,0.021375754848122597,0.04834191873669624,0.012996010482311249,1.0,1.0,1.0,2000
1183,0.08258573710918427,0.021359341219067574,0.0482572577893734,0.012969132512807846,1.0,1.0,1.0,2000
1184,0.08245929330587387,0.021325327455997467,0.04819908365607262,0.012934885919094086,1.0,1.0,1.0,2000
1185,0.08233413845300674,0.021317508071660995,0.048106200993061066,0.012910434044897556,1.0,1.0,1.0,2000
1186,0.08220981061458588,0.021279146894812584,0.048056963831186295,0.012873698025941849,1.0,1.0,1.0,2000
1187,0.08208633214235306,0.02127731405198574,0.04795828089118004,0.012850738130509853,1.0,1.0,1.0,2000
1188,0.08196340501308441,0.021236369386315346,0.04791474714875221,0.012812290340662003,1.0,1.0,1.0,2000
1189,0.08184130489826202,0.02123735472559929,0.047814223915338516,0.01278972253203392,1.0,1.0,1.0,2000
1190,0.081719771027565,0.021194029599428177,0.04777592420578003,0.012749819085001945,1.0,1.0,1.0,2000
1191,0.08159924298524857,0.021196352317929268,0.04767579585313797,0.012727094814181328,1.0,1.0,1.0,2000
1192,0.08147940039634705,0.021152127534151077,0.0476410798728466,0.012686194851994514,1.0,1.0,1.0,2000
1193,0.08136076480150223,0.021156497299671173,0.0475408099591732,0.01266346126794815,1.0,1.0,1.0,2000
1194,0.08124302327632904,0.021111885085701942,0.04750936105847359,0.012621773406863213,1.0,1.0,1.0,2000
1195,0.08112668991088867,0.021118827164173126,0.047408577054739,0.012599291279911995,1.0,1.0,1.0,2000
1196,0.08101146668195724,0.02107340283691883,0.04738134145736694,0.01255672238767147,1.0,1.0,1.0,2000
1197,0.08089806884527206,0.021085210144519806,0.04727764055132866,0.012535224668681622,1.0,1.0,1.0,2000
1198,0.08078616857528687,0.021039236336946487,0.04725530371069908,0.012491630390286446,1.0,1.0,1.0,2000
1199,0.08067681640386581,0.021059541031718254,0.04714519530534744,0.012472076341509819,1.0,1.0,1.0,2000
1200,0.08056969195604324,0.021012065932154655,0.04713091626763344,0.012426711618900299,1.0,1.0,1.0,2000
1201,0.08046676963567734,0.02104555442929268,0.047011107206344604,0.012410109862685204,1.0,1.0,1.0,2000
1202,0.08036761730909348,0.02099589630961418,0.04700999706983566,0.012361729517579079,1.0,1.0,1.0,2000
1203,0.08027639985084534,0.021052177995443344,0.0468745157122612,0.01234971359372139,1.0,1.0,1.0,2000
1204,0.08019233494997025,0.021002154797315598,0.046893611550331116,0.012296563014388084,1.0,1.0,1.0,2000
1205,0.08012508600950241,0.021099764853715897,0.04673375189304352,0.012291574850678444,1.0,1.0,1.0,2000
1206,0.0800725445151329,0.021056747063994408,0.0467849038541317,0.012230896390974522,1.0,1.0,1.0,2000
1207,0.0800589919090271,0.021234944462776184,0.04658717289566994,0.012236876413226128,1.0,1.0,1.0,2000
1208,0.08007647097110748,0.0212238822132349,0.04668794199824333,0.012164647690951824,1.0,1.0,1.0,2000
1209,0.0801912248134613,0.021573619917035103,0.04642912372946739,0.012188483029603958,1.0,1.0,1.0,2000
1210,0.08036909997463226,0.02166353352367878,0.04660678282380104,0.012098779901862144,1.0,1.0,1.0,2000
1211,0.08080335706472397,0.022401221096515656,0.04624985158443451,0.012152286246418953,1.0,1.0,1.0,2000
1212,0.08134179562330246,0.022758016362786293,0.04654752463102341,0.012036255560815334,1.0,1.0,1.0,2000
1213,0.082575723528862,0.024401457980275154,0.04603381082415581,0.012140454724431038,1.0,1.0,1.0,2000
1214,0.08382923901081085,0.025330133736133575,0.046513669192790985,0.011985438875854015,1.0,1.0,1.0,2000
1215,0.08691371232271194,0.028979230672121048,0.04575826972723007,0.012176205404102802,1.0,1.0,1.0,2000
1216,0.08900965750217438,0.03055419586598873,0.0464925616979599,0.011962899938225746,1.0,1.0,1.0,2000
1217,0.09521256387233734,0.03751734644174576,0.04541103541851044,0.012284179218113422,1.0,1.0,1.0,2000
1218,0.09599742293357849,0.0375947579741478,0.046423252671957016,0.011979416012763977,1.0,1.0,1.0,2000
1219,0.10290394723415375,0.04544184356927872,0.045053835958242416,0.012408271431922913,1.0,1.0,1.0,2000
1220,0.09702032059431076,0.03883817419409752,0.04618367552757263,0.011998467147350311,1.0,1.0,1.0,2000
1221,0.09604407101869583,0.03882462903857231,0.04487985372543335,0.012339585460722446,1.0,1.0,1.0,2000
1222,0.08674246817827225,0.029030226171016693,0.045737337321043015,0.011974911205470562,1.0,1.0,1.0,2000
1223,0.08128257095813751,0.02417602390050888,0.045012179762125015,0.012094367295503616,1.0,1.0,1.0,2000
1224,0.07823731005191803,0.02101060189306736,0.04526837170124054,0.011958340182900429,1.0,1.0,1.0,2000
1225,0.0787569060921669,0.021518345922231674,0.04533282667398453,0.011905737221240997,1.0,1.0,1.0,2000
1226,0.08170025050640106,0.024751579388976097,0.04496433585882187,0.011984331533312798,1.0,1.0,1.0,2000
1227,0.08415523171424866,0.02675359696149826,0.045604147017002106,0.011797488667070866,1.0,1.0,1.0,2000
1228,0.086610347032547,0.029806043952703476,0.04484042525291443,0.011963877826929092,1.0,1.0,1.0,2000
1229,0.08440491557121277,0.027104750275611877,0.045588407665491104,0.011711759492754936,1.0,1.0,1.0,2000
1230,0.08230273425579071,0.025623466819524765,0.044857531785964966,0.01182173565030098,1.0,1.0,1.0,2000
1231,0.07908178120851517,0.022169822826981544,0.04526148736476898,0.011650473810732365,1.0,1.0,1.0,2000
1232,0.07745297253131866,0.02084321714937687,0.04494315758347511,0.011666598729789257,1.0,1.0,1.0,2000
1233,0.07752029597759247,0.021037159487605095,0.0448329821228981,0.011650152504444122,1.0,1.0,1.0,2000
1234,0.07871664315462112,0.022135304287075996,0.04500528424978256,0.01157605741173029,1.0,1.0,1.0,2000
1235,0.080257847905159,0.024073531851172447,0.04451800882816315,0.011666309088468552,1.0,1.0,1.0,2000
1236,0.08050364255905151,0.024016380310058594,0.0449761226773262,0.011511139571666718,1.0,1.0,1.0,2000
1237,0.0802857056260109,0.024262381717562675,0.04441746696829796,0.011605861596763134,1.0,1.0,1.0,2000
1238,0.07875320315361023,0.022467784583568573,0.044842980802059174,0.011442441493272781,1.0,1.0,1.0,2000
1239,0.07747999578714371,0.02149718999862671,0.04450954496860504,0.011473258957266808,1.0,1.0,1.0,2000
1240,0.07668477296829224,0.020632708445191383,0.04466395452618599,0.011388106271624565,1.0,1.0,1.0,2000
1241,0.07664879411458969,0.020624615252017975,0.04467670992016792,0.011347467079758644,1.0,1.0,1.0,2000
1242,0.07714464515447617,0.021275702863931656,0.04451094940304756,0.011357995681464672,1.0,1.0,1.0,2000
1243,0.07766374945640564,0.021618880331516266,0.04478161782026291,0.011263247579336166,1.0,1.0,1.0,2000
1244,0.07802538573741913,0.022286515682935715,0.044412385672330856,0.011326482519507408,1.0,1.0,1.0,2000
1245,0.07772324234247208,0.021770771592855453,0.04473775997757912,0.011214709840714931,1.0,1.0,1.0,2000
1246,0.0772462710738182,0.021610889583826065,0.04436105117201805,0.011274328455328941,1.0,1.0,1.0,2000
1247,0.07655402272939682,0.02080586366355419,0.04455497860908508,0.011193176731467247,1.0,1.0,1.0,2000
1248,0.07606390118598938,0.020512504503130913,0.04433716833591461,0.01121422927826643,1.0,1.0,1.0,2000
1249,0.07585464417934418,0.02034633792936802,0.044319868087768555,0.011188440956175327,1.0,1.0,1.0,2000
1250,0.07590984553098679,0.02043171226978302,0.04431776702404022,0.01116036344319582,1.0,1.0,1.0,2000
1251,0.07610346376895905,0.020802179351449013,0.04412207752466202,0.011179212480783463,1.0,1.0,1.0,2000
1252,0.07624261826276779,0.020851485431194305,0.044280700385570526,0.011110433377325535,1.0,1.0,1.0,2000
1253,0.07628905028104782,0.021138710901141167,0.044006139039993286,0.011144198477268219,1.0,1.0,1.0,2000
1254,0.07610662281513214,0.020834872499108315,0.04421212524175644,0.011059627868235111,1.0,1.0,1.0,2000
1255,0.07585547864437103,0.02080610767006874,0.04396795481443405,0.011081413365900517,1.0,1.0,1.0,2000
1256,0.07553798705339432,0.020415140315890312,0.04411260411143303,0.011010244488716125,1.0,1.0,1.0,2000
1257,0.07528392225503922,0.02030498906970024,0.043971817940473557,0.011007113382220268,1.0,1.0,1.0,2000
1258,0.07512160390615463,0.020159685984253883,0.04399515688419342,0.010966762900352478,1.0,1.0,1.0,2000
1259,0.07505690306425095,0.020143350586295128,0.04397563636302948,0.010937915183603764,1.0,1.0,1.0,2000
1260,0.07505863904953003,0.020252788439393044,0.0438772514462471,0.010928599163889885,1.0,1.0,1.0,2000
1261,0.07507700473070145,0.020246008411049843,0.043950773775577545,0.010880224406719208,1.0,1.0,1.0,2000
1262,0.07508301734924316,0.020419323816895485,0.043773237615823746,0.010890457779169083,1.0,1.0,1.0,2000
1263,0.0750298798084259,0.020307933911681175,0.04388947784900665,0.010832468047738075,1.0,1.0,1.0,2000
1264,0.0749429389834404,0.020403515547513962,0.043692201375961304,0.010847216472029686,1.0,1.0,1.0,2000
1265,0.07480230927467346,0.020209720358252525,0.043802231550216675,0.010790356434881687,1.0,1.0,1.0,2000
1266,0.07465433329343796,0.02021965943276882,0.04363720118999481,0.010797472670674324,1.0,1.0,1.0,2000
1267,0.07450133562088013,0.02004450559616089,0.04370653256773949,0.010750293731689453,1.0,1.0,1.0,2000
1268,0.074368417263031,0.02002202533185482,0.043602701276540756,0.010743693448603153,1.0,1.0,1.0,2000
1269,0.07425903528928757,0.019933579489588737,0.043614644557237625,0.010710813105106354,1.0,1.0,1.0,2000
1270,0.07417453080415726,0.019908178597688675,0.04357602819800377,0.010690322145819664,1.0,1.0,1.0,2000
1271,0.074109748005867,0.01990767940878868,0.04352967068552971,0.010672396048903465,1.0,1.0,1.0,2000
1272,0.07405693084001541,0.019872352480888367,0.04354298487305641,0.01064159907400608,1.0,1.0,1.0,2000
1273,0.07400940358638763,0.01992463879287243,0.043448418378829956,0.0106363445520401,1.0,1.0,1.0,2000
1274,0.07395865768194199,0.019865041598677635,0.043493784964084625,0.010599830187857151,1.0,1.0,1.0,2000
1275,0.07390472292900085,0.019934069365262985,0.04336748644709587,0.010603169910609722,1.0,1.0,1.0,2000
1276,0.07383990287780762,0.019848095253109932,0.04342729598283768,0.010564515367150307,1.0,1.0,1.0,2000
1277,0.07377145439386368,0.01991216652095318,0.043287575244903564,0.01057171355932951,1.0,1.0,1.0,2000
1278,0.07369239628314972,0.01980935037136078,0.04335017502307892,0.010532869957387447,1.0,1.0,1.0,2000
1279,0.07361271232366562,0.01986052840948105,0.043212492018938065,0.010539688169956207,1.0,1.0,1.0,2000
1280,0.07352639734745026,0.01975361630320549,0.04327131807804108,0.01050146296620369,1.0,1.0,1.0,2000
1281,0.07344207912683487,0.019791828468441963,0.043145112693309784,0.010505137965083122,1.0,1.0,1.0,2000
1282,0.07335519790649414,0.01969054341316223,0.04319673776626587,0.01046791858971119,1.0,1.0,1.0,2000
1283,0.07327151298522949,0.019719090312719345,0.04308486357331276,0.010467560961842537,1.0,1.0,1.0,2000
1284,0.0731876865029335,0.019628657028079033,0.04312723129987717,0.010431798174977303,1.0,1.0,1.0,2000
1285,0.07310713827610016,0.0196518711745739,0.04302714765071869,0.010428115725517273,1.0,1.0,1.0,2000
1286,0.07302739471197128,0.01957373134791851,0.04305943101644516,0.010394230484962463,1.0,1.0,1.0,2000
1287,0.07295047491788864,0.01959567703306675,0.04296614229679108,0.010388655588030815,1.0,1.0,1.0,2000
1288,0.07287464290857315,0.01952834241092205,0.04298962280154228,0.010356676764786243,1.0,1.0,1.0,2000
1289,0.07280130684375763,0.019552381709218025,0.04289828985929489,0.010350634343922138,1.0,1.0,1.0,2000
1290,0.07272911071777344,0.019492385908961296,0.04291681945323944,0.010319901630282402,1.0,1.0,1.0,2000
1291,0.0726594552397728,0.01952148787677288,0.04282355308532715,0.010314412415027618,1.0,1.0,1.0,2000
1292,0.07259127497673035,0.01946442387998104,0.04284321889281273,0.010283632203936577,1.0,1.0,1.0,2000
1293,0.07252652943134308,0.019502492621541023,0.042744509875774384,0.010279527865350246,1.0,1.0,1.0,2000
1294,0.07246421277523041,0.01944427564740181,0.04277292639017105,0.010247010737657547,1.0,1.0,1.0,2000
1295,0.0724077820777893,0.019498514011502266,0.042663849890232086,0.010245421901345253,1.0,1.0,1.0,2000
1296,0.07235615700483322,0.019437283277511597,0.04270949587225914,0.010209379717707634,1.0,1.0,1.0,2000
1297,0.07231639325618744,0.01952253095805645,0.04258153960108757,0.010212327353656292,1.0,1.0,1.0,2000
1298,0.07228663563728333,0.019461361691355705,0.04265453666448593,0.010170732624828815,1.0,1.0,1.0,2000
1299,0.07228368520736694,0.019608143717050552,0.04249394312500954,0.01018159557133913,1.0,1.0,1.0,2000
1300,0.07230234146118164,0.019561808556318283,0.04260881617665291,0.0101317148655653,1.0,1.0,1.0,2000
1301,0.07238611578941345,0.019836002960801125,0.042394205927848816,0.010155908763408661,1.0,1.0,1.0,2000
1302,0.07251563668251038,0.019848106428980827,0.04257410019636154,0.010093425400555134,1.0,1.0,1.0,2000
1303,0.07281342893838882,0.02040114440023899,0.04227248579263687,0.010139803402125835,1.0,1.0,1.0,2000
1304,0.07319741696119308,0.020584380254149437,0.042555131018161774,0.010057903826236725,1.0,1.0,1.0,2000
1305,0.0740354135632515,0.021778356283903122,0.042115263640880585,0.010141797363758087,1.0,1.0,1.0,2000
1306,0.07496766746044159,0.022378411144018173,0.042558930814266205,0.01003032922744751,1.0,1.0,1.0,2000
1307,0.07713323831558228,0.02505078911781311,0.041903235018253326,0.010179215110838413,1.0,1.0,1.0,2000
1308,0.07898334413766861,0.026373837143182755,0.04258635640144348,0.010023152455687523,1.0,1.0,1.0,2000
1309,0.08393301069736481,0.03203631192445755,0.0416157990694046,0.010280899703502655,1.0,1.0,1.0,2000
1310,0.08603184670209885,0.033372264355421066,0.042605772614479065,0.010053805075585842,1.0,1.0,1.0,2000
1311,0.09414523094892502,0.042425766587257385,0.04126943275332451,0.010450026020407677,1.0,1.0,1.0,2000
1312,0.09194940328598022,0.03932458534836769,0.04251408576965332,0.010110736824572086,1.0,1.0,1.0,2000
1313,0.09658848494291306,0.04504592716693878,0.04100692644715309,0.010535633191466331,1.0,1.0,1.0,2000
1314,0.08690294623374939,0.03457795828580856,0.0421953909099102,0.010129602625966072,1.0,1.0,1.0,2000
1315,0.081998810172081,0.030592329800128937,0.04104180261492729,0.010364683344960213,1.0,1.0,1.0,2000
1316,0.07449368387460709,0.022658351808786392,0.041728246957063675,0.010107087902724743,1.0,1.0,1.0,2000
1317,0.07115191221237183,0.01964622549712658,0.04136369377374649,0.010141991078853607,1.0,1.0,1.0,2000
1318,0.07143022865056992,0.019964804872870445,0.04134431853890419,0.010121108964085579,1.0,1.0,1.0,2000
1319,0.07412461191415787,0.022341245785355568,0.041763268411159515,0.010020101442933083,1.0,1.0,1.0,2000
1320,0.0780298113822937,0.026732278987765312,0.041136883199214935,0.010160649195313454,1.0,1.0,1.0,2000
1321,0.07871250063180923,0.026802655309438705,0.041957270354032516,0.009952574968338013,1.0,1.0,1.0,2000
1322,0.07922999560832977,0.028041953220963478,0.04107773303985596,0.010110310278832912,1.0,1.0,1.0,2000
1323,0.07555929571390152,0.023889627307653427,0.0417751744389534,0.009894497692584991,1.0,1.0,1.0,2000
1324,0.07274887710809708,0.021645046770572662,0.041134536266326904,0.00996929220855236,1.0,1.0,1.0,2000
1325,0.07068119943141937,0.019458549097180367,0.04134850203990936,0.009874153882265091,1.0,1.0,1.0,2000
1326,0.07045648992061615,0.019350290298461914,0.04124324396252632,0.009862956590950489,1.0,1.0,1.0,2000
1327,0.07163631916046143,0.02077813446521759,0.04095323383808136,0.009904952719807625,1.0,1.0,1.0,2000
1328,0.07299378514289856,0.021860603243112564,0.041329216212034225,0.009803961962461472,1.0,1.0,1.0,2000
1329,0.07417510449886322,0.023500261828303337,0.040767114609479904,0.00990772619843483,1.0,1.0,1.0,2000
1330,0.07351350784301758,0.02244088239967823,0.041326526552438736,0.009746100753545761,1.0,1.0,1.0,2000
1331,0.07258215546607971,0.02194083109498024,0.04082084447145462,0.009820478036999702,1.0,1.0,1.0,2000
1332,0.07102678716182709,0.020115230232477188,0.04122232273221016,0.009689237922430038,1.0,1.0,1.0,2000
1333,0.0700630396604538,0.019345687702298164,0.04101716727018356,0.009700186550617218,1.0,1.0,1.0,2000
1334,0.06983868032693863,0.019106509163975716,0.041068051010370255,0.009664119221270084,1.0,1.0,1.0,2000
1335,0.07024017721414566,0.019420264288783073,0.041201405227184296,0.009618507698178291,1.0,1.0,1.0,2000
1336,0.07091033458709717,0.020319199189543724,0.04092349857091904,0.009667636826634407,1.0,1.0,1.0,2000
1337,0.07125165313482285,0.02041667141020298,0.041252147406339645,0.00958283431828022,1.0,1.0,1.0,2000
1338,0.07134570181369781,0.02085956186056137,0.0408230796456337,0.009663060307502747,1.0,1.0,1.0,2000
1339,0.07080253213644028,0.020089810714125633,0.04113849624991417,0.009574228897690773,1.0,1.0,1.0,2000
1340,0.07020993530750275,0.019796546548604965,0.040780771523714066,0.009632620960474014,1.0,1.0,1.0,2000
1341,0.06962605565786362,0.01911791041493416,0.04092944413423538,0.009578700177371502,1.0,1.0,1.0,2000
1342,0.06932532787322998,0.018945584073662758,0.04079071804881096,0.009589027613401413,1.0,1.0,1.0,2000
1343,0.06931794434785843,0.019004298374056816,0.04073077067732811,0.009582874365150928,1.0,1.0,1.0,2000
1344,0.06949766725301743,0.019130809232592583,0.0408235527575016,0.009543308988213539,1.0,1.0,1.0,2000
1345,0.06972518563270569,0.0195479616522789,0.04060782492160797,0.009569395333528519,1.0,1.0,1.0,2000
1346,0.06980226933956146,0.0194690003991127,0.04083601385354996,0.009497251361608505,1.0,1.0,1.0,2000
1347,0.06976856291294098,0.019672255963087082,0.040566395968198776,0.00952991098165512,1.0,1.0,1.0,2000
1348,0.06952572613954544,0.019274838268756866,0.0407964326441288,0.00945445615798235,1.0,1.0,1.0,2000
1349,0.06925462186336517,0.019205590710043907,0.04057475924491882,0.009474268183112144,1.0,1.0,1.0,2000
1350,0.06897817552089691,0.018853841349482536,0.040703240782022476,0.00942109152674675,1.0,1.0,1.0,2000
1351,0.06878998130559921,0.018777549266815186,0.040593214333057404,0.0094192149117589,1.0,1.0,1.0,2000
1352,0.0687023401260376,0.01872152090072632,0.04058273136615753,0.009398089721798897,1.0,1.0,1.0,2000
1353,0.06869757175445557,0.018728097900748253,0.04059630259871483,0.009373176842927933,1.0,1.0,1.0,2000
1354,0.06873630732297897,0.01888727955520153,0.040470756590366364,0.00937826931476593,1.0,1.0,1.0,2000
1355,0.06876575946807861,0.018854178488254547,0.04057679697871208,0.009334782138466835,1.0,1.0,1.0,2000
1356,0.06877072900533676,0.01902562938630581,0.04039258509874344,0.009352510794997215,1.0,1.0,1.0,2000
1357,0.06870965659618378,0.01887168549001217,0.04053793102502823,0.00930004008114338,1.0,1.0,1.0,2000
1358,0.06861919164657593,0.018947584554553032,0.040354471653699875,0.00931713916361332,1.0,1.0,1.0,2000
1359,0.06848537921905518,0.01873198337852955,0.04048603028059006,0.00926736369729042,1.0,1.0,1.0,2000
1360,0.06835220009088516,0.01873108744621277,0.040345508605241776,0.009275604970753193,1.0,1.0,1.0,2000
1361,0.06822335720062256,0.01856057532131672,0.04042487218976021,0.009237908758223057,1.0,1.0,1.0,2000
1362,0.06811736524105072,0.01853775605559349,0.04034494236111641,0.00923466682434082,1.0,1.0,1.0,2000
1363,0.06803572177886963,0.018467333167791367,0.04035499691963196,0.009213393554091454,1.0,1.0,1.0,2000
1364,0.06797659397125244,0.018443172797560692,0.04033377766609192,0.009199641644954681,1.0,1.0,1.0,2000
1365,0.06793373078107834,0.01846158318221569,0.04027818888425827,0.009193956851959229,1.0,1.0,1.0,2000
1366,0.067899189889431,0.01842377334833145,0.04030343517661095,0.009171981364488602,1.0,1.0,1.0,2000
1367,0.06786727905273438,0.018489940091967583,0.04019980877637863,0.009177524596452713,1.0,1.0,1.0,2000
1368,0.0678299069404602,0.018423940986394882,0.04025635868310928,0.009149610996246338,1.0,1.0,1.0,2000
1369,0.06778864562511444,0.018500560894608498,0.04012736678123474,0.0091607216745615,1.0,1.0,1.0,2000
1370,0.06773606687784195,0.018405796959996223,0.04020136967301369,0.009128901176154613,1.0,1.0,1.0,2000
1371,0.06768003851175308,0.018472373485565186,0.04006702080368996,0.00914064235985279,1.0,1.0,1.0,2000
1372,0.06761392205953598,0.018360484391450882,0.040146540850400925,0.009106895886361599,1.0,1.0,1.0,2000
1373,0.06754738092422485,0.018411941826343536,0.04001915454864502,0.009116288274526596,1.0,1.0,1.0,2000
1374,0.06747494637966156,0.01829829439520836,0.04009401798248291,0.009082632139325142,1.0,1.0,1.0,2000
1375,0.06740450859069824,0.018337760120630264,0.03997798636555672,0.00908876582980156,1.0,1.0,1.0,2000
1376,0.06733185052871704,0.018233926966786385,0.0400410071015358,0.00905691646039486,1.0,1.0,1.0,2000
1377,0.0672622099518776,0.01826626807451248,0.03993573039770126,0.0090602096170187,1.0,1.0,1.0,2000
1378,0.0671924352645874,0.018177581951022148,0.039983730763196945,0.009031122550368309,1.0,1.0,1.0,2000
1379,0.06712557375431061,0.01820649579167366,0.0398867130279541,0.009032368659973145,1.0,1.0,1.0,2000
1380,0.06705939769744873,0.018132509663701057,0.03992091491818428,0.009005973115563393,1.0,1.0,1.0,2000
1381,0.06699559092521667,0.018159737810492516,0.039830081164836884,0.009005770087242126,1.0,1.0,1.0,2000
1382,0.06693261861801147,0.018096163868904114,0.03985530883073807,0.008981145918369293,1.0,1.0,1.0,2000
1383,0.06687162816524506,0.01812262460589409,0.03976910561323166,0.008979897014796734,1.0,1.0,1.0,2000
1384,0.0668114721775055,0.018064113333821297,0.03979156166315079,0.008955802768468857,1.0,1.0,1.0,2000
1385,0.06675323843955994,0.01809166744351387,0.03970750793814659,0.008954066783189774,1.0,1.0,1.0,2000
1386,0.06669601052999496,0.018033690750598907,0.039732933044433594,0.008929386734962463,1.0,1.0,1.0,2000
1387,0.06664123386144638,0.01806647703051567,0.03964653238654137,0.008928224444389343,1.0,1.0,1.0,2000
1388,0.0665881484746933,0.018006112426519394,0.039679933339357376,0.008902105502784252,1.0,1.0,1.0,2000
1389,0.06653918325901031,0.01805170625448227,0.03958433121442795,0.008903143927454948,1.0,1.0,1.0,2000
1390,0.06649351119995117,0.017987821251153946,0.03963099420070648,0.008874692022800446,1.0,1.0,1.0,2000
1391,0.06645595282316208,0.01805897429585457,0.039516933262348175,0.008880043402314186,1.0,1.0,1.0,2000
1392,0.0664253905415535,0.017992839217185974,0.03958476334810257,0.008847789838910103,1.0,1.0,1.0,2000
1393,0.06641262769699097,0.018112104386091232,0.039440419524908066,0.008860105648636818,1.0,1.0,1.0,2000
1394,0.06641481816768646,0.0180507842451334,0.039542604237794876,0.008821431547403336,1.0,1.0,1.0,2000
1395,0.06645921617746353,0.01826327107846737,0.03935147821903229,0.008844465017318726,1.0,1.0,1.0,2000
1396,0.06653536856174469,0.018230920657515526,0.03950919210910797,0.008795252069830894,1.0,1.0,1.0,2000
1397,0.06671749800443649,0.018636707216501236,0.03924562782049179,0.008835162967443466,1.0,1.0,1.0,2000
1398,0.06696292012929916,0.018701745197176933,0.03949179872870445,0.008769380860030651,1.0,1.0,1.0,2000
1399,0.06748789548873901,0.019536441192030907,0.03911415860056877,0.008837297558784485,1.0,1.0,1.0,2000
1400,0.06811006367206573,0.019864870235323906,0.03949862718582153,0.008746560662984848,1.0,1.0,1.0,2000
1401,0.06948994845151901,0.021686477586627007,0.038940493017435074,0.008862977847456932,1.0,1.0,1.0,2000
1402,0.07084796577692032,0.022577976807951927,0.03953440487384796,0.00873558223247528,1.0,1.0,1.0,2000
1403,0.0742093026638031,0.026572352275252342,0.03870052471756935,0.008936425670981407,1.0,1.0,1.0,2000
1404,0.07641860842704773,0.02807854674756527,0.039586372673511505,0.008753685280680656,1.0,1.0,1.0,2000
1405,0.08321981877088547,0.03575275093317032,0.038381632417440414,0.009085437282919884,1.0,1.0,1.0,2000
1406,0.08407750725746155,0.03567610681056976,0.03958990424871445,0.008811498992145061,1.0,1.0,1.0,2000
1407,0.09222295135259628,0.044912710785865784,0.03805157542228699,0.009258662350475788,1.0,1.0,1.0,2000
1408,0.08607671409845352,0.03779381141066551,0.039414986968040466,0.00886791292577982,1.0,1.0,1.0,2000
1409,0.08636222779750824,0.03920527175068855,0.03792044147849083,0.009236516430974007,1.0,1.0,1.0,2000
1410,0.07599387317895889,0.02811371721327305,0.039014313369989395,0.00886584259569645,1.0,1.0,1.0,2000
1411,0.07011386007070541,0.022978251799941063,0.038126133382320404,0.009009472094476223,1.0,1.0,1.0,2000
1412,0.06584568321704865,0.018429966643452644,0.03856443241238594,0.008851278573274612,1.0,1.0,1.0,2000
1413,0.0654013454914093,0.01802993193268776,0.03854183852672577,0.008829576894640923,1.0,1.0,1.0,2000
1414,0.06783704459667206,0.020699862390756607,0.03825093433260918,0.0088862469419837,1.0,1.0,1.0,2000
1415,0.07074037194252014,0.023090841248631477,0.03890513628721237,0.008744392544031143,1.0,1.0,1.0,2000
1416,0.07406821846961975,0.027071023359894753,0.03808339312672615,0.008913803845643997,1.0,1.0,1.0,2000
1417,0.07276032119989395,0.02512568235397339,0.03894275426864624,0.008691886439919472,1.0,1.0,1.0,2000
1418,0.07154738903045654,0.02467326633632183,0.038041628897190094,0.008832493796944618,1.0,1.0,1.0,2000
1419,0.06785191595554352,0.02058640867471695,0.03861405327916145,0.008651454001665115,1.0,1.0,1.0,2000
1420,0.06550594419240952,0.018691226840019226,0.03811253234744072,0.00870218500494957,1.0,1.0,1.0,2000
1421,0.06465388089418411,0.01783454790711403,0.0381639339029789,0.008655400946736336,1.0,1.0,1.0,2000
1422,0.06535036861896515,0.018487097695469856,0.03824735805392265,0.008615907281637192,1.0,1.0,1.0,2000
1423,0.06689401715993881,0.02035374380648136,0.03785505145788193,0.008685225620865822,1.0,1.0,1.0,2000
1424,0.06783483922481537,0.02091139927506447,0.038366422057151794,0.008557017892599106,1.0,1.0,1.0,2000
1425,0.06843195110559464,0.02198011241853237,0.03779194876551628,0.008659889921545982,1.0,1.0,1.0,2000
1426,0.06729245185852051,0.020412560552358627,0.03838133439421654,0.008498559705913067,1.0,1.0,1.0,2000
1427,0.06612047553062439,0.019629301503300667,0.03792871907353401,0.008562449365854263,1.0,1.0,1.0,2000
1428,0.06482988595962524,0.018103132024407387,0.038266509771347046,0.008460244163870811,1.0,1.0,1.0,2000
1429,0.0642167180776596,0.017621800303459167,0.03812666982412338,0.008468246087431908,1.0,1.0,1.0,2000
1430,0.06429853290319443,0.01775454357266426,0.038077689707279205,0.008466300554573536,1.0,1.0,1.0,2000
1431,0.06480870395898819,0.018135765567421913,0.03824879974126816,0.008424138650298119,1.0,1.0,1.0,2000
1432,0.06542269140481949,0.019033215939998627,0.03789428994059563,0.008495187386870384,1.0,1.0,1.0,2000
1433,0.06558014452457428,0.018937425687909126,0.03822621330618858,0.00841650739312172,1.0,1.0,1.0,2000
1434,0.06550334393978119,0.019223496317863464,0.037778422236442566,0.00850142166018486,1.0,1.0,1.0,2000
1435,0.06490907818078995,0.018409259617328644,0.03808010742068291,0.008419709280133247,1.0,1.0,1.0,2000
1436,0.06433616578578949,0.018107596784830093,0.037758760154247284,0.008469805121421814,1.0,1.0,1.0,2000
1437,0.06386147439479828,0.017545096576213837,0.037895698100328445,0.008420681580901146,1.0,1.0,1.0,2000
1438,0.06366470456123352,0.01743052341043949,0.03781607747077942,0.008418107405304909,1.0,1.0,1.0,2000
1439,0.06372083723545074,0.017557518556714058,0.03775060549378395,0.008412707597017288,1.0,1.0,1.0,2000
1440,0.06390653550624847,0.017652228474617004,0.037890125066041946,0.008364181965589523,1.0,1.0,1.0,2000
1441,0.06410345435142517,0.01804380863904953,0.03767034038901329,0.008389301598072052,1.0,1.0,1.0,2000
1442,0.0641358271241188,0.017903700470924377,0.03791527450084686,0.008316850289702415,1.0,1.0,1.0,2000
1443,0.06406784057617188,0.018077783286571503,0.03763983026146889,0.008350224234163761,1.0,1.0,1.0,2000
1444,0.063822440803051,0.017680754885077477,0.03786049410700798,0.008281192742288113,1.0,1.0,1.0,2000
1445,0.0635640025138855,0.017626456916332245,0.03763365000486374,0.008303896524012089,1.0,1.0,1.0,2000
1446,0.06331516802310944,0.01731179840862751,0.037745095789432526,0.008258279412984848,1.0,1.0,1.0,2000
1447,0.06315016746520996,0.01725456863641739,0.037636637687683105,0.008258957415819168,1.0,1.0,1.0,2000
1448,0.06307563185691833,0.017214270308613777,0.037619106471538544,0.008242257870733738,1.0,1.0,1.0,2000
1449,0.06307215988636017,0.017210735008120537,0.03764363378286362,0.00821779202669859,1.0,1.0,1.0,2000
1450,0.06310418993234634,0.017355354502797127,0.03752513229846954,0.008223704993724823,1.0,1.0,1.0,2000
1451,0.06312520802021027,0.01729809306561947,0.037647392600774765,0.008179725147783756,1.0,1.0,1.0,2000
1452,0.06312374025583267,0.017450423911213875,0.037476059049367905,0.008197255432605743,1.0,1.0,1.0,2000
1453,0.06306330859661102,0.017282087355852127,0.03763527423143387,0.008145945146679878,1.0,1.0,1.0,2000
1454,0.06297699362039566,0.017353033646941185,0.03745882958173752,0.008165127597749233,1.0,1.0,1.0,2000
1455,0.06285148859024048,0.01713610626757145,0.03759579360485077,0.00811958871781826,1.0,1.0,1.0,2000
1456,0.06272585690021515,0.01714209094643593,0.037450067698955536,0.008133694529533386,1.0,1.0,1.0,2000
1457,0.06260238587856293,0.01697339117527008,0.03752654790878296,0.008102446794509888,1.0,1.0,1.0,2000
1458,0.06249828264117241,0.01695833168923855,0.037432488054037094,0.008107463829219341,1.0,1.0,1.0,2000
1459,0.06241511553525925,0.01688467338681221,0.03743797168135643,0.008092468604445457,1.0,1.0,1.0,2000
1460,0.062352098524570465,0.016863033175468445,0.0374026782810688,0.008086386136710644,1.0,1.0,1.0,2000
1461,0.062304288148880005,0.0168719794601202,0.03734773024916649,0.008084580302238464,1.0,1.0,1.0,2000
1462,0.06226496025919914,0.016831623390316963,0.03736596554517746,0.008067373186349869,1.0,1.0,1.0,2000
1463,0.06222875788807869,0.0168848168104887,0.037270259112119675,0.008073684759438038,1.0,1.0,1.0,2000
1464,0.06218875199556351,0.016813457012176514,0.037327855825424194,0.008047441020607948,1.0,1.0,1.0,2000
1465,0.06214531511068344,0.016877466812729836,0.037210531532764435,0.00805732049047947,1.0,1.0,1.0,2000
1466,0.06209217756986618,0.01677761971950531,0.03728889673948288,0.008025662042200565,1.0,1.0,1.0,2000
1467,0.0620354600250721,0.016835711896419525,0.03716355562210083,0.008036191575229168,1.0,1.0,1.0,2000
1468,0.061969589442014694,0.016721999272704124,0.03724454715847969,0.008003044873476028,1.0,1.0,1.0,2000
1469,0.06190262362360954,0.016770342364907265,0.03711956366896629,0.008012715727090836,1.0,1.0,1.0,2000
1470,0.06183001399040222,0.016658462584018707,0.03719054535031319,0.007981004193425179,1.0,1.0,1.0,2000
1471,0.06175856292247772,0.016698041930794716,0.03707156330347061,0.007988957688212395,1.0,1.0,1.0,2000
1472,0.061684831976890564,0.016597604379057884,0.03712722659111023,0.007960000075399876,1.0,1.0,1.0,2000
1473,0.061613310128450394,0.016629492864012718,0.03701825439929962,0.00796556007117033,1.0,1.0,1.0,2000
1474,0.06154155731201172,0.016543017700314522,0.037059180438518524,0.007939362898468971,1.0,1.0,1.0,2000
1475,0.061472028493881226,0.01656738668680191,0.03696252033114433,0.007942120544612408,1.0,1.0,1.0,2000
1476,0.0614030659198761,0.016492778435349464,0.03699220344424248,0.007918082177639008,1.0,1.0,1.0,2000
1477,0.06133587658405304,0.016510067507624626,0.036907605826854706,0.007918200455605984,1.0,1.0,1.0,2000
1478,0.061269361525774,0.016444131731987,0.03692944720387459,0.007895782589912415,1.0,1.0,1.0,2000
1479,0.06120414286851883,0.016456374898552895,0.03685366362333298,0.007894106209278107,1.0,1.0,1.0,2000
1480,0.06113949418067932,0.016396498307585716,0.03686996176838875,0.007873034104704857,1.0,1.0,1.0,2000
1481,0.06107576936483383,0.016406962648034096,0.036798033863306046,0.007870770990848541,1.0,1.0,1.0,2000
1482,0.06101253628730774,0.01635092869400978,0.036810845136642456,0.007850760594010353,1.0,1.0,1.0,2000
1483,0.06095021963119507,0.01636328734457493,0.03673785924911499,0.00784907303750515,1.0,1.0,1.0,2000
1484,0.06088843569159508,0.016308709979057312,0.03675024211406708,0.007829483598470688,1.0,1.0,1.0,2000
1485,0.06082785874605179,0.016326628625392914,0.036672040820121765,0.00782918743789196,1.0,1.0,1.0,2000
1486,0.060768261551856995,0.016270561143755913,0.03668883070349693,0.00780887296423316,1.0,1.0,1.0,2000
1487,0.060710784047842026,0.01629835180938244,0.036601826548576355,0.00781060429289937,1.0,1.0,1.0,2000
1488,0.060655273497104645,0.01623770035803318,0.0366295725107193,0.00778800155967474,1.0,1.0,1.0,2000
1489,0.06060412526130676,0.016282537952065468,0.03652893006801605,0.007792660500854254,1.0,1.0,1.0,2000
1490,0.06055714562535286,0.0162156131118536,0.0365755632519722,0.00776596600189805,1.0,1.0,1.0,2000
1491,0.06051979586482048,0.016291454434394836,0.03645305708050728,0.0077752843499183655,1.0,1.0,1.0,2000
1492,0.06049143522977829,0.016220305114984512,0.036528754979372025,0.00774237560108304,1.0,1.0,1.0,2000
1493,0.060485582798719406,0.016355246305465698,0.036370906978845596,0.007759428583085537,1.0,1.0,1.0,2000
1494,0.06049919128417969,0.016291242092847824,0.036490537226200104,0.00771741196513176,1.0,1.0,1.0,2000
1495,0.06056809425354004,0.01654457487165928,0.03627622127532959,0.007747301831841469,1.0,1.0,1.0,2000
1496,0.0606779120862484,0.016522755846381187,0.036463413387537,0.007691745180636644,1.0,1.0,1.0,2000
1497,0.06093047931790352,0.01702756993472576,0.036159999668598175,0.007742908783257008,1.0,1.0,1.0,2000
1498,0.06126030534505844,0.01714041642844677,0.03645294904708862,0.007666939403861761,1.0,1.0,1.0,2000
1499,0.061973534524440765,0.018209928646683693,0.03600964695215225,0.0077539607882499695,1.0,1.0,1.0,2000
1500,0.06278020888566971,0.0186654981225729,0.036467358469963074,0.007647349499166012,1.0,1.0,1.0,2000
