epoch,total,loss_f,loss_ic,loss_bc,lambda_f,lambda_ic,lambda_bc,n_f
1,1.433741807937622,0.570900022983551,0.1335836946964264,0.729258120059967,1.0,1.0,1.0,2000
2,1.1685640811920166,0.2024163007736206,0.1516990214586258,0.8144487738609314,1.0,1.0,1.0,2000
3,1.2329778671264648,0.11812657862901688,0.16760684549808502,0.94724440574646,1.0,1.0,1.0,2000
4,1.1834232807159424,0.03895018622279167,0.15819650888442993,0.9862766265869141,1.0,1.0,1.0,2000
5,1.129293441772461,0.010582341812551022,0.145174041390419,0.9735370874404907,1.0,1.0,1.0,2000
6,1.1152634620666504,0.048019666224718094,0.1357576698064804,0.9314861297607422,1.0,1.0,1.0,2000
7,1.098065733909607,0.09250620752573013,0.12918801605701447,0.8763715028762817,1.0,1.0,1.0,2000
8,1.0841479301452637,0.1321072280406952,0.12511666119098663,0.8269240856170654,1.0,1.0,1.0,2000
9,1.0881410837173462,0.16555733978748322,0.12394662201404572,0.7986371517181396,1.0,1.0,1.0,2000
10,1.1719837188720703,0.1743655800819397,0.12468768656253815,0.7962249517440796,0.9477592570968345,0.9341523325678803,1.1180884103352853,2000
11,1.1693153381347656,0.15567712485790253,0.12528260052204132,0.8091827630996704,0.9477592570968345,0.9341523325678803,1.1180884103352853,2000
12,1.1535570621490479,0.11446790397167206,0.12475643306970596,0.8304598331451416,0.9477592570968345,0.9341523325678803,1.1180884103352853,2000
13,1.138612985610962,0.0724501758813858,0.12338803708553314,0.853854238986969,0.9477592570968345,0.9341523325678803,1.1180884103352853,2000
14,1.1373275518417358,0.04942530766129494,0.12197660654783249,0.8734010457992554,0.9477592570968345,0.9341523325678803,1.1180884103352853,2000
15,1.1441383361816406,0.04632902890443802,0.12101741880178452,0.8829184174537659,0.9477592570968345,0.9341523325678803,1.1180884103352853,2000
16,1.1430988311767578,0.050558701157569885,0.1205187737941742,0.87882000207901,0.9477592570968345,0.9341523325678803,1.1180884103352853,2000
17,1.1295183897018433,0.05566513165831566,0.12039902061223984,0.8624454736709595,0.9477592570968345,0.9341523325678803,1.1180884103352853,2000
18,1.1132696866989136,0.0662415623664856,0.12070897221565247,0.8386887311935425,0.9477592570968345,0.9341523325678803,1.1180884103352853,2000
19,1.104910135269165,0.08654681593179703,0.12141866981983185,0.8134071826934814,0.9477592570968345,0.9341523325678803,1.1180884103352853,2000
20,1.1851732730865479,0.11080657690763474,0.12220387905836105,0.7915248274803162,0.8854292350172064,0.8765203117683424,1.2380504532144514,2000
21,1.181450366973877,0.13438104093074799,0.12239497154951096,0.7715225219726562,0.8854292350172064,0.8765203117683424,1.2380504532144514,2000
22,1.1744489669799805,0.14858876168727875,0.12191469967365265,0.7560462951660156,0.8854292350172064,0.8765203117683424,1.2380504532144514,2000
23,1.1647436618804932,0.1511257290840149,0.12113747745752335,0.746942937374115,0.8854292350172064,0.8765203117683424,1.2380504532144514,2000
24,1.1554172039031982,0.14419452846050262,0.12061674892902374,0.7447354793548584,0.8854292350172064,0.8765203117683424,1.2380504532144514,2000
25,1.1478074789047241,0.1307702511548996,0.12073129415512085,0.7481086254119873,0.8854292350172064,0.8765203117683424,1.2380504532144514,2000
26,1.1408692598342896,0.11381302028894424,0.12153630703687668,0.7540620565414429,0.8854292350172064,0.8765203117683424,1.2380504532144514,2000
27,1.1336963176727295,0.09776251763105392,0.12282450497150421,0.7588352560997009,0.8854292350172064,0.8765203117683424,1.2380504532144514,2000
28,1.1267949342727661,0.08843116462230682,0.12420261651277542,0.7589587569236755,0.8854292350172064,0.8765203117683424,1.2380504532144514,2000
29,1.1203539371490479,0.08993895351886749,0.12511520087718964,0.7520318627357483,0.8854292350172064,0.8765203117683424,1.2380504532144514,2000
30,1.179157018661499,0.10230623930692673,0.12500214576721191,0.7375198602676392,0.8286970218053838,0.8277359691269734,1.3435670090676428,2000
31,1.1668851375579834,0.1290901154279709,0.12331239879131317,0.712907075881958,0.8286970218053838,0.8277359691269734,1.3435670090676428,2000
32,1.156877875328064,0.1667567491531372,0.12054012715816498,0.6839343309402466,0.8286970218053838,0.8277359691269734,1.3435670090676428,2000
33,1.1517260074615479,0.20628949999809265,0.11761240661144257,0.6575201749801636,0.8286970218053838,0.8277359691269734,1.3435670090676428,2000
34,1.1478955745697021,0.2335178107023239,0.11541104316711426,0.6392313838005066,0.8286970218053838,0.8277359691269734,1.3435670090676428,2000
35,1.1406548023223877,0.23838573694229126,0.1144038736820221,0.6314601302146912,0.8286970218053838,0.8277359691269734,1.3435670090676428,2000
36,1.1302924156188965,0.2228706330060959,0.11457812786102295,0.6332098245620728,0.8286970218053838,0.8277359691269734,1.3435670090676428,2000
37,1.12152099609375,0.19939149916172028,0.11548158526420593,0.6406064033508301,0.8286970218053838,0.8277359691269734,1.3435670090676428,2000
38,1.117051124572754,0.18216493725776672,0.1162508875131607,0.6474307775497437,0.8286970218053838,0.8277359691269734,1.3435670090676428,2000
39,1.1135830879211426,0.17898103594779968,0.11592090874910355,0.6470166444778442,0.8286970218053838,0.8277359691269734,1.3435670090676428,2000
40,1.1412769556045532,0.1912504881620407,0.1140890121459961,0.6359120607376099,0.8067835494183702,0.7813253436666432,1.4118911069149866,2000
41,1.131463885307312,0.2223551869392395,0.11096414923667908,0.6129171848297119,0.8067835494183702,0.7813253436666432,1.4118911069149866,2000
42,1.1247409582138062,0.26623615622520447,0.10762353986501694,0.5849297046661377,0.8067835494183702,0.7813253436666432,1.4118911069149866,2000
43,1.1214864253997803,0.30846452713012695,0.10506129264831543,0.5599123239517212,0.8067835494183702,0.7813253436666432,1.4118911069149866,2000
44,1.1178354024887085,0.333526611328125,0.10379096120595932,0.5437084436416626,0.8067835494183702,0.7813253436666432,1.4118911069149866,2000
45,1.1119270324707031,0.33588770031929016,0.10374971479177475,0.53819739818573,0.8067835494183702,0.7813253436666432,1.4118911069149866,2000
46,1.1057474613189697,0.3229604959487915,0.10434465110301971,0.540878176689148,0.8067835494183702,0.7813253436666432,1.4118911069149866,2000
47,1.1015260219573975,0.30884456634521484,0.10467356443405151,0.5457724332809448,0.8067835494183702,0.7813253436666432,1.4118911069149866,2000
48,1.0985407829284668,0.30532947182655334,0.10402855277061462,0.5460236072540283,0.8067835494183702,0.7813253436666432,1.4118911069149866,2000
49,1.0948951244354248,0.3173063397407532,0.10235723853111267,0.537522554397583,0.8067835494183702,0.7813253436666432,1.4118911069149866,2000
50,1.1055374145507812,0.34280720353126526,0.1002000942826271,0.5209720730781555,0.8327902171697175,0.7343760785611988,1.4328337042690837,2000
51,1.1018588542938232,0.3724730312824249,0.09843427687883377,0.5020674467086792,0.8327902171697175,0.7343760785611988,1.4328337042690837,2000
52,1.0989090204238892,0.3966018557548523,0.09754467010498047,0.4864405393600464,0.8327902171697175,0.7343760785611988,1.4328337042690837,2000
53,1.096067190170288,0.40788689255714417,0.09759008884429932,0.4778748154640198,0.8327902171697175,0.7343760785611988,1.4328337042690837,2000
54,1.0927683115005493,0.4059377610683441,0.09815239161252975,0.4764171838760376,0.8327902171697175,0.7343760785611988,1.4328337042690837,2000
55,1.0894384384155273,0.39787915349006653,0.0985739678144455,0.4785609245300293,0.8327902171697175,0.7343760785611988,1.4328337042690837,2000
56,1.0866270065307617,0.39329761266708374,0.09838175773620605,0.4793601632118225,0.8327902171697175,0.7343760785611988,1.4328337042690837,2000
57,1.0840201377868652,0.3980211019515991,0.09754525125026703,0.4752241373062134,0.8327902171697175,0.7343760785611988,1.4328337042690837,2000
58,1.081095814704895,0.41145411133766174,0.09641354531049728,0.4659557342529297,0.8327902171697175,0.7343760785611988,1.4328337042690837,2000
59,1.0781916379928589,0.42793381214141846,0.09549468010663986,0.45482149720191956,0.8327902171697175,0.7343760785611988,1.4328337042690837,2000
60,1.0909326076507568,0.43955808877944946,0.09520386904478073,0.44648510217666626,0.8838987844802373,0.6900454732915714,1.4260557422281914,2000
61,1.0875818729400635,0.4306797683238983,0.09626840054988861,0.4491233825683594,0.8838987844802373,0.6900454732915714,1.4260557422281914,2000
62,1.0846083164215088,0.41023194789886475,0.09790784865617752,0.4589189291000366,0.8838987844802373,0.6900454732915714,1.4260557422281914,2000
63,1.0828838348388672,0.3935612142086029,0.09890894591808319,0.46755802631378174,0.8838987844802373,0.6900454732915714,1.4260557422281914,2000
64,1.0802444219589233,0.39001399278640747,0.09850818663835526,0.46809977293014526,0.8838987844802373,0.6900454732915714,1.4260557422281914,2000
65,1.0769509077072144,0.3993261754512787,0.09705374389886856,0.4607221484184265,0.8838987844802373,0.6900454732915714,1.4260557422281914,2000
66,1.0749163627624512,0.41189950704574585,0.095648393034935,0.4521822929382324,0.8838987844802373,0.6900454732915714,1.4260557422281914,2000
67,1.0729883909225464,0.41351696848869324,0.0952523797750473,0.4500194191932678,0.8838987844802373,0.6900454732915714,1.4260557422281914,2000
68,1.0700571537017822,0.398621529340744,0.09603485465049744,0.4568178057670593,0.8838987844802373,0.6900454732915714,1.4260557422281914,2000
69,1.0678659677505493,0.3767038583755493,0.09725593775510788,0.46827539801597595,0.8838987844802373,0.6900454732915714,1.4260557422281914,2000
70,1.0775710344314575,0.36209312081336975,0.09773379564285278,0.47612106800079346,0.9115708432850949,0.6523676013543867,1.4360615553605185,2000
71,1.0754214525222778,0.35783281922340393,0.09716865420341492,0.4775852560997009,0.9115708432850949,0.6523676013543867,1.4360615553605185,2000
72,1.0732731819152832,0.3626750111579895,0.09587747603654861,0.47360217571258545,0.9115708432850949,0.6523676013543867,1.4360615553605185,2000
73,1.0718542337417603,0.36723092198371887,0.09479982405900955,0.4702116847038269,0.9115708432850949,0.6523676013543867,1.4360615553605185,2000
74,1.0701947212219238,0.3620724081993103,0.09460683166980743,0.47241824865341187,0.9115708432850949,0.6523676013543867,1.4360615553605185,2000
75,1.0684224367141724,0.34860217571258545,0.0951610580086708,0.47948285937309265,0.9115708432850949,0.6523676013543867,1.4360615553605185,2000
76,1.0672134160995483,0.3373117446899414,0.09566202014684677,0.4855802357196808,0.9115708432850949,0.6523676013543867,1.4360615553605185,2000
77,1.0657474994659424,0.33596885204315186,0.09539804607629776,0.4855317175388336,0.9115708432850949,0.6523676013543867,1.4360615553605185,2000
78,1.0641300678253174,0.3428245186805725,0.09450404345989227,0.4804598093032837,0.9115708432850949,0.6523676013543867,1.4360615553605185,2000
79,1.0628337860107422,0.34844091534614563,0.09377766400575638,0.4763219952583313,0.9115708432850949,0.6523676013543867,1.4360615553605185,2000
80,1.0715856552124023,0.34544387459754944,0.09379451721906662,0.4771057665348053,0.933507907519402,0.6178380322991456,1.4486540601814524,2000
81,1.0698060989379883,0.33402037620544434,0.09464720636606216,0.4828749895095825,0.933507907519402,0.6178380322991456,1.4486540601814524,2000
82,1.068418025970459,0.3282528817653656,0.09532617032527924,0.4853437840938568,0.933507907519402,0.6178380322991456,1.4486540601814524,2000
83,1.0665277242660522,0.3347664773464203,0.09513770788908005,0.47992193698883057,0.933507907519402,0.6178380322991456,1.4486540601814524,2000
84,1.0648424625396729,0.3468445837497711,0.09449607133865356,0.47124922275543213,0.933507907519402,0.6178380322991456,1.4486540601814524,2000
85,1.0631904602050781,0.35180792212486267,0.09430447220802307,0.46699219942092896,0.933507907519402,0.6178380322991456,1.4486540601814524,2000
86,1.0612506866455078,0.3469108045101166,0.09483885765075684,0.4685809016227722,0.933507907519402,0.6178380322991456,1.4486540601814524,2000
87,1.0596261024475098,0.34246814250946045,0.0954875648021698,0.4700455963611603,0.933507907519402,0.6178380322991456,1.4486540601814524,2000
88,1.057767629623413,0.34743353724479675,0.09552233666181564,0.46554821729660034,0.933507907519402,0.6178380322991456,1.4486540601814524,2000
89,1.055896282196045,0.3593815267086029,0.09500853717327118,0.45677635073661804,0.933507907519402,0.6178380322991456,1.4486540601814524,2000
90,1.0628130435943604,0.36780667304992676,0.09462352097034454,0.4503207206726074,0.961046617001056,0.5871547799798319,1.4517986030191121,2000
91,1.0606465339660645,0.36090990900993347,0.09523188322782516,0.45314788818359375,0.961046617001056,0.5871547799798319,1.4517986030191121,2000
92,1.0591423511505127,0.3543054461479187,0.09583347290754318,0.4562404155731201,0.961046617001056,0.5871547799798319,1.4517986030191121,2000
93,1.0571094751358032,0.3604404926300049,0.09545101970434189,0.45093369483947754,0.961046617001056,0.5871547799798319,1.4517986030191121,2000
94,1.0551341772079468,0.37430647015571594,0.09452536702156067,0.4407685697078705,0.961046617001056,0.5871547799798319,1.4517986030191121,2000
95,1.0533177852630615,0.38033974170684814,0.09420142322778702,0.4356546401977539,0.961046617001056,0.5871547799798319,1.4517986030191121,2000
96,1.051026463508606,0.3738631010055542,0.09473615884780884,0.4381473958492279,0.961046617001056,0.5871547799798319,1.4517986030191121,2000
97,1.0490915775299072,0.3676001727581024,0.09524840861558914,0.44075340032577515,0.961046617001056,0.5871547799798319,1.4517986030191121,2000
98,1.046762466430664,0.37209612131118774,0.09494804590940475,0.43629440665245056,0.961046617001056,0.5871547799798319,1.4517986030191121,2000
99,1.0444570779800415,0.3825611472129822,0.0942901149392128,0.42804500460624695,0.961046617001056,0.5871547799798319,1.4517986030191121,2000
100,1.049961805343628,0.3859904408454895,0.09424381703138351,0.42418593168258667,0.9929766161703094,0.559700374474256,1.4473230093554346,2000
101,1.0470443964004517,0.37144526839256287,0.0956290140748024,0.43161362409591675,0.9929766161703094,0.559700374474256,1.4473230093554346,2000
102,1.0449329614639282,0.3632633090019226,0.0966125875711441,0.43538787961006165,0.9929766161703094,0.559700374474256,1.4473230093554346,2000
103,1.0416927337646484,0.37269118428230286,0.09610307216644287,0.4268779158592224,0.9929766161703094,0.559700374474256,1.4473230093554346,2000
104,1.0391523838043213,0.3850037753582001,0.0953969955444336,0.4169483184814453,0.9929766161703094,0.559700374474256,1.4473230093554346,2000
105,1.035926103591919,0.38137713074684143,0.0959034264087677,0.4170115888118744,0.9929766161703094,0.559700374474256,1.4473230093554346,2000
106,1.0327365398406982,0.36946964263916016,0.09718134999275208,0.422482967376709,0.9929766161703094,0.559700374474256,1.4473230093554346,2000
107,1.029369831085205,0.3687293529510498,0.09769958257675171,0.42046433687210083,0.9929766161703094,0.559700374474256,1.4473230093554346,2000
108,1.0254095792770386,0.3807011544704437,0.09711047261953354,0.4097422957420349,0.9929766161703094,0.559700374474256,1.4473230093554346,2000
109,1.0213377475738525,0.3890773057937622,0.09658413380384445,0.4013858437538147,0.9929766161703094,0.559700374474256,1.4473230093554346,2000
110,1.0228853225708008,0.3862876296043396,0.09683819115161896,0.39974087476730347,1.024940321041475,0.5366361624394284,1.4384235165190966,2000
111,1.017686367034912,0.3763270080089569,0.09806434065103531,0.40276646614074707,1.024940321041475,0.5366361624394284,1.4384235165190966,2000
112,1.0111441612243652,0.38178911805152893,0.09833461791276932,0.39422547817230225,1.024940321041475,0.5366361624394284,1.4384235165190966,2000
113,1.0029131174087524,0.3988936245441437,0.09727441519498825,0.37671101093292236,1.024940321041475,0.5366361624394284,1.4384235165190966,2000
114,0.9914616346359253,0.40804779529571533,0.09602464735507965,0.3626933693885803,1.024940321041475,0.5366361624394284,1.4384235165190966,2000
115,0.9749172329902649,0.4083896577358246,0.09517573565244675,0.35126471519470215,1.024940321041475,0.5366361624394284,1.4384235165190966,2000
116,0.9495992064476013,0.4115588963031769,0.09402511268854141,0.3318345546722412,1.024940321041475,0.5366361624394284,1.4384235165190966,2000
117,0.9182145595550537,0.41892972588539124,0.0921650379896164,0.3054576516151428,1.024940321041475,0.5366361624394284,1.4384235165190966,2000
118,0.9087013006210327,0.4338245987892151,0.09168355166912079,0.28841036558151245,1.024940321041475,0.5366361624394284,1.4384235165190966,2000
119,0.8879250884056091,0.39142873883247375,0.09966807067394257,0.30119675397872925,1.024940321041475,0.5366361624394284,1.4384235165190966,2000
120,0.9020373821258545,0.3754624128341675,0.1048758402466774,0.31676700711250305,1.0637560123519343,0.5224438100864948,1.413800177561571,2000
121,0.8930206298828125,0.3851095139980316,0.09586112201213837,0.30646198987960815,1.0637560123519343,0.5224438100864948,1.413800177561571,2000
122,0.8861006498336792,0.3847777545452118,0.0916176587343216,0.3033851385116577,1.0637560123519343,0.5224438100864948,1.413800177561571,2000
123,0.8923484086990356,0.3844812214374542,0.09028590470552444,0.30851948261260986,1.0637560123519343,0.5224438100864948,1.413800177561571,2000
124,0.8892704248428345,0.3959276080131531,0.08274593204259872,0.3005163073539734,1.0637560123519343,0.5224438100864948,1.413800177561571,2000
125,0.8904563188552856,0.38732483983039856,0.08125455677509308,0.30837899446487427,1.0637560123519343,0.5224438100864948,1.413800177561571,2000
126,0.8831609487533569,0.3674227297306061,0.08552317321300507,0.316616028547287,1.0637560123519343,0.5224438100864948,1.413800177561571,2000
127,0.8682533502578735,0.3675270974636078,0.08795049041509628,0.30509620904922485,1.0637560123519343,0.5224438100864948,1.413800177561571,2000
128,0.8595839738845825,0.35764604806900024,0.090894415974617,0.3053109049797058,1.0637560123519343,0.5224438100864948,1.413800177561571,2000
129,0.8536770343780518,0.3245237469673157,0.09911882877349854,0.3230152130126953,1.0637560123519343,0.5224438100864948,1.413800177561571,2000
130,0.8555055856704712,0.32712429761886597,0.10402149707078934,0.31878069043159485,1.088242957289907,0.5118121067741014,1.3999449359359917,2000
131,0.8534363508224487,0.34446436166763306,0.10326597839593887,0.30409958958625793,1.088242957289907,0.5118121067741014,1.3999449359359917,2000
132,0.8492007255554199,0.3410188853740692,0.10317903757095337,0.3037841320037842,1.088242957289907,0.5118121067741014,1.3999449359359917,2000
133,0.8450413346290588,0.32640665769577026,0.10357662290334702,0.31202641129493713,1.088242957289907,0.5118121067741014,1.3999449359359917,2000
134,0.8415862321853638,0.32586851716041565,0.10137031972408295,0.310783326625824,1.088242957289907,0.5118121067741014,1.3999449359359917,2000
135,0.8378170728683472,0.3387920558452606,0.09840531647205353,0.29912886023521423,1.088242957289907,0.5118121067741014,1.3999449359359917,2000
136,0.8316487073898315,0.3458121418952942,0.09793417900800705,0.2894379496574402,1.088242957289907,0.5118121067741014,1.3999449359359917,2000
137,0.8215122222900391,0.33995017409324646,0.10017869621515274,0.2859334945678711,1.088242957289907,0.5118121067741014,1.3999449359359917,2000
138,0.8088294267654419,0.3356473445892334,0.1025116816163063,0.2793658673763275,1.088242957289907,0.5118121067741014,1.3999449359359917,2000
139,0.7935380935668945,0.34178635478019714,0.10411762446165085,0.263083815574646,1.088242957289907,0.5118121067741014,1.3999449359359917,2000
140,0.7718954086303711,0.3418595790863037,0.1073843464255333,0.24315088987350464,1.1275391723547676,0.5071582576710714,1.3653025699741612,2000
141,0.7326740026473999,0.3318438231945038,0.11051955074071884,0.22153055667877197,1.1275391723547676,0.5071582576710714,1.3653025699741612,2000
142,0.7144068479537964,0.3358265459537506,0.11056776344776154,0.20484387874603271,1.1275391723547676,0.5071582576710714,1.3653025699741612,2000
143,0.679552435874939,0.26086005568504333,0.10973062366247177,0.2415374517440796,1.1275391723547676,0.5071582576710714,1.3653025699741612,2000
144,0.661716103553772,0.2720651924610138,0.09883403778076172,0.2232673317193985,1.1275391723547676,0.5071582576710714,1.3653025699741612,2000
145,0.6860071420669556,0.3323904275894165,0.09270031005144119,0.19351765513420105,1.1275391723547676,0.5071582576710714,1.3653025699741612,2000
146,0.6971293687820435,0.2633711099624634,0.09848042577505112,0.2565167546272278,1.1275391723547676,0.5071582576710714,1.3653025699741612,2000
147,0.7042245864868164,0.2618515193462372,0.09812526404857635,0.26310044527053833,1.1275391723547676,0.5071582576710714,1.3653025699741612,2000
148,0.7148951292037964,0.3285074234008789,0.09181731194257736,0.21821114420890808,1.1275391723547676,0.5071582576710714,1.3653025699741612,2000
149,0.6992714405059814,0.3020794689655304,0.09107121080160141,0.22887051105499268,1.1275391723547676,0.5071582576710714,1.3653025699741612,2000
150,0.6907150745391846,0.2946148216724396,0.09151908755302429,0.22644498944282532,1.1590678066304096,0.501262334002444,1.3396698593671466,2000
151,0.6707066297531128,0.28500017523765564,0.09352456033229828,0.2190776765346527,1.1590678066304096,0.501262334002444,1.3396698593671466,2000
152,0.6671542525291443,0.23163999617099762,0.10216269642114639,0.25936055183410645,1.1590678066304096,0.501262334002444,1.3396698593671466,2000
153,0.6457780003547668,0.22426286339759827,0.09997773915529251,0.2506043314933777,1.1590678066304096,0.501262334002444,1.3396698593671466,2000
154,0.6688271760940552,0.2903372049331665,0.09255903959274292,0.21341851353645325,1.1590678066304096,0.501262334002444,1.3396698593671466,2000
155,0.6398036479949951,0.23233568668365479,0.09675569832324982,0.2403658628463745,1.1590678066304096,0.501262334002444,1.3396698593671466,2000
156,0.6575225591659546,0.2350623905658722,0.09997815638780594,0.25002726912498474,1.1590678066304096,0.501262334002444,1.3396698593671466,2000
157,0.6447119116783142,0.2590445876121521,0.09576218575239182,0.2212931215763092,1.1590678066304096,0.501262334002444,1.3396698593671466,2000
158,0.6552144289016724,0.28026238083839417,0.09309448301792145,0.21177354454994202,1.1590678066304096,0.501262334002444,1.3396698593671466,2000
159,0.6471630930900574,0.2335311621427536,0.09790868312120438,0.24439360201358795,1.1590678066304096,0.501262334002444,1.3396698593671466,2000
160,0.6468433141708374,0.2284182906150818,0.09907392412424088,0.24835434556007385,1.1621605857613813,0.5027508523197735,1.3350885619188455,2000
161,0.6335082650184631,0.24959129095077515,0.09597807377576828,0.22110144793987274,1.1621605857613813,0.5027508523197735,1.3350885619188455,2000
162,0.634955883026123,0.25545042753219604,0.09683363139629364,0.21676334738731384,1.1621605857613813,0.5027508523197735,1.3350885619188455,2000
163,0.6323022246360779,0.22250103950500488,0.10104384273290634,0.2418718934059143,1.1621605857613813,0.5027508523197735,1.3350885619188455,2000
164,0.630791187286377,0.22360393404960632,0.09961046278476715,0.24031981825828552,1.1621605857613813,0.5027508523197735,1.3350885619188455,2000
165,0.6263023018836975,0.2504231631755829,0.0945487841963768,0.21551816165447235,1.1621605857613813,0.5027508523197735,1.3350885619188455,2000
166,0.6301842927932739,0.2597884237766266,0.09301117062568665,0.21085262298583984,1.1621605857613813,0.5027508523197735,1.3350885619188455,2000
167,0.6282320618629456,0.2369537353515625,0.09545836597681046,0.2283458709716797,1.1621605857613813,0.5027508523197735,1.3350885619188455,2000
168,0.6299315690994263,0.2353423684835434,0.09674391150474548,0.23053738474845886,1.1621605857613813,0.5027508523197735,1.3350885619188455,2000
169,0.6271718740463257,0.2508991062641144,0.09561555832624435,0.21535351872444153,1.1621605857613813,0.5027508523197735,1.3350885619188455,2000
170,0.62657630443573,0.25559911131858826,0.09460948407649994,0.21053165197372437,1.182691860296045,0.5030925105017602,1.3142156292021947,2000
171,0.6252003908157349,0.24017316102981567,0.09591326862573624,0.22286781668663025,1.182691860296045,0.5030925105017602,1.3142156292021947,2000
172,0.6241482496261597,0.23808394372463226,0.09662344306707382,0.2236754596233368,1.182691860296045,0.5030925105017602,1.3142156292021947,2000
173,0.6200000047683716,0.24794892966747284,0.0963178426027298,0.21175828576087952,1.182691860296045,0.5030925105017602,1.3142156292021947,2000
174,0.6211872100830078,0.25011295080184937,0.09707868844270706,0.21042293310165405,1.182691860296045,0.5030925105017602,1.3142156292021947,2000
175,0.6193149089813232,0.23849079012870789,0.09766005724668503,0.21923477947711945,1.182691860296045,0.5030925105017602,1.3142156292021947,2000
176,0.6187478303909302,0.2415994256734848,0.09582915902137756,0.21670660376548767,1.182691860296045,0.5030925105017602,1.3142156292021947,2000
177,0.6196314096450806,0.25543081760406494,0.09345395117998123,0.20584100484848022,1.182691860296045,0.5030925105017602,1.3142156292021947,2000
178,0.6175206899642944,0.25307878851890564,0.09405931830406189,0.20611988008022308,1.182691860296045,0.5030925105017602,1.3142156292021947,2000
179,0.6181589961051941,0.2439654916524887,0.09630966931581497,0.21394535899162292,1.182691860296045,0.5030925105017602,1.3142156292021947,2000
180,0.6171185970306396,0.24500618875026703,0.09620462357997894,0.21205542981624603,1.1972734629571022,0.5049487177344191,1.2977778193084786,2000
181,0.6160087585449219,0.2525005638599396,0.0943242609500885,0.20501787960529327,1.1972734629571022,0.5049487177344191,1.2977778193084786,2000
182,0.6148165464401245,0.24851027131080627,0.09404619038105011,0.207888662815094,1.1972734629571022,0.5049487177344191,1.2977778193084786,2000
183,0.6148414015769958,0.24221208691596985,0.09487520158290863,0.21339567005634308,1.1972734629571022,0.5049487177344191,1.2977778193084786,2000
184,0.6128736734390259,0.2446306049823761,0.09475380182266235,0.2096954584121704,1.1972734629571022,0.5049487177344191,1.2977778193084786,2000
185,0.6139436364173889,0.2518570125102997,0.09405581653118134,0.20412474870681763,1.1972734629571022,0.5049487177344191,1.2977778193084786,2000
186,0.612280011177063,0.24677935242652893,0.09387989342212677,0.20759569108486176,1.1972734629571022,0.5049487177344191,1.2977778193084786,2000
187,0.6127905249595642,0.24515774846076965,0.09326285123825073,0.20972518622875214,1.1972734629571022,0.5049487177344191,1.2977778193084786,2000
188,0.6120003461837769,0.25083300471305847,0.09209556132555008,0.20433473587036133,1.1972734629571022,0.5049487177344191,1.2977778193084786,2000
189,0.612001895904541,0.2539675533771515,0.09196846187114716,0.20149362087249756,1.1972734629571022,0.5049487177344191,1.2977778193084786,2000
190,0.6115851402282715,0.24735939502716064,0.09326474368572235,0.2063176929950714,1.2132238326561933,0.5056099680267265,1.28116619931708,2000
191,0.6116146445274353,0.2452487051486969,0.09403166174888611,0.20803681015968323,1.2132238326561933,0.5056099680267265,1.28116619931708,2000
192,0.6105117797851562,0.24970117211341858,0.09347864240407944,0.20317789912223816,1.2132238326561933,0.5056099680267265,1.28116619931708,2000
193,0.6101818084716797,0.25052300095558167,0.09324728697538376,0.20223340392112732,1.2132238326561933,0.5056099680267265,1.28116619931708,2000
194,0.609785795211792,0.24586977064609528,0.09387402981519699,0.20608338713645935,1.2132238326561933,0.5056099680267265,1.28116619931708,2000
195,0.6090376377105713,0.24663719534873962,0.09402229636907578,0.20471417903900146,1.2132238326561933,0.5056099680267265,1.28116619931708,2000
196,0.6089093089103699,0.251507043838501,0.09372483938932419,0.20011982321739197,1.2132238326561933,0.5056099680267265,1.28116619931708,2000
197,0.6082626581192017,0.24997998774051666,0.09391358494758606,0.20098665356636047,1.2132238326561933,0.5056099680267265,1.28116619931708,2000
198,0.6080825328826904,0.24775703251361847,0.09396824240684509,0.20292961597442627,1.2132238326561933,0.5056099680267265,1.28116619931708,2000
199,0.6074415445327759,0.25035107135772705,0.09341859817504883,0.2001897096633911,1.2132238326561933,0.5056099680267265,1.28116619931708,2000
200,0.6081017255783081,0.25240376591682434,0.09333668649196625,0.19811025261878967,1.2311329132372693,0.5065355385645705,1.2623315481981605,2000
201,0.6073135137557983,0.2478460967540741,0.09441564977169037,0.2014978677034378,1.2311329132372693,0.5065355385645705,1.2623315481981605,2000
202,0.6069934368133545,0.24680569767951965,0.09502139687538147,0.2020159661769867,1.2311329132372693,0.5065355385645705,1.2623315481981605,2000
203,0.6065338850021362,0.2497580200433731,0.09471741318702698,0.19889453053474426,1.2311329132372693,0.5065355385645705,1.2623315481981605,2000
204,0.6059390306472778,0.2486313134431839,0.0946541354060173,0.19954755902290344,1.2311329132372693,0.5065355385645705,1.2623315481981605,2000
205,0.6057416200637817,0.24628375470638275,0.09478543698787689,0.20162801444530487,1.2311329132372693,0.5065355385645705,1.2623315481981605,2000
206,0.6050832271575928,0.24810923635959625,0.09447631239891052,0.19945010542869568,1.2311329132372693,0.5065355385645705,1.2623315481981605,2000
207,0.6048608422279358,0.2502436339855194,0.09429118782281876,0.1972665935754776,1.2311329132372693,0.5065355385645705,1.2623315481981605,2000
208,0.604339599609375,0.24779608845710754,0.0946246087551117,0.19910693168640137,1.2311329132372693,0.5065355385645705,1.2623315481981605,2000
209,0.6039493083953857,0.2471148520708084,0.09464457631111145,0.19945409893989563,1.2311329132372693,0.5065355385645705,1.2623315481981605,2000
210,0.6040816307067871,0.24918192625045776,0.09432302415370941,0.19718515872955322,1.2462773348110598,0.5082167819757191,1.2455058832132213,2000
211,0.6035125255584717,0.2473849207162857,0.09470206499099731,0.1983717381954193,1.2462773348110598,0.5082167819757191,1.2455058832132213,2000
212,0.6031386852264404,0.2449856549501419,0.0953587219119072,0.20020437240600586,1.2462773348110598,0.5082167819757191,1.2455058832132213,2000
213,0.6026017665863037,0.24586310982704163,0.09553973376750946,0.19882142543792725,1.2462773348110598,0.5082167819757191,1.2455058832132213,2000
214,0.6022340655326843,0.24630431830883026,0.09557545930147171,0.19807013869285583,1.2462773348110598,0.5082167819757191,1.2455058832132213,2000
215,0.6017376780509949,0.24438045918941498,0.0956750437617302,0.19955600798130035,1.2462773348110598,0.5082167819757191,1.2455058832132213,2000
216,0.6012743711471558,0.24483901262283325,0.09538768231868744,0.19884242117404938,1.2462773348110598,0.5082167819757191,1.2455058832132213,2000
217,0.6008857488632202,0.2465619444847107,0.0950528159737587,0.19694305956363678,1.2462773348110598,0.5082167819757191,1.2455058832132213,2000
218,0.6003618240356445,0.24538394808769226,0.09524836391210556,0.19762137532234192,1.2462773348110598,0.5082167819757191,1.2455058832132213,2000
219,0.5999593138694763,0.24446941912174225,0.09548357129096985,0.19811731576919556,1.2462773348110598,0.5082167819757191,1.2455058832132213,2000
220,0.5998032689094543,0.2454795390367508,0.09541312605142593,0.19672328233718872,1.2586318877812852,0.5106374563395014,1.2307306558792137,2000
221,0.599274754524231,0.24434147775173187,0.09561716020107269,0.19737306237220764,1.2586318877812852,0.5106374563395014,1.2307306558792137,2000
222,0.5988516807556152,0.24295556545257568,0.09590208530426025,0.1983284056186676,1.2586318877812852,0.5106374563395014,1.2307306558792137,2000
223,0.5983472466468811,0.24359115958213806,0.09594524651765823,0.19725066423416138,1.2586318877812852,0.5106374563395014,1.2307306558792137,2000
224,0.5978752374649048,0.24365481734275818,0.09603572636842728,0.19676446914672852,1.2586318877812852,0.5106374563395014,1.2307306558792137,2000
225,0.5973976850509644,0.24276861548423767,0.09613566845655441,0.19724124670028687,1.2586318877812852,0.5106374563395014,1.2307306558792137,2000
226,0.5968708992004395,0.24358776211738586,0.09588868916034698,0.19607801735401154,1.2586318877812852,0.5106374563395014,1.2307306558792137,2000
227,0.5963975787162781,0.24453109502792358,0.09561945497989655,0.1948404312133789,1.2586318877812852,0.5106374563395014,1.2307306558792137,2000
228,0.5958808064460754,0.24380384385585785,0.09567427635192871,0.1951415240764618,1.2586318877812852,0.5106374563395014,1.2307306558792137,2000
229,0.5953472256660461,0.24384209513664246,0.09577418863773346,0.19462740421295166,1.2586318877812852,0.5106374563395014,1.2307306558792137,2000
230,0.5951330661773682,0.2444455325603485,0.09588027745485306,0.19353994727134705,1.2701321818023412,0.5134525797730366,1.216415238424622,2000
231,0.5945773124694824,0.24311785399913788,0.096243716776371,0.19431596994400024,1.2701321818023412,0.5134525797730366,1.216415238424622,2000
232,0.5940346717834473,0.24297623336315155,0.09637787938117981,0.19396114349365234,1.2701321818023412,0.5134525797730366,1.216415238424622,2000
233,0.5935165286064148,0.24375572800636292,0.09631463140249252,0.19274795055389404,1.2701321818023412,0.5134525797730366,1.216415238424622,2000
234,0.5929349064826965,0.24310973286628723,0.09639417380094528,0.19291071593761444,1.2701321818023412,0.5134525797730366,1.216415238424622,2000
235,0.5923620462417603,0.24332648515701294,0.09633147716522217,0.19223996996879578,1.2701321818023412,0.5134525797730366,1.216415238424622,2000
236,0.5917889475822449,0.24453328549861908,0.09610605984926224,0.1906038522720337,1.2701321818023412,0.5134525797730366,1.216415238424622,2000
237,0.5911798477172852,0.2443167269229889,0.09604653716087341,0.1903543621301651,1.2701321818023412,0.5134525797730366,1.216415238424622,2000
238,0.5905779600143433,0.24433740973472595,0.09597403556108475,0.18986853957176208,1.2701321818023412,0.5134525797730366,1.216415238424622,2000
239,0.5899518728256226,0.24510890245437622,0.09586361050605774,0.18859490752220154,1.2701321818023412,0.5134525797730366,1.216415238424622,2000
240,0.5896653532981873,0.24465295672416687,0.09598555415868759,0.18847760558128357,1.281833103549887,0.5165295277191428,1.2016373687309698,2000
241,0.589043378829956,0.24396663904190063,0.09620033204555511,0.1885998249053955,1.281833103549887,0.5165295277191428,1.2016373687309698,2000
242,0.5883793830871582,0.24482759833335876,0.09616952389478683,0.1871420443058014,1.281833103549887,0.5165295277191428,1.2016373687309698,2000
243,0.5876855850219727,0.2444932907819748,0.09620608389377594,0.18690556287765503,1.281833103549887,0.5165295277191428,1.2016373687309698,2000
244,0.5870025157928467,0.2443620264530182,0.09612870216369629,0.1865103840827942,1.281833103549887,0.5165295277191428,1.2016373687309698,2000
245,0.5862783789634705,0.24559372663497925,0.09582658112049103,0.18472374975681305,1.281833103549887,0.5165295277191428,1.2016373687309698,2000
246,0.5855223536491394,0.2455790489912033,0.09570709615945816,0.18416160345077515,1.281833103549887,0.5165295277191428,1.2016373687309698,2000
247,0.5847708582878113,0.24580347537994385,0.09559795260429382,0.18334369361400604,1.281833103549887,0.5165295277191428,1.2016373687309698,2000
248,0.5839894413948059,0.24674290418624878,0.09542863816022873,0.18176409602165222,1.281833103549887,0.5165295277191428,1.2016373687309698,2000
249,0.5831598043441772,0.24635134637355804,0.0954599678516388,0.18147790431976318,1.281833103549887,0.5165295277191428,1.2016373687309698,2000
250,0.5829284191131592,0.2466040849685669,0.0954190194606781,0.18051815032958984,1.2952294767448875,0.5196582894578176,1.1851122337972948,2000
251,0.5820733904838562,0.24666808545589447,0.09544091671705246,0.17971709370613098,1.2952294767448875,0.5196582894578176,1.1851122337972948,2000
252,0.5811943411827087,0.24667246639728546,0.09546604007482529,0.17895957827568054,1.2952294767448875,0.5196582894578176,1.1851122337972948,2000
253,0.5802803039550781,0.24703803658485413,0.09538587927818298,0.17782393097877502,1.2952294767448875,0.5196582894578176,1.1851122337972948,2000
254,0.5793250799179077,0.24738851189613342,0.09522544592618942,0.17670518159866333,1.2952294767448875,0.5196582894578176,1.1851122337972948,2000
255,0.5783300995826721,0.24793680012226105,0.09497181326150894,0.17537762224674225,1.2952294767448875,0.5196582894578176,1.1851122337972948,2000
256,0.5772979259490967,0.24860399961471558,0.09468573331832886,0.17390291392803192,1.2952294767448875,0.5196582894578176,1.1851122337972948,2000
257,0.5762221813201904,0.24904115498065948,0.09446489810943604,0.17261424660682678,1.2952294767448875,0.5196582894578176,1.1851122337972948,2000
258,0.5750917792320251,0.2495625913143158,0.09428588300943375,0.17116904258728027,1.2952294767448875,0.5196582894578176,1.1851122337972948,2000
259,0.5739038586616516,0.24986322224140167,0.0941745862364769,0.16988691687583923,1.2952294767448875,0.5196582894578176,1.1851122337972948,2000
260,0.5738036632537842,0.25018298625946045,0.09406205266714096,0.16853421926498413,1.3120753508954732,0.5227231883532139,1.1652014607513128,2000
261,0.5725407600402832,0.2500518560409546,0.09402891993522644,0.16761291027069092,1.3120753508954732,0.5227231883532139,1.1652014607513128,2000
262,0.5712176561355591,0.25085049867630005,0.09384137392044067,0.16566216945648193,1.3120753508954732,0.5227231883532139,1.1652014607513128,2000
263,0.5698267817497253,0.250435471534729,0.09377648681402206,0.1649649441242218,1.3120753508954732,0.5227231883532139,1.1652014607513128,2000
264,0.5683403611183167,0.25180086493492126,0.09338809549808502,0.16232603788375854,1.3120753508954732,0.5227231883532139,1.1652014607513128,2000
265,0.5667815804481506,0.2514333128929138,0.09318425506353378,0.16149356961250305,1.3120753508954732,0.5227231883532139,1.1652014607513128,2000
266,0.565131425857544,0.2532877027988434,0.09262164682149887,0.1582416296005249,1.3120753508954732,0.5227231883532139,1.1652014607513128,2000
267,0.5634521245956421,0.2523903548717499,0.09245701134204865,0.15788474678993225,1.3120753508954732,0.5227231883532139,1.1652014607513128,2000
268,0.5617694854736328,0.25524526834487915,0.09179162234067917,0.15352436900138855,1.3120753508954732,0.5227231883532139,1.1652014607513128,2000
269,0.5606028437614441,0.25268295407295227,0.09200551360845566,0.15531250834465027,1.3120753508954732,0.5227231883532139,1.1652014607513128,2000
270,0.5636132955551147,0.2606366276741028,0.09086449444293976,0.14707037806510925,1.3376978557774526,0.5251257723611613,1.137176371861386,2000
271,0.5746785402297974,0.25881823897361755,0.09240759909152985,0.15822727978229523,1.3376978557774526,0.5251257723611613,1.137176371861386,2000
272,0.590962827205658,0.289939820766449,0.08947297930717468,0.1372930109500885,1.3376978557774526,0.5251257723611613,1.137176371861386,2000
273,0.6606940031051636,0.3085372745990753,0.09462250024080276,0.1743578314781189,1.3376978557774526,0.5251257723611613,1.137176371861386,2000
274,0.5539539456367493,0.25252169370651245,0.09118775278329849,0.14797282218933105,1.3376978557774526,0.5251257723611613,1.137176371861386,2000
275,0.8047745823860168,0.4634362757205963,0.08653806149959564,0.12257860600948334,1.3376978557774526,0.5251257723611613,1.137176371861386,2000
276,0.895361065864563,0.43885916471481323,0.10139942169189453,0.22428590059280396,1.3376978557774526,0.5251257723611613,1.137176371861386,2000
277,1.1291307210922241,0.5446767807006836,0.10788528621196747,0.30238446593284607,1.3376978557774526,0.5251257723611613,1.137176371861386,2000
278,1.1552259922027588,0.5516037344932556,0.10465630143880844,0.3186744451522827,1.3376978557774526,0.5251257723611613,1.137176371861386,2000
279,1.1051838397979736,0.5472353100776672,0.09656867384910583,0.28354233503341675,1.3376978557774526,0.5251257723611613,1.137176371861386,2000
280,1.013900637626648,0.5179466605186462,0.09010343998670578,0.22471588850021362,1.3905158994422815,0.5050725322652307,1.1044115682924878,2000
281,0.6860706806182861,0.3362281620502472,0.08678705245256424,0.15818950533866882,1.3905158994422815,0.5050725322652307,1.1044115682924878,2000
282,1.3440799713134766,0.8437742590904236,0.08477562665939331,0.11588121950626373,1.3905158994422815,0.5050725322652307,1.1044115682924878,2000
283,0.6938208937644958,0.29588091373443604,0.10099324584007263,0.20950962603092194,1.3905158994422815,0.5050725322652307,1.1044115682924878,2000
284,1.0523340702056885,0.44872114062309265,0.119512178003788,0.333225280046463,1.3905158994422815,0.5050725322652307,1.1044115682924878,2000
285,1.2380387783050537,0.5101567506790161,0.12889833748340607,0.41972994804382324,1.3905158994422815,0.5050725322652307,1.1044115682924878,2000
286,1.21640944480896,0.48677054047584534,0.12356707453727722,0.4320281744003296,1.3905158994422815,0.5050725322652307,1.1044115682924878,2000
287,1.095719814300537,0.4435003101825714,0.11054094135761261,0.38318538665771484,1.3905158994422815,0.5050725322652307,1.1044115682924878,2000
288,1.0498249530792236,0.4678821861743927,0.09959803521633148,0.31593579053878784,1.3905158994422815,0.5050725322652307,1.1044115682924878,2000
289,1.049755573272705,0.5152679085731506,0.0944838598370552,0.2585504651069641,1.3905158994422815,0.5050725322652307,1.1044115682924878,2000
290,0.980404257774353,0.4907711446285248,0.09352681785821915,0.21398718655109406,1.435898835890049,0.48971317749489685,1.074387986615054,2000
291,0.7516172528266907,0.3592284023761749,0.09480239450931549,0.1762637197971344,1.435898835890049,0.48971317749489685,1.074387986615054,2000
292,0.7350926399230957,0.36655566096305847,0.09769283980131149,0.1497730016708374,1.435898835890049,0.48971317749489685,1.074387986615054,2000
293,0.846881628036499,0.4330926835536957,0.10619552433490753,0.16102102398872375,1.435898835890049,0.48971317749489685,1.074387986615054,2000
294,0.6209548115730286,0.22581051290035248,0.12326671928167343,0.219984233379364,1.435898835890049,0.48971317749489685,1.074387986615054,2000
295,0.7692325711250305,0.27502375841140747,0.13851435482501984,0.28527310490608215,1.435898835890049,0.48971317749489685,1.074387986615054,2000
296,0.8609377145767212,0.30992981791496277,0.14434286952018738,0.3213208317756653,1.435898835890049,0.48971317749489685,1.074387986615054,2000
297,0.8256925344467163,0.29014870524406433,0.13951341807842255,0.3171543478965759,1.435898835890049,0.48971317749489685,1.074387986615054,2000
298,0.7043373584747314,0.2367914468050003,0.12814320623874664,0.28069502115249634,1.435898835890049,0.48971317749489685,1.074387986615054,2000
299,0.5969984531402588,0.20400045812129974,0.11574681103229523,0.23026292026042938,1.435898835890049,0.48971317749489685,1.074387986615054,2000
300,0.6858689188957214,0.2988321781158447,0.10650350153446198,0.19011223316192627,1.4428672992290708,0.49440071012148357,1.062731990649446,2000
301,0.7048571109771729,0.31764349341392517,0.10259852558374405,0.1842561662197113,1.4428672992290708,0.49440071012148357,1.062731990649446,2000
302,0.6211004257202148,0.24139787256717682,0.10234012454748154,0.20908215641975403,1.4428672992290708,0.49440071012148357,1.062731990649446,2000
303,0.6584876775741577,0.242576003074646,0.10373180359601974,0.24201548099517822,1.4428672992290708,0.49440071012148357,1.062731990649446,2000
304,0.6837230920791626,0.24056771397590637,0.10628420114517212,0.267300546169281,1.4428672992290708,0.49440071012148357,1.062731990649446,2000
305,0.6651965379714966,0.21885748207569122,0.10957027971744537,0.27781474590301514,1.4428672992290708,0.49440071012148357,1.062731990649446,2000
306,0.6140215396881104,0.18666735291481018,0.11281479150056839,0.27185559272766113,1.4428672992290708,0.49440071012148357,1.062731990649446,2000
307,0.5795861482620239,0.1747867912054062,0.11521395295858383,0.2544669210910797,1.4428672992290708,0.49440071012148357,1.062731990649446,2000
308,0.6316381692886353,0.22090047597885132,0.11676865071058273,0.2401147186756134,1.4428672992290708,0.49440071012148357,1.062731990649446,2000
309,0.635865330696106,0.21861258149147034,0.11863000690937042,0.24633267521858215,1.4428672992290708,0.49440071012148357,1.062731990649446,2000
310,0.5987392663955688,0.1724315881729126,0.12052439153194427,0.27045559883117676,1.3903952895259493,0.5091363125194102,1.1004683979546406,2000
311,0.61570143699646,0.16822773218154907,0.12051291763782501,0.2911859154701233,1.3903952895259493,0.5091363125194102,1.1004683979546406,2000
312,0.6236915588378906,0.17236439883708954,0.11807060986757278,0.2943500280380249,1.3903952895259493,0.5091363125194102,1.1004683979546406,2000
313,0.6025964021682739,0.1710723638534546,0.11401405930519104,0.278689980506897,1.3903952895259493,0.5091363125194102,1.1004683979546406,2000
314,0.5829613208770752,0.17908313870429993,0.10965843498706818,0.25274133682250977,1.3903952895259493,0.5091363125194102,1.1004683979546406,2000
315,0.5984781980514526,0.20987653732299805,0.10619020462036133,0.22954003512859344,1.3903952895259493,0.5091363125194102,1.1004683979546406,2000
316,0.6129735112190247,0.2281871736049652,0.10440024733543396,0.22040539979934692,1.3903952895259493,0.5091363125194102,1.1004683979546406,2000
317,0.5943131446838379,0.209476038813591,0.10441552102565765,0.22708231210708618,1.3903952895259493,0.5091363125194102,1.1004683979546406,2000
318,0.5891323089599609,0.19419433176517487,0.10575775057077408,0.2410612404346466,1.3903952895259493,0.5091363125194102,1.1004683979546406,2000
319,0.5955315828323364,0.1892307996749878,0.10783351212739944,0.25218719244003296,1.3903952895259493,0.5091363125194102,1.1004683979546406,2000
320,0.5935388803482056,0.18410582840442657,0.11007863283157349,0.25457119941711426,1.352004833524315,0.5184017230839458,1.1295934433917392,2000
321,0.5813193321228027,0.1801450550556183,0.11190079152584076,0.24765796959400177,1.352004833524315,0.5184017230839458,1.1295934433917392,2000
322,0.5791890621185303,0.18752065300941467,0.11306673288345337,0.23640912771224976,1.352004833524315,0.5184017230839458,1.1295934433917392,2000
323,0.5900712013244629,0.2020018994808197,0.11373931169509888,0.2284015715122223,1.352004833524315,0.5184017230839458,1.1295934433917392,2000
324,0.5867920517921448,0.19936607778072357,0.11420100927352905,0.22844161093235016,1.352004833524315,0.5184017230839458,1.1295934433917392,2000
325,0.5778986215591431,0.1880776584148407,0.11430521309375763,0.23403167724609375,1.352004833524315,0.5184017230839458,1.1295934433917392,2000
326,0.579824686050415,0.18619760870933533,0.11366760730743408,0.23827967047691345,1.352004833524315,0.5184017230839458,1.1295934433917392,2000
327,0.5815019607543945,0.18983358144760132,0.1122034564614296,0.23608452081680298,1.352004833524315,0.5184017230839458,1.1295934433917392,2000
328,0.5763144493103027,0.19437256455421448,0.1102016344666481,0.22697818279266357,1.352004833524315,0.5184017230839458,1.1295934433917392,2000
329,0.572231650352478,0.20255595445632935,0.10813740640878677,0.21451647579669952,1.352004833524315,0.5184017230839458,1.1295934433917392,2000
330,0.5748526453971863,0.21462252736091614,0.10649535059928894,0.20404274761676788,1.3394082832781322,0.5273974238852042,1.1331942928366638,2000
331,0.5765551328659058,0.22010202705860138,0.10558442771434784,0.199492409825325,1.3394082832781322,0.5273974238852042,1.1331942928366638,2000
332,0.5719546675682068,0.21532922983169556,0.10545345395803452,0.20113497972488403,1.3394082832781322,0.5273974238852042,1.1331942928366638,2000
333,0.5704063773155212,0.21022920310497284,0.10586876422166824,0.20560351014137268,1.3394082832781322,0.5273974238852042,1.1331942928366638,2000
334,0.5716016888618469,0.20824646949768066,0.10650995373725891,0.20870345830917358,1.3394082832781322,0.5273974238852042,1.1331942928366638,2000
335,0.5697922706604004,0.20721305906772614,0.1071133017539978,0.20804736018180847,1.3394082832781322,0.5273974238852042,1.1331942928366638,2000
336,0.566345751285553,0.2078704684972763,0.1075327917933464,0.20403367280960083,1.3394082832781322,0.5273974238852042,1.1331942928366638,2000
337,0.5663439035415649,0.21181552112102509,0.10776858031749725,0.19925934076309204,1.3394082832781322,0.5273974238852042,1.1331942928366638,2000
338,0.5675303339958191,0.21483202278614044,0.1079145073890686,0.1966729760169983,1.3394082832781322,0.5273974238852042,1.1331942928366638,2000
339,0.5653296113014221,0.2126384675502777,0.10798535495996475,0.19729065895080566,1.3394082832781322,0.5273974238852042,1.1331942928366638,2000
340,0.5624382495880127,0.20954616367816925,0.10781924426555634,0.19937805831432343,1.327121337792174,0.5372530995169558,1.1356255626908704,2000
341,0.5625509023666382,0.20939430594444275,0.10720553249120712,0.19994503259658813,1.327121337792174,0.5372530995169558,1.1356255626908704,2000
342,0.5613665580749512,0.21122628450393677,0.10613057762384415,0.19726979732513428,1.327121337792174,0.5372530995169558,1.1356255626908704,2000
343,0.5589088797569275,0.21456536650657654,0.1047789677977562,0.1918429732322693,1.327121337792174,0.5372530995169558,1.1356255626908704,2000
344,0.5580534338951111,0.21955569088459015,0.10345259308815002,0.18588536977767944,1.327121337792174,0.5372530995169558,1.1356255626908704,2000
345,0.5580453276634216,0.2234468162059784,0.10243268311023712,0.18181344866752625,1.327121337792174,0.5372530995169558,1.1356255626908704,2000
346,0.5564900636672974,0.22357305884361267,0.10182879120111465,0.18058207631111145,1.327121337792174,0.5372530995169558,1.1356255626908704,2000
347,0.555030107498169,0.22210834920406342,0.10153670608997345,0.18114635348320007,1.327121337792174,0.5372530995169558,1.1356255626908704,2000
348,0.5545457005500793,0.22151845693588257,0.10136143863201141,0.18149210512638092,1.327121337792174,0.5372530995169558,1.1356255626908704,2000
349,0.5532845258712769,0.22174252569675446,0.10116434842348099,0.18021291494369507,1.327121337792174,0.5372530995169558,1.1356255626908704,2000
350,0.5508378744125366,0.2227758765220642,0.1009255200624466,0.17738837003707886,1.3277840350481505,0.5439514063213352,1.1282645586305147,2000
351,0.5497509241104126,0.22460901737213135,0.10072994232177734,0.1743619740009308,1.3277840350481505,0.5439514063213352,1.1282645586305147,2000
352,0.5488584041595459,0.22552117705345154,0.10066861659288406,0.1725270301103592,1.3277840350481505,0.5439514063213352,1.1282645586305147,2000
353,0.5471878051757812,0.22453516721725464,0.10071925818920135,0.17218232154846191,1.3277840350481505,0.5439514063213352,1.1282645586305147,2000
354,0.5458409786224365,0.22343797981739044,0.10071354359388351,0.17228254675865173,1.3277840350481505,0.5439514063213352,1.1282645586305147,2000
355,0.544831395149231,0.2235686480998993,0.10045506805181503,0.17135857045650482,1.3277840350481505,0.5439514063213352,1.1282645586305147,2000
356,0.5431619882583618,0.22479873895645142,0.0998634397983551,0.1687166392803192,1.3277840350481505,0.5439514063213352,1.1282645586305147,2000
357,0.541321337223053,0.22698846459388733,0.09902459383010864,0.16491267085075378,1.3277840350481505,0.5439514063213352,1.1282645586305147,2000
358,0.539912223815918,0.2294243425130844,0.09813155978918076,0.16122764348983765,1.3277840350481505,0.5439514063213352,1.1282645586305147,2000
359,0.5382146835327148,0.2306908518075943,0.09735281020402908,0.15860804915428162,1.3277840350481505,0.5439514063213352,1.1282645586305147,2000
360,0.5367022156715393,0.23090039193630219,0.09672346711158752,0.15695050358772278,1.3379560699530948,0.5494377665916674,1.1126061634552376,2000
361,0.5351462364196777,0.231205552816391,0.09618423879146576,0.15545135736465454,1.3379560699530948,0.5494377665916674,1.1126061634552376,2000
362,0.5334099531173706,0.23196959495544434,0.09563702344894409,0.15324223041534424,1.3379560699530948,0.5494377665916674,1.1126061634552376,2000
363,0.531261682510376,0.2330666184425354,0.09506290405988693,0.15027567744255066,1.3379560699530948,0.5494377665916674,1.1126061634552376,2000
364,0.5292707681655884,0.23428106307983398,0.0945291519165039,0.14728941023349762,1.3379560699530948,0.5494377665916674,1.1126061634552376,2000
365,0.5271917581558228,0.2347446084022522,0.09411617368459702,0.14506733417510986,1.3379560699530948,0.5494377665916674,1.1126061634552376,2000
366,0.5247822999954224,0.2342206835746765,0.09382019191980362,0.1436779499053955,1.3379560699530948,0.5494377665916674,1.1126061634552376,2000
367,0.5224967002868652,0.23367545008659363,0.09353527426719666,0.1424199938774109,1.3379560699530948,0.5494377665916674,1.1126061634552376,2000
368,0.5200954675674438,0.23362848162651062,0.09314149618148804,0.14051279425621033,1.3379560699530948,0.5494377665916674,1.1126061634552376,2000
369,0.5173587203025818,0.23404987156391144,0.09260059148073196,0.13781338930130005,1.3379560699530948,0.5494377665916674,1.1126061634552376,2000
370,0.5162995457649231,0.23472096025943756,0.09197094291448593,0.13486751914024353,1.356722158534875,0.5542723879901301,1.0890054534749949,2000
371,0.513437032699585,0.23482362926006317,0.09136559814214706,0.1324191838502884,1.356722158534875,0.5542723879901301,1.0890054534749949,2000
372,0.5103189945220947,0.23437738418579102,0.0907769575715065,0.1304115504026413,1.356722158534875,0.5542723879901301,1.0890054534749949,2000
373,0.5071856379508972,0.2340724617242813,0.09012195467948914,0.12824749946594238,1.356722158534875,0.5542723879901301,1.0890054534749949,2000
374,0.5037217736244202,0.23405052721500397,0.08934403210878372,0.1254899799823761,1.356722158534875,0.5542723879901301,1.0890054534749949,2000
375,0.5000195503234863,0.23420187830924988,0.08848253637552261,0.12234032154083252,1.356722158534875,0.5542723879901301,1.0890054534749949,2000
376,0.49619269371032715,0.2341126650571823,0.08763642609119415,0.11936800181865692,1.356722158534875,0.5542723879901301,1.0890054534749949,2000
377,0.49200698733329773,0.23338299989700317,0.08685813099145889,0.11682957410812378,1.356722158534875,0.5542723879901301,1.0890054534749949,2000
378,0.48764288425445557,0.2324276715517044,0.086100272834301,0.1143980622291565,1.356722158534875,0.5542723879901301,1.0890054534749949,2000
379,0.482959121465683,0.23153690993785858,0.08528637886047363,0.11162109673023224,1.356722158534875,0.5542723879901301,1.0890054534749949,2000
380,0.48115500807762146,0.23065268993377686,0.08440864831209183,0.10850290954113007,1.3844154942869848,0.5586296910308282,1.0569548146821868,2000
381,0.47586512565612793,0.22940625250339508,0.08356203883886337,0.10557812452316284,1.3844154942869848,0.5586296910308282,1.0569548146821868,2000
382,0.4701462686061859,0.22757048904895782,0.08276841789484024,0.10299138724803925,1.3844154942869848,0.5586296910308282,1.0569548146821868,2000
383,0.4641100764274597,0.22549419105052948,0.08196695894002914,0.10042361915111542,1.3844154942869848,0.5586296910308282,1.0569548146821868,2000
384,0.4575880169868469,0.22332878410816193,0.0810917392373085,0.09755188226699829,1.3844154942869848,0.5586296910308282,1.0569548146821868,2000
385,0.4506196677684784,0.22101059556007385,0.0801556259393692,0.09449020028114319,1.3844154942869848,0.5586296910308282,1.0569548146821868,2000
386,0.44317954778671265,0.21826621890068054,0.07921309769153595,0.09154374897480011,1.3844154942869848,0.5586296910308282,1.0569548146821868,2000
387,0.4352269470691681,0.21508610248565674,0.0782579556107521,0.0886898934841156,1.3844154942869848,0.5586296910308282,1.0569548146821868,2000
388,0.42673972249031067,0.21169455349445343,0.07722947001457214,0.08564586937427521,1.3844154942869848,0.5586296910308282,1.0569548146821868,2000
389,0.41762030124664307,0.20804107189178467,0.07612205296754837,0.08238855004310608,1.3844154942869848,0.5586296910308282,1.0569548146821868,2000
390,0.41194573044776917,0.2039366066455841,0.07500197738409042,0.0791923999786377,1.4168080383201782,0.5655945536986622,1.0175974079811598,2000
391,0.40158888697624207,0.19920362532138824,0.0739167332649231,0.07620763033628464,1.4168080383201782,0.5655945536986622,1.0175974079811598,2000
392,0.39056265354156494,0.19404910504817963,0.07281768321990967,0.0731596052646637,1.4168080383201782,0.5655945536986622,1.0175974079811598,2000
393,0.3787984549999237,0.18842631578445435,0.07171668112277985,0.07003946602344513,1.4168080383201782,0.5655945536986622,1.0175974079811598,2000
394,0.3663340210914612,0.18216374516487122,0.07068464159965515,0.06708361208438873,1.4168080383201782,0.5655945536986622,1.0175974079811598,2000
395,0.35318949818611145,0.17532485723495483,0.06971551477909088,0.06422688812017441,1.4168080383201782,0.5655945536986622,1.0175974079811598,2000
396,0.3392626643180847,0.1679764688014984,0.06877270340919495,0.06129613518714905,1.4168080383201782,0.5655945536986622,1.0175974079811598,2000
397,0.32468822598457336,0.1600845605134964,0.06790217012166977,0.05844555050134659,1.4168080383201782,0.5655945536986622,1.0175974079811598,2000
398,0.3094850778579712,0.1515989452600479,0.06713303178548813,0.0557473823428154,1.4168080383201782,0.5655945536986622,1.0175974079811598,2000
399,0.29367494583129883,0.14266438782215118,0.06644373387098312,0.053033433854579926,1.4168080383201782,0.5655945536986622,1.0175974079811598,2000
400,0.2793211042881012,0.13332316279411316,0.06587829440832138,0.05039028078317642,1.4353767249602358,0.5882183616932098,0.9764049133465543,2000
401,0.26268070936203003,0.1235828548669815,0.06546985357999802,0.04791267216205597,1.4353767249602358,0.5882183616932098,0.9764049133465543,2000
402,0.24582040309906006,0.11361704766750336,0.06522227823734283,0.04544444382190704,1.4353767249602358,0.5882183616932098,0.9764049133465543,2000
403,0.22904428839683533,0.10352982580661774,0.06517446786165237,0.0431206040084362,1.4353767249602358,0.5882183616932098,0.9764049133465543,2000
404,0.21259072422981262,0.09352187067270279,0.06534045189619064,0.040881745517253876,1.4353767249602358,0.5882183616932098,0.9764049133465543,2000
405,0.19673411548137665,0.08377386629581451,0.06574217230081558,0.03873014450073242,1.4353767249602358,0.5882183616932098,0.9764049133465543,2000
406,0.1818075329065323,0.07445944100618362,0.06636679917573929,0.036759354174137115,1.4353767249602358,0.5882183616932098,0.9764049133465543,2000
407,0.1680784821510315,0.06582388281822205,0.06727509200572968,0.03484617546200752,1.4353767249602358,0.5882183616932098,0.9764049133465543,2000
408,0.15611609816551208,0.05815262347459793,0.06832177937030792,0.0332413874566555,1.4353767249602358,0.5882183616932098,0.9764049133465543,2000
409,0.14726726710796356,0.052531927824020386,0.06981822103261948,0.031539980322122574,1.4353767249602358,0.5882183616932098,0.9764049133465543,2000
410,0.15226563811302185,0.0546053946018219,0.0708775743842125,0.030741222202777863,1.3966987304429435,0.6655039500748344,0.9377973194822223,2000
411,0.20019936561584473,0.08877930045127869,0.07360302656888962,0.029023684561252594,1.3966987304429435,0.6655039500748344,0.9377973194822223,2000
412,0.4671381711959839,0.2771654725074768,0.07209756225347519,0.03416547551751137,1.3966987304429435,0.6655039500748344,0.9377973194822223,2000
413,0.31744736433029175,0.17176491022109985,0.07711223512887955,0.027964506298303604,1.3966987304429435,0.6655039500748344,0.9377973194822223,2000
414,0.2572914958000183,0.12747128307819366,0.07425811886787415,0.03181224316358566,1.3966987304429435,0.6655039500748344,0.9377973194822223,2000
415,0.11631586402654648,0.027386028319597244,0.07608750462532043,0.029248639941215515,1.3966987304429435,0.6655039500748344,0.9377973194822223,2000
416,0.31290745735168457,0.16750045120716095,0.07870443165302277,0.02834479697048664,1.3966987304429435,0.6655039500748344,0.9377973194822223,2000
417,0.48779866099357605,0.2879320979118347,0.07394865900278091,0.03884759917855263,1.3966987304429435,0.6655039500748344,0.9377973194822223,2000
418,0.18017539381980896,0.0703713595867157,0.07542464137077332,0.03379450738430023,1.3966987304429435,0.6655039500748344,0.9377973194822223,2000
419,0.7845882773399353,0.502968430519104,0.08031021803617477,0.03054621070623398,1.3966987304429435,0.6655039500748344,0.9377973194822223,2000
420,0.5644980669021606,0.3234388530254364,0.07277622073888779,0.045337192714214325,1.4767800924709462,0.6483992671135997,0.8748206404154539,2000
421,0.7427533268928528,0.4408682882785797,0.07173580676317215,0.051638491451740265,1.4767800924709462,0.6483992671135997,0.8748206404154539,2000
422,0.12343122065067291,0.029529592022299767,0.07445766776800156,0.03605791553854942,1.4767800924709462,0.6483992671135997,0.8748206404154539,2000
423,0.9204263091087341,0.5688549876213074,0.07673768699169159,0.03497394919395447,1.4767800924709462,0.6483992671135997,0.8748206404154539,2000
424,0.42073285579681396,0.2230386883020401,0.07093096524477005,0.05185312777757645,1.4767800924709462,0.6483992671135997,0.8748206404154539,2000
425,0.9469133615493774,0.5701925754547119,0.06984694302082062,0.06810043007135391,1.4767800924709462,0.6483992671135997,0.8748206404154539,2000
426,0.39776411652565,0.20528987050056458,0.07032684236764908,0.05600719153881073,1.4767800924709462,0.6483992671135997,0.8748206404154539,2000
427,0.44170892238616943,0.24288378655910492,0.07247186452150345,0.04118816554546356,1.4767800924709462,0.6483992671135997,0.8748206404154539,2000
428,0.4414309859275818,0.24219480156898499,0.07210562378168106,0.04230499640107155,1.4767800924709462,0.6483992671135997,0.8748206404154539,2000
429,0.25989529490470886,0.11183111369609833,0.07013491541147232,0.05632002651691437,1.4767800924709462,0.6483992671135997,0.8748206404154539,2000
430,0.5842088460922241,0.3151487708091736,0.06974336504936218,0.06664862483739853,1.5384843571453373,0.6298962635242216,0.8316193793304414,2000
431,0.28493085503578186,0.12549397349357605,0.07003717124462128,0.05741110444068909,1.5384843571453373,0.6298962635242216,0.8316193793304414,2000
432,0.25891581177711487,0.11509402096271515,0.0715298056602478,0.044237904250621796,1.5384843571453373,0.6298962635242216,0.8316193793304414,2000
433,0.4127604067325592,0.21597935259342194,0.0721854418516159,0.04209886118769646,1.5384843571453373,0.6298962635242216,0.8316193793304414,2000
434,0.15414190292358398,0.04460524767637253,0.07064615935087204,0.04932264983654022,1.5384843571453373,0.6298962635242216,0.8316193793304414,2000
435,0.3820440471172333,0.18928390741348267,0.06995811313390732,0.05623653531074524,1.5384843571453373,0.6298962635242216,0.8316193793304414,2000
436,0.2589927911758423,0.11218465864658356,0.07044272124767303,0.05053616315126419,1.5384843571453373,0.6298962635242216,0.8316193793304414,2000
437,0.1465987265110016,0.04413413628935814,0.07238642871379852,0.039805591106414795,1.5384843571453373,0.6298962635242216,0.8316193793304414,2000
438,0.3395400047302246,0.17106756567955017,0.0740269273519516,0.03574468940496445,1.5384843571453373,0.6298962635242216,0.8316193793304414,2000
439,0.11609838902950287,0.02529880590736866,0.07264631986618042,0.03777800500392914,1.5384843571453373,0.6298962635242216,0.8316193793304414,2000
440,0.23671899735927582,0.10168317705392838,0.07138389348983765,0.04204017296433449,1.5264486870945024,0.6664624108300903,0.8070889020754074,2000
441,0.22387103736400604,0.09438105672597885,0.07170102000236511,0.03966992348432541,1.5264486870945024,0.6664624108300903,0.8070889020754074,2000
442,0.10697585344314575,0.02069363370537758,0.07371409237384796,0.03253719210624695,1.5264486870945024,0.6664624108300903,0.8070889020754074,2000
443,0.23296040296554565,0.10427723824977875,0.07584411650896072,0.02879396453499794,1.5264486870945024,0.6664624108300903,0.8070889020754074,2000
444,0.12040327489376068,0.031000562012195587,0.07500770688056946,0.028612326830625534,1.5264486870945024,0.6664624108300903,0.8070889020754074,2000
445,0.1489328145980835,0.049290794879198074,0.07333826273679733,0.030747219920158386,1.5264486870945024,0.6664624108300903,0.8070889020754074,2000
446,0.1819583922624588,0.07124096155166626,0.07323937863111496,0.03023388423025608,1.5264486870945024,0.6664624108300903,0.8070889020754074,2000
447,0.10019896924495697,0.01904219202697277,0.07501397281885147,0.02619047835469246,1.5264486870945024,0.6664624108300903,0.8070889020754074,2000
448,0.1628962904214859,0.060509853065013885,0.07724076509475708,0.02360709384083748,1.5264486870945024,0.6664624108300903,0.8070889020754074,2000
449,0.12530753016471863,0.036246832460165024,0.07701316475868225,0.023110488429665565,1.5264486870945024,0.6664624108300903,0.8070889020754074,2000
450,0.12020015716552734,0.029702933505177498,0.07536233216524124,0.024234473705291748,1.4427202763344422,0.7746711211857497,0.7826086024798077,2000
451,0.1585695743560791,0.056336067616939545,0.07482180744409561,0.02469955012202263,1.4427202763344422,0.7746711211857497,0.7826086024798077,2000
452,0.1120842769742012,0.024526439607143402,0.07598437368869781,0.0227911826223135,1.4427202763344422,0.7746711211857497,0.7826086024798077,2000
453,0.1280125379562378,0.03549228608608246,0.07781236618757248,0.02111923322081566,1.4427202763344422,0.7746711211857497,0.7826086024798077,2000
454,0.13567468523979187,0.04086699336767197,0.07797902077436447,0.020836666226387024,1.4427202763344422,0.7746711211857497,0.7826086024798077,2000
455,0.10421068966388702,0.01947580650448799,0.076323002576828,0.021706027910113335,1.4427202763344422,0.7746711211857497,0.7826086024798077,2000
456,0.1323259174823761,0.038997404277324677,0.07506336271762848,0.022890297695994377,1.4427202763344422,0.7746711211857497,0.7826086024798077,2000
457,0.11547324061393738,0.027465013787150383,0.0752333477139473,0.022447755560278893,1.4427202763344422,0.7746711211857497,0.7826086024798077,2000
458,0.1058318242430687,0.020825520157814026,0.07631354033946991,0.021298669278621674,1.4427202763344422,0.7746711211857497,0.7826086024798077,2000
459,0.12479694187641144,0.033929914236068726,0.0766557976603508,0.021035458892583847,1.4427202763344422,0.7746711211857497,0.7826086024798077,2000
460,0.10833822190761566,0.018121112138032913,0.0754241794347763,0.02177323028445244,1.345590143635611,0.8934192697729991,0.76099058659139,2000
461,0.11660243570804596,0.02450360730290413,0.07394056767225266,0.023089252412319183,1.345590143635611,0.8934192697729991,0.76099058659139,2000
462,0.1202879324555397,0.02739570289850235,0.07333669066429138,0.02352740429341793,1.345590143635611,0.8934192697729991,0.76099058659139,2000
463,0.10587967932224274,0.01689201407134533,0.0736423060297966,0.022807767614722252,1.345590143635611,0.8934192697729991,0.76099058659139,2000
464,0.11509808152914047,0.023840326815843582,0.07400525361299515,0.022209282964468002,1.345590143635611,0.8934192697729991,0.76099058659139,2000
465,0.11311320215463638,0.022626299411058426,0.07344218343496323,0.022408705204725266,1.345590143635611,0.8934192697729991,0.76099058659139,2000
466,0.10524439066648483,0.01711505651473999,0.0721653625369072,0.023312527686357498,1.345590143635611,0.8934192697729991,0.76099058659139,2000
467,0.11342239379882812,0.02340775355696678,0.07118401676416397,0.024084370583295822,1.345590143635611,0.8934192697729991,0.76099058659139,2000
468,0.1087501049041748,0.020216207951307297,0.0710020586848259,0.023801561444997787,1.345590143635611,0.8934192697729991,0.76099058659139,2000
469,0.10506634414196014,0.017750274389982224,0.07135368883609772,0.0229082852602005,1.345590143635611,0.8934192697729991,0.76099058659139,2000
470,0.11569845676422119,0.022401029244065285,0.07147704064846039,0.02237744815647602,1.2688374930989006,0.9885254666731382,0.7426370402279613,2000
471,0.11056797206401825,0.01874409429728985,0.07090437412261963,0.022479336708784103,1.2688374930989006,0.9885254666731382,0.7426370402279613,2000
472,0.10965579748153687,0.0184367373585701,0.07003763318061829,0.022929903119802475,1.2688374930989006,0.9885254666731382,0.7426370402279613,2000
473,0.11298970878124237,0.02141759544610977,0.06952124089002609,0.023013588041067123,1.2688374930989006,0.9885254666731382,0.7426370402279613,2000
474,0.1088448092341423,0.01848585531115532,0.06957217305898666,0.022373510524630547,1.2688374930989006,0.9885254666731382,0.7426370402279613,2000
475,0.1086212620139122,0.01856907270848751,0.06988359242677689,0.021515781059861183,1.2688374930989006,0.9885254666731382,0.7426370402279613,2000
476,0.1107146367430687,0.020498892292380333,0.06989829987287521,0.02101784199476242,1.2688374930989006,0.9885254666731382,0.7426370402279613,2000
477,0.10719359666109085,0.018130188807845116,0.06941241770982742,0.02097039297223091,1.2688374930989006,0.9885254666731382,0.7426370402279613,2000
478,0.10784419625997543,0.01904997043311596,0.06881555169820786,0.02106945589184761,1.2688374930989006,0.9885254666731382,0.7426370402279613,2000
479,0.10871592909097672,0.020070090889930725,0.0685701072216034,0.020827069878578186,1.2688374930989006,0.9885254666731382,0.7426370402279613,2000
480,0.11079788208007812,0.018258916214108467,0.06875386089086533,0.020161781460046768,1.1930635868112176,1.082126787261514,0.7248096259272685,2000
481,0.11151109635829926,0.019055329263210297,0.0689658671617508,0.019518326967954636,1.1930635868112176,1.082126787261514,0.7248096259272685,2000
482,0.1117737665772438,0.01961061730980873,0.06881918013095856,0.01918569579720497,1.1930635868112176,1.082126787261514,0.7248096259272685,2000
483,0.109916552901268,0.018565364181995392,0.06827562302350998,0.019155392423272133,1.1930635868112176,1.082126787261514,0.7248096259272685,2000
484,0.11052048951387405,0.019596217200160027,0.0676724761724472,0.01919228956103325,1.1930635868112176,1.082126787261514,0.7248096259272685,2000
485,0.1105208545923233,0.020022932440042496,0.06732513010501862,0.019008982926607132,1.1930635868112176,1.082126787261514,0.7248096259272685,2000
486,0.10913816094398499,0.019183406606316566,0.06724699586629868,0.018599869683384895,1.1930635868112176,1.082126787261514,0.7248096259272685,2000
487,0.10957060009241104,0.019840342923998833,0.06717593222856522,0.01822124421596527,1.1930635868112176,1.082126787261514,0.7248096259272685,2000
488,0.10943304747343063,0.020129693672060966,0.06684035062789917,0.01805620640516281,1.1930635868112176,1.082126787261514,0.7248096259272685,2000
489,0.10839452594518661,0.01977245695888996,0.06625480949878693,0.018085608258843422,1.1930635868112176,1.082126787261514,0.7248096259272685,2000
490,0.11241304129362106,0.020536717027425766,0.06568678468465805,0.018129868432879448,1.1327971527599292,1.162753581357588,0.704449265882483,2000
491,0.11221165955066681,0.0208250992000103,0.06529339402914047,0.01802956685423851,1.1327971527599292,1.162753581357588,0.704449265882483,2000
492,0.11137764155864716,0.020463693886995316,0.0650758147239685,0.017785944044589996,1.1327971527599292,1.162753581357588,0.704449265882483,2000
493,0.1114623099565506,0.02090773917734623,0.064852774143219,0.017560232430696487,1.1327971527599292,1.162753581357588,0.704449265882483,2000
494,0.11129139363765717,0.021226512268185616,0.06444718688726425,0.017474453896284103,1.1327971527599292,1.162753581357588,0.704449265882483,2000
495,0.11063036322593689,0.02120661921799183,0.06387121230363846,0.017518775537610054,1.1327971527599292,1.162753581357588,0.704449265882483,2000
496,0.110647052526474,0.02176894247531891,0.06330537050962448,0.017572179436683655,1.1327971527599292,1.162753581357588,0.704449265882483,2000
497,0.11049917340278625,0.0220878217369318,0.06291015446186066,0.0175018273293972,1.1327971527599292,1.162753581357588,0.704449265882483,2000
498,0.10998113453388214,0.021979494020342827,0.06269139051437378,0.01730172336101532,1.1327971527599292,1.162753581357588,0.704449265882483,2000
499,0.10994816571474075,0.022264201194047928,0.0625167191028595,0.017085421830415726,1.1327971527599292,1.162753581357588,0.704449265882483,2000
500,0.1126074343919754,0.022508636116981506,0.06224890053272247,0.016949238255620003,1.0859101713148955,1.2300910668814622,0.6839987618036425,2000
501,0.1121630147099495,0.02258688025176525,0.06184123829007149,0.016908418387174606,1.0859101713148955,1.2300910668814622,0.6839987618036425,2000
502,0.11206115037202835,0.022993985563516617,0.061413779854774475,0.016881898045539856,1.0859101713148955,1.2300910668814622,0.6839987618036425,2000
503,0.11193367093801498,0.023312747478485107,0.061086490750312805,0.01677805185317993,1.0859101713148955,1.2300910668814622,0.6839987618036425,2000
504,0.11157116293907166,0.023337870836257935,0.06087726354598999,0.016584470868110657,1.0859101713148955,1.2300910668814622,0.6839987618036425,2000
505,0.11143896728754044,0.023549485951662064,0.06070061773061752,0.016372906044125557,1.0859101713148955,1.2300910668814622,0.6839987618036425,2000
506,0.11133211106061935,0.023829398676753044,0.06045423820614815,0.016215384006500244,1.0859101713148955,1.2300910668814622,0.6839987618036425,2000
507,0.11103615164756775,0.023996181786060333,0.06011800095438957,0.016122592613101006,1.0859101713148955,1.2300910668814622,0.6839987618036425,2000
508,0.11089515686035156,0.024311436340212822,0.05976836010813713,0.016044754534959793,1.0859101713148955,1.2300910668814622,0.6839987618036425,2000
509,0.11079771816730499,0.024607963860034943,0.05949832499027252,0.01591717079281807,1.0859101713148955,1.2300910668814622,0.6839987618036425,2000
510,0.1126667782664299,0.02469601109623909,0.05933293700218201,0.01572340913116932,1.0515911166175327,1.2855226667090158,0.6628862166734516,2000
511,0.11251025646924973,0.024864759296178818,0.05917561799287796,0.015524681657552719,1.0515911166175327,1.2855226667090158,0.6628862166734516,2000
512,0.11239538341760635,0.025122709572315216,0.05895574390888214,0.015368576161563396,1.0515911166175327,1.2855226667090158,0.6628862166734516,2000
513,0.11218651384115219,0.02535834163427353,0.05865313112735748,0.015266546979546547,1.0515911166175327,1.2855226667090158,0.6628862166734516,2000
514,0.1120326817035675,0.025671960785984993,0.05831656605005264,0.015189631842076778,1.0515911166175327,1.2855226667090158,0.6628862166734516,2000
515,0.11192861199378967,0.025999797508120537,0.05801662430167198,0.015094239264726639,1.0515911166175327,1.2855226667090158,0.6628862166734516,2000
516,0.11175903677940369,0.026205558329820633,0.057784996926784515,0.014961203560233116,1.0515911166175327,1.2855226667090158,0.6628862166734516,2000
517,0.11161766201257706,0.026398180052638054,0.05759495496749878,0.014810911379754543,1.0515911166175327,1.2855226667090158,0.6628862166734516,2000
518,0.11152487993240356,0.026640020310878754,0.05739361792802811,0.014677735976874828,1.0515911166175327,1.2855226667090158,0.6628862166734516,2000
519,0.11138683557510376,0.026864778250455856,0.05715443193912506,0.014576788991689682,1.0515911166175327,1.2855226667090158,0.6628862166734516,2000
520,0.1128726452589035,0.027105538174510002,0.05690152943134308,0.014493941329419613,1.0289860979569638,1.3302727754545967,0.6407411265884395,2000
521,0.11277531832456589,0.02738180197775364,0.056653834879398346,0.014412637799978256,1.0289860979569638,1.3302727754545967,0.6407411265884395,2000
522,0.11265204101800919,0.027592476457357407,0.056446537375450134,0.014312302693724632,1.0289860979569638,1.3302727754545967,0.6407411265884395,2000
523,0.11252377182245255,0.02776329778134823,0.05627273768186569,0.014198597520589828,1.0289860979569638,1.3302727754545967,0.6407411265884395,2000
524,0.11243237555027008,0.027967261150479317,0.056096822023391724,0.014093630015850067,1.0289860979569638,1.3302727754545967,0.6407411265884395,2000
525,0.11232893913984299,0.0281826164573431,0.055891525000333786,0.014012588188052177,1.0289860979569638,1.3302727754545967,0.6407411265884395,2000
526,0.11221649497747421,0.0284050814807415,0.055664658546447754,0.01395084336400032,1.0289860979569638,1.3302727754545967,0.6407411265884395,2000
527,0.11213189363479614,0.028637263923883438,0.05545132979750633,0.01388883963227272,1.0289860979569638,1.3302727754545967,0.6407411265884395,2000
528,0.11204349249601364,0.028820041567087173,0.055281877517700195,0.01380915381014347,1.0289860979569638,1.3302727754545967,0.6407411265884395,2000
529,0.11194495856761932,0.02894626557826996,0.05515715107321739,0.013711612671613693,1.0289860979569638,1.3302727754545967,0.6407411265884395,2000
530,0.11314492672681808,0.029068978503346443,0.05505123734474182,0.01361122913658619,1.0153186824035245,1.3662327793927205,0.6184485382037551,2000
531,0.11306077986955643,0.029219849035143852,0.054913315922021866,0.013532161712646484,1.0153186824035245,1.3662327793927205,0.6184485382037551,2000
532,0.1129680871963501,0.02939162403345108,0.05474437028169632,0.013473499566316605,1.0153186824035245,1.3662327793927205,0.6184485382037551,2000
533,0.11289082467556,0.0295823086053133,0.054569486528635025,0.01342187263071537,1.0153186824035245,1.3662327793927205,0.6184485382037551,2000
534,0.11281626671552658,0.029752440750598907,0.05441517010331154,0.013362916186451912,1.0153186824035245,1.3662327793927205,0.6184485382037551,2000
535,0.11273464560508728,0.029885653406381607,0.054287951439619064,0.013293277472257614,1.0153186824035245,1.3662327793927205,0.6184485382037551,2000
536,0.11266355961561203,0.030014565214514732,0.0541725791990757,0.013221558183431625,1.0153186824035245,1.3662327793927205,0.6184485382037551,2000
537,0.11259719729423523,0.030153799802064896,0.05404917895793915,0.013158278539776802,1.0153186824035245,1.3662327793927205,0.6184485382037551,2000
538,0.11252525448799133,0.03029824048280716,0.053912967443466187,0.013105742633342743,1.0153186824035245,1.3662327793927205,0.6184485382037551,2000
539,0.11245991289615631,0.030445117503404617,0.05377828702330589,0.01305647473782301,1.0153186824035245,1.3662327793927205,0.6184485382037551,2000
540,0.11344994604587555,0.03057260811328888,0.05366486683487892,0.013000190258026123,1.0081101652487598,1.3951776484911682,0.5967121862600722,2000
541,0.11338374763727188,0.030684737488627434,0.053561728447675705,0.012940953485667706,1.0081101652487598,1.3951776484911682,0.5967121862600722,2000
542,0.11332038044929504,0.030792921781539917,0.053463391959667206,0.012881908565759659,1.0081101652487598,1.3951776484911682,0.5967121862600722,2000
543,0.11326169967651367,0.0309122484177351,0.05335749685764313,0.012829568237066269,1.0081101652487598,1.3951776484911682,0.5967121862600722,2000
544,0.11320170015096664,0.031042903661727905,0.05323837697505951,0.012786809355020523,1.0081101652487598,1.3951776484911682,0.5967121862600722,2000
545,0.11314351856708527,0.03117986209690571,0.05311349406838417,0.012749910354614258,1.0081101652487598,1.3951776484911682,0.5967121862600722,2000
546,0.11308953911066055,0.03130960464477539,0.05299742892384529,0.012711613439023495,1.0081101652487598,1.3951776484911682,0.5967121862600722,2000
547,0.11303512752056122,0.03141700103878975,0.052899863570928574,0.012667115777730942,1.0081101652487598,1.3951776484911682,0.5967121862600722,2000
548,0.1129816472530365,0.031505391001701355,0.05281884968280792,0.012617580592632294,1.0081101652487598,1.3951776484911682,0.5967121862600722,2000
549,0.11293145269155502,0.0315876305103302,0.052744634449481964,0.012568052858114243,1.0081101652487598,1.3951776484911682,0.5967121862600722,2000
550,0.1137770265340805,0.03166861832141876,0.052669696509838104,0.012522264383733273,1.005384309616204,1.4187903241268227,0.5758253662569734,2000
551,0.11372576653957367,0.03176311030983925,0.05258142948150635,0.012485738843679428,1.005384309616204,1.4187903241268227,0.5758253662569734,2000
552,0.11367770284414291,0.031861044466495514,0.05249153450131416,0.012452779337763786,1.005384309616204,1.4187903241268227,0.5758253662569734,2000
553,0.11362990736961365,0.03194795176386833,0.05241023376584053,0.01241833996027708,1.005384309616204,1.4187903241268227,0.5758253662569734,2000
554,0.1135820522904396,0.032022349536418915,0.05233856290578842,0.012381944805383682,1.005384309616204,1.4187903241268227,0.5758253662569734,2000
555,0.11353684961795807,0.03209473192691803,0.0522695891559124,0.012347016483545303,1.005384309616204,1.4187903241268227,0.5758253662569734,2000
556,0.1134922206401825,0.03217070549726486,0.05219659209251404,0.012316706590354443,1.005384309616204,1.4187903241268227,0.5758253662569734,2000
557,0.11344760656356812,0.03224902227520943,0.05212023854255676,0.012290621176362038,1.005384309616204,1.4187903241268227,0.5758253662569734,2000
558,0.11340485513210297,0.03232293948531151,0.05204811692237854,0.012265018187463284,1.005384309616204,1.4187903241268227,0.5758253662569734,2000
559,0.11336284130811691,0.03238267824053764,0.051987890154123306,0.012236148118972778,1.005384309616204,1.4187903241268227,0.5758253662569734,2000
560,0.1140986979007721,0.03242620453238487,0.051940690726041794,0.012203420512378216,1.0055793316009638,1.4382673677861557,0.5561533006128803,2000
561,0.11405754834413528,0.03247379511594772,0.051889948546886444,0.012174621224403381,1.0055793316009638,1.4382673677861557,0.5561533006128803,2000
562,0.11401695758104324,0.03252958506345749,0.051831621676683426,0.01215158961713314,1.0055793316009638,1.4382673677861557,0.5561533006128803,2000
563,0.11397669464349747,0.0325922891497612,0.05176670104265213,0.012133713811635971,1.0055793316009638,1.4382673677861557,0.5561533006128803,2000
564,0.11393746733665466,0.032655976712703705,0.05170092359185219,0.012118136510252953,1.0055793316009638,1.4382673677861557,0.5561533006128803,2000
565,0.11389891803264618,0.03271343186497688,0.05164022743701935,0.012101901695132256,1.0055793316009638,1.4382673677861557,0.5561533006128803,2000
566,0.11386066675186157,0.03276224806904793,0.051586415618658066,0.012084031477570534,1.0055793316009638,1.4382673677861557,0.5561533006128803,2000
567,0.11382341384887695,0.032806139439344406,0.051536925137043,0.012065669521689415,1.0055793316009638,1.4382673677861557,0.5561533006128803,2000
568,0.11378669738769531,0.03284866735339165,0.05148838460445404,0.012048289179801941,1.0055793316009638,1.4382673677861557,0.5561533006128803,2000
569,0.11375024914741516,0.03289002552628517,0.05144043266773224,0.012031983584165573,1.0055793316009638,1.4382673677861557,0.5561533006128803,2000
570,0.11439470201730728,0.03292711824178696,0.05139612406492233,0.012015266343951225,1.0075570885910632,1.4544891664835042,0.5379537449254325,2000
571,0.11435922980308533,0.03296559676527977,0.05135049298405647,0.012000618502497673,1.0075570885910632,1.4544891664835042,0.5379537449254325,2000
572,0.11432401835918427,0.03300181031227112,0.051306381821632385,0.011986609548330307,1.0075570885910632,1.4544891664835042,0.5379537449254325,2000
573,0.1142893135547638,0.03303654491901398,0.05126336216926575,0.011973334476351738,1.0075570885910632,1.4544891664835042,0.5379537449254325,2000
574,0.11425518989562988,0.033072493970394135,0.051219306886196136,0.011961696669459343,1.0075570885910632,1.4544891664835042,0.5379537449254325,2000
575,0.11422141641378403,0.03311048075556755,0.051173366606235504,0.011951977387070656,1.0075570885910632,1.4544891664835042,0.5379537449254325,2000
576,0.1141880676150322,0.03314830735325813,0.05112750083208084,0.011943157762289047,1.0075570885910632,1.4544891664835042,0.5379537449254325,2000
577,0.11415529996156693,0.0331820547580719,0.05108514428138733,0.011933560483157635,1.0075570885910632,1.4544891664835042,0.5379537449254325,2000
578,0.11412277072668076,0.03320891410112381,0.051048409193754196,0.011922100558876991,1.0075570885910632,1.4544891664835042,0.5379537449254325,2000
579,0.11409064382314682,0.03322971239686012,0.05101674795150757,0.011909028515219688,1.0075570885910632,1.4544891664835042,0.5379537449254325,2000
580,0.11465750634670258,0.033247217535972595,0.050987888127565384,0.011895382776856422,1.0105579030016398,1.468161114468585,0.5212809825297751,2000
581,0.11462587863206863,0.03327098488807678,0.050953514873981476,0.011885430663824081,1.0105579030016398,1.468161114468585,0.5212809825297751,2000
582,0.11459457129240036,0.03329866752028465,0.05091574788093567,0.011878102086484432,1.0105579030016398,1.468161114468585,0.5212809825297751,2000
583,0.1145637109875679,0.033326126635074615,0.05087810754776001,0.011871672235429287,1.0105579030016398,1.468161114468585,0.5212809825297751,2000
584,0.11453307420015335,0.03335067629814148,0.05084269121289253,0.011865044012665749,1.0105579030016398,1.468161114468585,0.5212809825297751,2000
585,0.11450278013944626,0.03337299823760986,0.05080908164381981,0.011858318001031876,1.0105579030016398,1.468161114468585,0.5212809825297751,2000
586,0.114472895860672,0.033395107835531235,0.05077569931745529,0.011852161958813667,1.0105579030016398,1.468161114468585,0.5212809825297751,2000
587,0.11444328725337982,0.03341756761074066,0.05074198916554451,0.011846750043332577,1.0105579030016398,1.468161114468585,0.5212809825297751,2000
588,0.11441396176815033,0.03343866392970085,0.05070941522717476,0.011841334402561188,1.0105579030016398,1.468161114468585,0.5212809825297751,2000
589,0.11438494920730591,0.03345568850636482,0.0506802536547184,0.011834809556603432,1.0105579030016398,1.468161114468585,0.5212809825297751,2000
590,0.11488284170627594,0.033467236906290054,0.050655607134103775,0.011826637201011181,1.0141422935756836,1.4797271218577515,0.5061305845665652,2000
591,0.11485416442155838,0.03348059952259064,0.050629280507564545,0.01182018592953682,1.0141422935756836,1.4797271218577515,0.5061305845665652,2000
592,0.11482574045658112,0.0334964357316494,0.05060078203678131,0.011815599165856838,1.0141422935756836,1.4797271218577515,0.5061305845665652,2000
593,0.11479758471250534,0.03351438418030739,0.050570473074913025,0.011812613345682621,1.0141422935756836,1.4797271218577515,0.5061305845665652,2000
594,0.11476968973875046,0.03353280946612358,0.05053972825407982,0.01181047037243843,1.0141422935756836,1.4797271218577515,0.5061305845665652,2000
595,0.11474202573299408,0.03354984149336815,0.050510093569755554,0.01180833950638771,1.0141422935756836,1.4797271218577515,0.5061305845665652,2000
596,0.11471463739871979,0.03356454521417618,0.05048239603638649,0.011805735528469086,1.0141422935756836,1.4797271218577515,0.5061305845665652,2000
597,0.1146874725818634,0.033577073365449905,0.050456512719392776,0.01180262491106987,1.0141422935756836,1.4797271218577515,0.5061305845665652,2000
598,0.11466054618358612,0.03358800709247589,0.05043201521039009,0.011799151077866554,1.0141422935756836,1.4797271218577515,0.5061305845665652,2000
599,0.11463379859924316,0.03359736129641533,0.05040885880589485,0.011795264668762684,1.0141422935756836,1.4797271218577515,0.5061305845665652,2000
600,0.11507105082273483,0.03360455483198166,0.05038759484887123,0.011790703050792217,1.0179803736042166,1.4895726205892545,0.49244700580652906,2000
601,0.11504463106393814,0.03361373394727707,0.05036459118127823,0.011787666007876396,1.0179803736042166,1.4895726205892545,0.49244700580652906,2000
602,0.11501840502023697,0.03362351283431053,0.05034099519252777,0.011785539798438549,1.0179803736042166,1.4895726205892545,0.49244700580652906,2000
603,0.11499234288930893,0.03363334760069847,0.050317298620939255,0.011783979833126068,1.0179803736042166,1.4895726205892545,0.49244700580652906,2000
604,0.114966481924057,0.033643390983343124,0.050293419510126114,0.011782925575971603,1.0179803736042166,1.4895726205892545,0.49244700580652906,2000
605,0.11494080722332001,0.03365384042263031,0.05026924982666969,0.011782310903072357,1.0179803736042166,1.4895726205892545,0.49244700580652906,2000
606,0.11491534113883972,0.03366413339972496,0.05024527385830879,0.011781837791204453,1.0179803736042166,1.4895726205892545,0.49244700580652906,2000
607,0.11489003896713257,0.03367314115166664,0.05022241547703743,0.011780976317822933,1.0179803736042166,1.4895726205892545,0.49244700580652906,2000
608,0.11486493796110153,0.03367995098233223,0.05020146071910858,0.011779312044382095,1.0179803736042166,1.4895726205892545,0.49244700580652906,2000
609,0.11484003067016602,0.03368440642952919,0.050182539969682693,0.011776749044656754,1.0179803736042166,1.4895726205892545,0.49244700580652906,2000
610,0.11522375047206879,0.03368701413273811,0.050165195018053055,0.011773471720516682,1.0218663339705367,1.4979952419286964,0.480138424100767,2000
611,0.11519899219274521,0.033692315220832825,0.050145577639341354,0.01177184283733368,1.0218663339705367,1.4979952419286964,0.480138424100767,2000
612,0.11517439782619476,0.033699288964271545,0.050124552100896835,0.011771377176046371,1.0218663339705367,1.4979952419286964,0.480138424100767,2000
613,0.11514998972415924,0.03370644897222519,0.050103358924388885,0.011771407909691334,1.0218663339705367,1.4979952419286964,0.480138424100767,2000
614,0.11512568593025208,0.033712901175022125,0.05008271336555481,0.01177148800343275,1.0218663339705367,1.4979952419286964,0.480138424100767,2000
615,0.11510156840085983,0.03371874988079071,0.05006260424852371,0.0117715485394001,1.0218663339705367,1.4979952419286964,0.480138424100767,2000
616,0.11507756263017654,0.03372439742088318,0.05004269629716873,0.01177164539694786,1.0218663339705367,1.4979952419286964,0.480138424100767,2000
617,0.11505372077226639,0.03372975066304207,0.05002312362194061,0.011771656572818756,1.0218663339705367,1.4979952419286964,0.480138424100767,2000
618,0.11503002792596817,0.03373400866985321,0.050004541873931885,0.01177122537046671,1.0218663339705367,1.4979952419286964,0.480138424100767,2000
619,0.1150064691901207,0.03373628109693527,0.049987658858299255,0.011769983917474747,1.0218663339705367,1.4979952419286964,0.480138424100767,2000
620,0.11534272134304047,0.033736370503902435,0.04997262358665466,0.011767840944230556,1.0256835406408995,1.505215868964489,0.46910059039461166,2000
621,0.11531929671764374,0.03373800590634346,0.049956247210502625,0.011766846291720867,1.0256835406408995,1.505215868964489,0.46910059039461166,2000
622,0.11529598385095596,0.03374100849032402,0.04993872344493866,0.01176684070378542,1.0256835406408995,1.505215868964489,0.46910059039461166,2000
623,0.11527281999588013,0.033744730055332184,0.04992058873176575,0.011767479591071606,1.0256835406408995,1.505215868964489,0.46910059039461166,2000
624,0.11524973064661026,0.03374839201569557,0.04990248382091522,0.011768357828259468,1.0256835406408995,1.505215868964489,0.46910059039461166,2000
625,0.11522676050662994,0.0337514728307724,0.049884870648384094,0.01176917552947998,1.0256835406408995,1.505215868964489,0.46910059039461166,2000
626,0.11520392447710037,0.033753931522369385,0.04986782371997833,0.011769825592637062,1.0256835406408995,1.505215868964489,0.46910059039461166,2000
627,0.11518120020627975,0.03375580906867981,0.04985131695866585,0.011770234443247318,1.0256835406408995,1.505215868964489,0.46910059039461166,2000
628,0.11515859514474869,0.03375697508454323,0.04983548820018768,0.011770300567150116,1.0256835406408995,1.505215868964489,0.46910059039461166,2000
629,0.11513608694076538,0.03375701978802681,0.04982064664363861,0.011769832111895084,1.0256835406408995,1.505215868964489,0.46910059039461166,2000
630,0.11543052643537521,0.03375566750764847,0.04980699345469475,0.011768714524805546,1.0293414966509749,1.5114327950712716,0.4592257082777536,2000
631,0.11540815979242325,0.03375555947422981,0.049792323261499405,0.011768538504838943,1.0293414966509749,1.5114327950712716,0.4592257082777536,2000
632,0.11538583040237427,0.033756155520677567,0.04977698624134064,0.011769050732254982,1.0293414966509749,1.5114327950712716,0.4592257082777536,2000
633,0.11536359041929245,0.03375712409615517,0.049761321395635605,0.011770002543926239,1.0293414966509749,1.5114327950712716,0.4592257082777536,2000
634,0.11534145474433899,0.03375818952918053,0.0497455932199955,0.011771191842854023,1.0293414966509749,1.5114327950712716,0.4592257082777536,2000
635,0.11531942337751389,0.03375917300581932,0.049729958176612854,0.011772453784942627,1.0293414966509749,1.5114327950712716,0.4592257082777536,2000
636,0.11529745906591415,0.03375984728336334,0.049714624881744385,0.011773601174354553,1.0293414966509749,1.5114327950712716,0.4592257082777536,2000
637,0.11527562141418457,0.033759940415620804,0.049699846655130386,0.011774473823606968,1.0293414966509749,1.5114327950712716,0.4592257082777536,2000
638,0.11525382101535797,0.03375907987356186,0.04968588426709175,0.011774873360991478,1.0293414966509749,1.5114327950712716,0.4592257082777536,2000
639,0.11523213237524033,0.03375721350312233,0.04967284947633743,0.011774739250540733,1.0293414966509749,1.5114327950712716,0.4592257082777536,2000
640,0.11548963934183121,0.03375435620546341,0.04966067895293236,0.011774069629609585,1.0327882913617195,1.5168011638148482,0.45041054482343174,2000
641,0.11546802520751953,0.03375273942947388,0.04964746534824371,0.011774292215704918,1.0327882913617195,1.5168011638148482,0.45041054482343174,2000
642,0.11544651538133621,0.03375185281038284,0.04963363707065582,0.011775137856602669,1.0327882913617195,1.5168011638148482,0.45041054482343174,2000
643,0.11542502045631409,0.03375104442238808,0.04961967468261719,0.0117762740701437,1.0327882913617195,1.5168011638148482,0.45041054482343174,2000
644,0.11540360003709793,0.033750083297491074,0.0496058389544487,0.011777518317103386,1.0327882913617195,1.5168011638148482,0.45041054482343174,2000
645,0.11538231372833252,0.033749062567949295,0.04959212243556976,0.01177879050374031,1.0327882913617195,1.5168011638148482,0.45041054482343174,2000
646,0.11536106467247009,0.03374791890382767,0.049578528851270676,0.011780016124248505,1.0327882913617195,1.5168011638148482,0.45041054482343174,2000
647,0.11533986032009125,0.03374645486474037,0.04956524074077606,0.011781041510403156,1.0327882913617195,1.5168011638148482,0.45041054482343174,2000
648,0.11531873792409897,0.03374430909752846,0.049552589654922485,0.011781676672399044,1.0327882913617195,1.5168011638148482,0.45041054482343174,2000
649,0.11529769003391266,0.03374117612838745,0.04954081401228905,0.011781777255237103,1.0327882913617195,1.5168011638148482,0.45041054482343174,2000
650,0.11552262306213379,0.033737145364284515,0.04952984303236008,0.011781362816691399,1.0359936198157038,1.5214515120866339,0.4425548680976627,2000
651,0.11550161987543106,0.03373412415385246,0.04951799660921097,0.011781718581914902,1.0359936198157038,1.5214515120866339,0.4425548680976627,2000
652,0.11548072099685669,0.033731888979673386,0.04950549826025963,0.011782672256231308,1.0359936198157038,1.5214515120866339,0.4425548680976627,2000
653,0.11545982211828232,0.03372983634471893,0.04949279874563217,0.01178392581641674,1.0359936198157038,1.5214515120866339,0.4425548680976627,2000
654,0.11543901264667511,0.033727653324604034,0.04948021471500397,0.011785268783569336,1.0359936198157038,1.5214515120866339,0.4425548680976627,2000
655,0.1154182180762291,0.033725228160619736,0.049467820674180984,0.011786573566496372,1.0359936198157038,1.5214515120866339,0.4425548680976627,2000
656,0.11539755016565323,0.03372272476553917,0.04945558309555054,0.011787807568907738,1.0359936198157038,1.5214515120866339,0.4425548680976627,2000
657,0.11537690460681915,0.033720001578330994,0.049443554133176804,0.01178887952119112,1.0359936198157038,1.5214515120866339,0.4425548680976627,2000
658,0.11535629630088806,0.033716797828674316,0.049431975930929184,0.011789634823799133,1.0359936198157038,1.5214515120866339,0.4425548680976627,2000
659,0.11533576995134354,0.03371283411979675,0.04942109435796738,0.011789936572313309,1.0359936198157038,1.5214515120866339,0.4425548680976627,2000
660,0.11553186178207397,0.03370805084705353,0.04941091686487198,0.011789757758378983,1.0389431046762507,1.525490894871102,0.4355660004526468,2000
661,0.11551135778427124,0.03370404615998268,0.049400072544813156,0.011790212243795395,1.0389431046762507,1.525490894871102,0.4355660004526468,2000
662,0.11549089848995209,0.033700644969940186,0.04938870668411255,0.011791160330176353,1.0389431046762507,1.525490894871102,0.4355660004526468,2000
663,0.1154705286026001,0.033697500824928284,0.049377139657735825,0.011792399920523167,1.0389431046762507,1.525490894871102,0.4355660004526468,2000
664,0.11545015126466751,0.03369424119591713,0.04936562478542328,0.011793714016675949,1.0389431046762507,1.525490894871102,0.4355660004526468,2000
665,0.1154298335313797,0.033690836280584335,0.04935425519943237,0.011795001104474068,1.0389431046762507,1.525490894871102,0.4355660004526468,2000
666,0.11540958285331726,0.03368730843067169,0.049343042075634,0.011796196922659874,1.0389431046762507,1.525490894871102,0.4355660004526468,2000
667,0.11538935452699661,0.03368355706334114,0.04933204501867294,0.011797213926911354,1.0389431046762507,1.525490894871102,0.4355660004526468,2000
668,0.11536919325590134,0.03367941826581955,0.04932144284248352,0.011797944083809853,1.0389431046762507,1.525490894871102,0.4355660004526468,2000
669,0.11534906923770905,0.0336746871471405,0.04931137338280678,0.011798284947872162,1.0389431046762507,1.525490894871102,0.4355660004526468,2000
670,0.11551979184150696,0.033669363707304,0.04930185154080391,0.01179821603000164,1.0416317817391667,1.5290106480769161,0.42935757018391707,2000
671,0.11549969762563705,0.03366469964385033,0.04929174855351448,0.011798704974353313,1.0416317817391667,1.5290106480769161,0.42935757018391707,2000
672,0.11547963321208954,0.03366050124168396,0.04928123578429222,0.011799599975347519,1.0416317817391667,1.5290106480769161,0.42935757018391707,2000
673,0.11545958369970322,0.033656440675258636,0.04927057400345802,0.011800719425082207,1.0416317817391667,1.5290106480769161,0.42935757018391707,2000
674,0.11543960869312286,0.03365238010883331,0.049259938299655914,0.011801921762526035,1.0416317817391667,1.5290106480769161,0.42935757018391707,2000
675,0.1154196634888649,0.03364824131131172,0.049249377101659775,0.011803114786744118,1.0416317817391667,1.5290106480769161,0.42935757018391707,2000
676,0.11539974808692932,0.03364400565624237,0.04923893138766289,0.011804218403995037,1.0416317817391667,1.5290106480769161,0.42935757018391707,2000
677,0.11537986248731613,0.0336395800113678,0.04922867938876152,0.0118051553145051,1.0416317817391667,1.5290106480769161,0.42935757018391707,2000
678,0.11536002904176712,0.03363478183746338,0.0492187924683094,0.011805810034275055,1.0416317817391667,1.5290106480769161,0.42935757018391707,2000
679,0.11534024775028229,0.03362949192523956,0.049209367483854294,0.01180611364543438,1.0416317817391667,1.5290106480769161,0.42935757018391707,2000
680,0.11548855155706406,0.03362371399998665,0.049200389534235,0.01180606335401535,1.0440637257307788,1.53208644926908,0.4238498250001412,2000
681,0.11546879261732101,0.03361857309937477,0.04919087141752243,0.011806514114141464,1.0440637257307788,1.53208644926908,0.4238498250001412,2000
682,0.11544904857873917,0.033613815903663635,0.049180999398231506,0.011807319708168507,1.0440637257307788,1.53208644926908,0.4238498250001412,2000
683,0.11542930454015732,0.03360912203788757,0.04917104169726372,0.011808304116129875,1.0440637257307788,1.53208644926908,0.4238498250001412,2000
684,0.11540964245796204,0.033604443073272705,0.04916111007332802,0.011809347197413445,1.0440637257307788,1.53208644926908,0.4238498250001412,2000
685,0.11538997292518616,0.03359966725111008,0.04915124922990799,0.011810372583568096,1.0440637257307788,1.53208644926908,0.4238498250001412,2000
686,0.11537034064531326,0.03359486907720566,0.04914143681526184,0.011811337433755398,1.0440637257307788,1.53208644926908,0.4238498250001412,2000
687,0.11535077542066574,0.03358995541930199,0.049131788313388824,0.011812148615717888,1.0440637257307788,1.53208644926908,0.4238498250001412,2000
688,0.11533120274543762,0.03358466550707817,0.04912247136235237,0.011812695302069187,1.0440637257307788,1.53208644926908,0.4238498250001412,2000
689,0.11531168967485428,0.03357892856001854,0.049113575369119644,0.011812910437583923,1.0440637257307788,1.53208644926908,0.4238498250001412,2000
690,0.11544027179479599,0.03357283025979996,0.04910504072904587,0.011812817305326462,1.0462482697841509,1.5347821848124572,0.41896954540339193,2000
691,0.11542072147130966,0.03356724977493286,0.04909601807594299,0.011813166551291943,1.0462482697841509,1.5347821848124572,0.41896954540339193,2000
692,0.11540122330188751,0.03356204926967621,0.04908667504787445,0.011813840828835964,1.0462482697841509,1.5347821848124572,0.41896954540339193,2000
693,0.11538180708885193,0.033556967973709106,0.04907725378870964,0.011814670637249947,1.0462482697841509,1.5347821848124572,0.41896954540339193,2000
694,0.11536234617233276,0.03355177864432335,0.04906788095831871,0.011815523728728294,1.0462482697841509,1.5347821848124572,0.41896954540339193,2000
695,0.11534295231103897,0.033546578139066696,0.049058567732572556,0.011816366575658321,1.0462482697841509,1.5347821848124572,0.41896954540339193,2000
696,0.11532357335090637,0.03354136273264885,0.049049269407987595,0.01181715540587902,1.0462482697841509,1.5347821848124572,0.41896954540339193,2000
697,0.11530420184135437,0.03353603929281235,0.04904010519385338,0.011817803606390953,1.0462482697841509,1.5347821848124572,0.41896954540339193,2000
698,0.11528486758470535,0.03353042155504227,0.049031224101781845,0.011818213388323784,1.0462482697841509,1.5347821848124572,0.41896954540339193,2000
699,0.11526557058095932,0.03352442756295204,0.04902271181344986,0.011818323284387589,1.0462482697841509,1.5347821848124572,0.41896954540339193,2000
700,0.11537674069404602,0.033518049865961075,0.04901454225182533,0.011818137019872665,1.0481982944437906,1.5371518628969463,0.41464984265926236,2000
701,0.11535746604204178,0.03351220116019249,0.04900592565536499,0.011818353086709976,1.0481982944437906,1.5371518628969463,0.41464984265926236,2000
702,0.11533819884061813,0.033506713807582855,0.048997003585100174,0.011818861588835716,1.0481982944437906,1.5371518628969463,0.41464984265926236,2000
703,0.11531896144151688,0.03350130468606949,0.04898799583315849,0.011819504201412201,1.0481982944437906,1.5371518628969463,0.41464984265926236,2000
704,0.11529971659183502,0.03349580615758896,0.048979051411151886,0.011820166371762753,1.0481982944437906,1.5371518628969463,0.41464984265926236,2000
705,0.11528048664331436,0.033490244299173355,0.048970162868499756,0.011820790357887745,1.0481982944437906,1.5371518628969463,0.41464984265926236,2000
706,0.11526130139827728,0.03348471224308014,0.048961300402879715,0.011821367777884007,1.0481982944437906,1.5371518628969463,0.41464984265926236,2000
707,0.115242138504982,0.03347913175821304,0.04895251244306564,0.011821831576526165,1.0481982944437906,1.5371518628969463,0.41464984265926236,2000
708,0.11522301286458969,0.033473312854766846,0.04894397407770157,0.011822082102298737,1.0481982944437906,1.5371518628969463,0.41464984265926236,2000
709,0.11520387977361679,0.03346708044409752,0.04893578588962555,0.011822046712040901,1.0481982944437906,1.5371518628969463,0.41464984265926236,2000
710,0.11529973149299622,0.03346056118607521,0.04892786964774132,0.011821742169559002,1.0499292549598858,1.5392410916336046,0.4108296534065099,2000
711,0.1152806207537651,0.03345450013875961,0.04891958087682724,0.011821797117590904,1.0499292549598858,1.5392410916336046,0.4108296534065099,2000
712,0.11526153981685638,0.03344876319169998,0.04891100525856018,0.011822108179330826,1.0499292549598858,1.5392410916336046,0.4108296534065099,2000
713,0.11524246633052826,0.03344311565160751,0.048902351409196854,0.011822540313005447,1.0499292549598858,1.5392410916336046,0.4108296534065099,2000
714,0.11522340029478073,0.03343740478157997,0.04889373853802681,0.011822989210486412,1.0499292549598858,1.5392410916336046,0.4108296534065099,2000
715,0.11520436406135559,0.03343169018626213,0.04888516291975975,0.011823415756225586,1.0499292549598858,1.5392410916336046,0.4108296534065099,2000
716,0.11518534272909164,0.03342593461275101,0.048876624554395676,0.011823782697319984,1.0499292549598858,1.5392410916336046,0.4108296534065099,2000
717,0.11516635864973068,0.033420149236917496,0.048868171870708466,0.01182403415441513,1.0499292549598858,1.5392410916336046,0.4108296534065099,2000
718,0.11514735221862793,0.03341411426663399,0.04885993152856827,0.011824090033769608,1.0499292549598858,1.5392410916336046,0.4108296534065099,2000
719,0.11512838304042816,0.0334077887237072,0.048851970583200455,0.011823900043964386,1.0499292549598858,1.5392410916336046,0.4108296534065099,2000
720,0.11521079391241074,0.03340118005871773,0.048844266682863235,0.011823469772934914,1.051457743645053,1.5410887352213007,0.40745352113364625,2000
721,0.11519180983304977,0.033394988626241684,0.04883620887994766,0.011823353357613087,1.051457743645053,1.5410887352213007,0.40745352113364625,2000
722,0.1151728704571724,0.033389076590538025,0.048827920109033585,0.011823460459709167,1.051457743645053,1.5410887352213007,0.40745352113364625,2000
723,0.11515393853187561,0.033383265137672424,0.048819541931152344,0.011823674663901329,1.051457743645053,1.5410887352213007,0.40745352113364625,2000
724,0.11513499170541763,0.033377405256032944,0.048811186105012894,0.011823909357190132,1.051457743645053,1.5410887352213007,0.40745352113364625,2000
725,0.11511608213186264,0.03337154537439346,0.04880286008119583,0.011824117973446846,1.051457743645053,1.5410887352213007,0.40745352113364625,2000
726,0.11509722471237183,0.033365681767463684,0.04879458248615265,0.011824268847703934,1.051457743645053,1.5410887352213007,0.40745352113364625,2000
727,0.11507834494113922,0.03335973620414734,0.04878637194633484,0.01182431261986494,1.051457743645053,1.5410887352213007,0.40745352113364625,2000
728,0.115059494972229,0.03335362300276756,0.04877834767103195,0.011824177578091621,1.051457743645053,1.5410887352213007,0.40745352113364625,2000
729,0.115040622651577,0.033347178250551224,0.048770591616630554,0.01182381622493267,1.051457743645053,1.5410887352213007,0.40745352113364625,2000
730,0.11511125415563583,0.033340565860271454,0.04876305162906647,0.011823245324194431,1.0528008847885444,1.5427278027089955,0.40447131250246027,2000
731,0.11509241908788681,0.03333430364727974,0.04875519126653671,0.011822948232293129,1.0528008847885444,1.5427278027089955,0.40447131250246027,2000
732,0.11507357656955719,0.03332828730344772,0.04874710738658905,0.011822853237390518,1.0528008847885444,1.5427278027089955,0.40447131250246027,2000
733,0.11505477130413055,0.03332236409187317,0.048738956451416016,0.01182284951210022,1.0528008847885444,1.5427278027089955,0.40447131250246027,2000
734,0.11503595113754272,0.033316437155008316,0.04873080551624298,0.011822865344583988,1.0528008847885444,1.5427278027089955,0.40447131250246027,2000
735,0.1150171309709549,0.03331046923995018,0.048722680658102036,0.011822848580777645,1.0528008847885444,1.5427278027089955,0.40447131250246027,2000
736,0.11499835550785065,0.033304519951343536,0.04871458187699318,0.011822793632745743,1.0528008847885444,1.5427278027089955,0.40447131250246027,2000
737,0.1149795800447464,0.03329848498106003,0.048706576228141785,0.01182262971997261,1.0528008847885444,1.5427278027089955,0.40447131250246027,2000
738,0.11496080458164215,0.033292267471551895,0.048698730766773224,0.011822296306490898,1.0528008847885444,1.5427278027089955,0.40447131250246027,2000
739,0.11494205892086029,0.03328581526875496,0.04869112744927406,0.011821761727333069,1.0528008847885444,1.5427278027089955,0.40447131250246027,2000
740,0.11500231176614761,0.03327915817499161,0.04868372157216072,0.011821039952337742,1.0539755860485727,1.544186586212004,0.40183782773942334,2000
741,0.11498357355594635,0.0332728810608387,0.04867599532008171,0.011820567771792412,1.0539755860485727,1.544186586212004,0.40183782773942334,2000
742,0.1149648129940033,0.0332668200135231,0.04866805672645569,0.01182028278708458,1.0539755860485727,1.544186586212004,0.40183782773942334,2000
743,0.11494611948728561,0.03326084464788437,0.04866008087992668,0.01182006485760212,1.0539755860485727,1.544186586212004,0.40183782773942334,2000
744,0.11492735892534256,0.03325481340289116,0.04865210875868797,0.011819852516055107,1.0539755860485727,1.544186586212004,0.40183782773942334,2000
745,0.11490865796804428,0.033248815685510635,0.04864415153861046,0.011819636449217796,1.0539755860485727,1.544186586212004,0.40183782773942334,2000
746,0.1148899495601654,0.03324282914400101,0.048636190593242645,0.011819377541542053,1.0539755860485727,1.544186586212004,0.40183782773942334,2000
747,0.11487126350402832,0.03323676809668541,0.0486283153295517,0.011819017119705677,1.0539755860485727,1.544186586212004,0.40183782773942334,2000
748,0.11485259234905243,0.03323053568601608,0.048620615154504776,0.011818498373031616,1.0539755860485727,1.544186586212004,0.40183782773942334,2000
749,0.11483392119407654,0.03322403132915497,0.04861314222216606,0.011817784048616886,1.0539755860485727,1.544186586212004,0.40183782773942334,2000
750,0.11488504707813263,0.03321736305952072,0.04860582947731018,0.011816899292171001,1.0549983515080477,1.5454891422797115,0.3995125062122409,2000
751,0.11486637592315674,0.03321106731891632,0.04859820753335953,0.011816262267529964,1.0549983515080477,1.5454891422797115,0.3995125062122409,2000
752,0.11484770476818085,0.03320500999689102,0.048590388149023056,0.011815790086984634,1.0549983515080477,1.5454891422797115,0.3995125062122409,2000
753,0.11482906341552734,0.0331990011036396,0.0485825315117836,0.011815370991826057,1.0549983515080477,1.5454891422797115,0.3995125062122409,2000
754,0.11481036990880966,0.033192913979291916,0.04857470840215683,0.01181495189666748,1.0549983515080477,1.5454891422797115,0.3995125062122409,2000
755,0.11479174345731735,0.0331869013607502,0.048566870391368866,0.011814523488283157,1.0549983515080477,1.5454891422797115,0.3995125062122409,2000
756,0.11477310955524445,0.03318090736865997,0.04855901375412941,0.011814067140221596,1.0549983515080477,1.5454891422797115,0.3995125062122409,2000
757,0.11475447565317154,0.03317485749721527,0.048551227897405624,0.01181352324783802,1.0549983515080477,1.5454891422797115,0.3995125062122409,2000
758,0.11473586410284042,0.03316859155893326,0.048543646931648254,0.011812815442681313,1.0549983515080477,1.5454891422797115,0.3995125062122409,2000
759,0.11471725255250931,0.03316207975149155,0.048536282032728195,0.011811932548880577,1.0549983515080477,1.5454891422797115,0.3995125062122409,2000
760,0.1147603839635849,0.033155400305986404,0.04852904751896858,0.01181089598685503,1.055884777814463,1.5466561563764145,0.3974590658091224,2000
761,0.1147417426109314,0.0331491120159626,0.0485215000808239,0.011810094118118286,1.055884777814463,1.5466561563764145,0.3974590658091224,2000
762,0.11472316831350327,0.03314308449625969,0.04851377010345459,0.011809445917606354,1.055884777814463,1.5466561563764145,0.3974590658091224,2000
763,0.11470455676317215,0.033137038350105286,0.04850602149963379,0.011808832176029682,1.055884777814463,1.5466561563764145,0.3974590658091224,2000
764,0.11468592286109924,0.033130940049886703,0.04849829524755478,0.011808213777840137,1.055884777814463,1.5466561563764145,0.3974590658091224,2000
765,0.11466734856367111,0.03312491625547409,0.048490554094314575,0.011807601898908615,1.055884777814463,1.5466561563764145,0.3974590658091224,2000
766,0.1146487221121788,0.03311891853809357,0.04848277568817139,0.01180695928633213,1.055884777814463,1.5466561563764145,0.3974590658091224,2000
767,0.11463014781475067,0.03311287611722946,0.048475079238414764,0.011806240305304527,1.055884777814463,1.5466561563764145,0.3974590658091224,2000
768,0.11461156606674194,0.03310658782720566,0.04846758022904396,0.011805358342826366,1.055884777814463,1.5466561563764145,0.3974590658091224,2000
769,0.11459299176931381,0.03310006484389305,0.04846029356122017,0.011804306879639626,1.055884777814463,1.5466561563764145,0.3974590658091224,2000
770,0.11462914198637009,0.03309343755245209,0.04845310002565384,0.011803134344518185,1.056649445804807,1.547705389096727,0.39564516509846626,2000
771,0.11461054533720016,0.03308716043829918,0.04844561591744423,0.011802174150943756,1.056649445804807,1.547705389096727,0.39564516509846626,2000
772,0.11459198594093323,0.03308112174272537,0.04843795672059059,0.011801352724432945,1.056649445804807,1.547705389096727,0.39564516509846626,2000
773,0.1145733892917633,0.03307504951953888,0.04843029007315636,0.011800555512309074,1.056649445804807,1.547705389096727,0.39564516509846626,2000
774,0.11455483734607697,0.033069007098674774,0.04842263460159302,0.0117997657507658,1.056649445804807,1.547705389096727,0.39564516509846626,2000
775,0.11453625559806824,0.033062972128391266,0.04841494932770729,0.011798967607319355,1.056649445804807,1.547705389096727,0.39564516509846626,2000
776,0.1145176813006401,0.033056993037462234,0.04840724170207977,0.011798159219324589,1.056649445804807,1.547705389096727,0.39564516509846626,2000
777,0.11449912190437317,0.033050939440727234,0.048399608582258224,0.011797265149652958,1.056649445804807,1.547705389096727,0.39564516509846626,2000
778,0.11448055505752563,0.03304466977715492,0.0483921580016613,0.011796224862337112,1.056649445804807,1.547705389096727,0.39564516509846626,2000
779,0.11446201056241989,0.033038180321455,0.04838491231203079,0.011795034632086754,1.056649445804807,1.547705389096727,0.39564516509846626,2000
780,0.1144920140504837,0.03303154930472374,0.04837777465581894,0.011793717741966248,1.0573057608141876,1.5486522187582454,0.3940420204275672,2000
781,0.11447345465421677,0.03302528336644173,0.048370346426963806,0.011792605742812157,1.0573057608141876,1.5486522187582454,0.3940420204275672,2000
782,0.11445489525794983,0.03301924467086792,0.04836273565888405,0.011791622266173363,1.0573057608141876,1.5486522187582454,0.3940420204275672,2000
783,0.11443629860877991,0.03301319479942322,0.0483551062643528,0.01179066114127636,1.0573057608141876,1.5486522187582454,0.3940420204275672,2000
784,0.11441774666309357,0.03300713747739792,0.048347506672143936,0.011789700016379356,1.0573057608141876,1.5486522187582454,0.3940420204275672,2000
785,0.11439920961856842,0.033001117408275604,0.04833989217877388,0.011788737028837204,1.0573057608141876,1.5486522187582454,0.3940420204275672,2000
786,0.11438062787055969,0.032995108515024185,0.04833224415779114,0.011787760071456432,1.0573057608141876,1.5486522187582454,0.3940420204275672,2000
787,0.11436209082603455,0.032989077270030975,0.04832465946674347,0.01178671047091484,1.0573057608141876,1.5486522187582454,0.3940420204275672,2000
788,0.1143435388803482,0.03298283368349075,0.04831724613904953,0.011785530485212803,1.0573057608141876,1.5486522187582454,0.3940420204275672,2000
789,0.11432498693466187,0.032976362854242325,0.048310019075870514,0.011784196831285954,1.0573057608141876,1.5486522187582454,0.3940420204275672,2000
790,0.1143496111035347,0.032969750463962555,0.04830291122198105,0.011782752349972725,1.0578658851897156,1.5495100519751777,0.3926240628351063,2000
791,0.11433102190494537,0.032963477075099945,0.0482955165207386,0.011781500652432442,1.0578658851897156,1.5495100519751777,0.3926240628351063,2000
792,0.11431246250867844,0.03295743837952614,0.04828794673085213,0.011780365370213985,1.0578658851897156,1.5495100519751777,0.3926240628351063,2000
793,0.11429392546415329,0.03295142576098442,0.048280369490385056,0.011779259890317917,1.0578658851897156,1.5495100519751777,0.3926240628351063,2000
794,0.11427536606788635,0.032945387065410614,0.04827279597520828,0.011778146028518677,1.0578658851897156,1.5495100519751777,0.3926240628351063,2000
795,0.11425677686929703,0.0329393595457077,0.04826520383358002,0.011777030304074287,1.0578658851897156,1.5495100519751777,0.3926240628351063,2000
796,0.11423823237419128,0.03293340280652046,0.048257581889629364,0.011775909923017025,1.0578658851897156,1.5495100519751777,0.3926240628351063,2000
797,0.11421965807676315,0.032927364110946655,0.048250019550323486,0.011774714104831219,1.0578658851897156,1.5495100519751777,0.3926240628351063,2000
798,0.11420106142759323,0.032921090722084045,0.04824263975024223,0.011773386970162392,1.0578658851897156,1.5495100519751777,0.3926240628351063,2000
799,0.11418251693248749,0.032914623618125916,0.0482354536652565,0.011771924793720245,1.0578658851897156,1.5495100519751777,0.3926240628351063,2000
800,0.11420244723558426,0.032908033579587936,0.04822836071252823,0.011770371347665787,1.0583407729571286,1.550290527839607,0.3913686992032639,2000
801,0.11418386548757553,0.0329018160700798,0.04822097346186638,0.011768992990255356,1.0583407729571286,1.550290527839607,0.3913686992032639,2000
802,0.11416525393724442,0.0328957661986351,0.0482134185731411,0.01176772266626358,1.0583407729571286,1.550290527839607,0.3913686992032639,2000
803,0.11414670199155807,0.032889749854803085,0.048205867409706116,0.011766473762691021,1.0583407729571286,1.550290527839607,0.3913686992032639,2000
804,0.11412809789180756,0.03288368135690689,0.048198334872722626,0.011765211820602417,1.0583407729571286,1.550290527839607,0.3913686992032639,2000
805,0.11410952359437943,0.032877691090106964,0.048190757632255554,0.011763963848352432,1.0583407729571286,1.550290527839607,0.3913686992032639,2000
806,0.1140909269452095,0.03287174180150032,0.0481831356883049,0.01176270842552185,1.0583407729571286,1.550290527839607,0.3913686992032639,2000
807,0.11407234519720078,0.03286571428179741,0.04817560315132141,0.011761382222175598,1.0583407729571286,1.550290527839607,0.3913686992032639,2000
808,0.11405377835035324,0.032859478145837784,0.04816824942827225,0.011759931221604347,1.0583407729571286,1.550290527839607,0.3913686992032639,2000
809,0.11403517425060272,0.03285298869013786,0.04816107824444771,0.011758346110582352,1.0583407729571286,1.550290527839607,0.3913686992032639,2000
810,0.1140509620308876,0.03284640610218048,0.04815399646759033,0.011756672523915768,1.0587403368224968,1.5510037612983523,0.3902559018791506,2000
811,0.11403234302997589,0.03284017741680145,0.04814662039279938,0.011755184270441532,1.0587403368224968,1.5510037612983523,0.3902559018791506,2000
812,0.11401372402906418,0.03283414617180824,0.04813908040523529,0.011753791943192482,1.0587403368224968,1.5510037612983523,0.3902559018791506,2000
813,0.11399510502815247,0.03282810002565384,0.0481315553188324,0.011752406135201454,1.0587403368224968,1.5510037612983523,0.3902559018791506,2000
814,0.11397650837898254,0.032822076231241226,0.048124026507139206,0.011751020327210426,1.0587403368224968,1.5510037612983523,0.3902559018791506,2000
815,0.11395788192749023,0.0328160896897316,0.048116445541381836,0.011749647557735443,1.0587403368224968,1.5510037612983523,0.3902559018791506,2000
816,0.11393924057483673,0.03281012549996376,0.048108842223882675,0.011748269200325012,1.0587403368224968,1.5510037612983523,0.3902559018791506,2000
817,0.11392061412334442,0.03280410170555115,0.048101313412189484,0.011746825650334358,1.0587403368224968,1.5510037612983523,0.3902559018791506,2000
818,0.1139020025730133,0.032797858119010925,0.04809396713972092,0.011745251715183258,1.0587403368224968,1.5510037612983523,0.3902559018791506,2000
819,0.11388333886861801,0.03279135003685951,0.04808680713176727,0.011743554845452309,1.0587403368224968,1.5510037612983523,0.3902559018791506,2000
820,0.11389552801847458,0.032784800976514816,0.0480797216296196,0.011741792783141136,1.0590733177656608,1.5516585993594088,0.3892680828749304,2000
821,0.11387687176465988,0.03277859464287758,0.04807233065366745,0.011740203015506268,1.0590733177656608,1.5516585993594088,0.3892680828749304,2000
822,0.1138581931591034,0.032772552222013474,0.04806480184197426,0.011738684959709644,1.0590733177656608,1.5516585993594088,0.3892680828749304,2000
823,0.1138395294547081,0.03276648744940758,0.04805728420615196,0.011737187393009663,1.0590733177656608,1.5516585993594088,0.3892680828749304,2000
824,0.1138208732008934,0.03276045247912407,0.04804976284503937,0.011735683307051659,1.0590733177656608,1.5516585993594088,0.3892680828749304,2000
825,0.11380217224359512,0.032754454761743546,0.0480421744287014,0.011734195053577423,1.0590733177656608,1.5516585993594088,0.3892680828749304,2000
826,0.11378353089094162,0.03274856135249138,0.048034556210041046,0.01173271331936121,1.0590733177656608,1.5516585993594088,0.3892680828749304,2000
827,0.11376483738422394,0.03274249657988548,0.04802703857421875,0.01173114962875843,1.0590733177656608,1.5516585993594088,0.3892680828749304,2000
828,0.11374615132808685,0.032736193388700485,0.04801972210407257,0.011729469522833824,1.0590733177656608,1.5516585993594088,0.3892680828749304,2000
829,0.11372743546962738,0.03272969648241997,0.048012543469667435,0.011727673001587391,1.0590733177656608,1.5516585993594088,0.3892680828749304,2000
830,0.11373642832040787,0.03272314369678497,0.04800543934106827,0.011725827120244503,1.059347433604719,1.552262829543491,0.3883897368517899,2000
831,0.1137176975607872,0.03271693363785744,0.047998037189245224,0.011724132113158703,1.059347433604719,1.552262829543491,0.3883897368517899,2000
832,0.11369898915290833,0.032710883766412735,0.04799051582813263,0.011722521856427193,1.059347433604719,1.552262829543491,0.3883897368517899,2000
833,0.11368025839328766,0.032704807817935944,0.04798299819231033,0.011720907874405384,1.059347433604719,1.552262829543491,0.3883897368517899,2000
834,0.11366153508424759,0.032698750495910645,0.04797547310590744,0.011719297617673874,1.059347433604719,1.552262829543491,0.3883897368517899,2000
835,0.11364278942346573,0.03269277140498161,0.04796787351369858,0.011717715300619602,1.059347433604719,1.552262829543491,0.3883897368517899,2000
836,0.11362405121326447,0.032686859369277954,0.04796023666858673,0.01171613298356533,1.059347433604719,1.552262829543491,0.3883897368517899,2000
837,0.11360528320074081,0.03268077224493027,0.047952715307474136,0.011714469641447067,1.059347433604719,1.552262829543491,0.3883897368517899,2000
838,0.11358653753995895,0.032674457877874374,0.04794539138674736,0.011712686158716679,1.059347433604719,1.552262829543491,0.3883897368517899,2000
839,0.1135677844285965,0.03266794979572296,0.04793822020292282,0.01171080581843853,1.059347433604719,1.552262829543491,0.3883897368517899,2000
840,0.11357395350933075,0.03266138583421707,0.04793107882142067,0.011708877980709076,1.0595694965311218,1.5528232690323738,0.38760723443650436,2000
841,0.11355516314506531,0.03265515714883804,0.047923676669597626,0.011707094497978687,1.0595694965311218,1.5528232690323738,0.38760723443650436,2000
842,0.11353637278079987,0.032649070024490356,0.04791615158319473,0.01170537993311882,1.0595694965311218,1.5528232690323738,0.38760723443650436,2000
843,0.11351758986711502,0.032642997801303864,0.04790863022208214,0.011703679338097572,1.0595694965311218,1.5528232690323738,0.38760723443650436,2000
844,0.11349877715110779,0.03263692930340767,0.047901079058647156,0.011701972223818302,1.0595694965311218,1.5528232690323738,0.38760723443650436,2000
845,0.11347993463277817,0.03263092786073685,0.0478934571146965,0.01170029491186142,1.0595694965311218,1.5528232690323738,0.38760723443650436,2000
846,0.11346112191677094,0.0326249860227108,0.04788581654429436,0.011698615737259388,1.0595694965311218,1.5528232690323738,0.38760723443650436,2000
847,0.11344224959611893,0.03261888399720192,0.04787826910614967,0.011696863919496536,1.0595694965311218,1.5528232690323738,0.38760723443650436,2000
848,0.1134234368801117,0.03261256963014603,0.047870926558971405,0.011694997549057007,1.0595694965311218,1.5528232690323738,0.38760723443650436,2000
849,0.11340457201004028,0.032606031745672226,0.04786372557282448,0.011693039909005165,1.0595694965311218,1.5528232690323738,0.38760723443650436,2000
850,0.11340829730033875,0.032599445432424545,0.04785658046603203,0.011691033840179443,1.0597454355178282,1.5533459583774185,0.3869086061047532,2000
851,0.11338940262794495,0.03259319067001343,0.047849152237176895,0.011689169332385063,1.0597454355178282,1.5533459583774185,0.3869086061047532,2000
852,0.11337053030729294,0.03258707374334335,0.04784161597490311,0.01168737467378378,1.0597454355178282,1.5533459583774185,0.3869086061047532,2000
853,0.11335162818431854,0.032580967992544174,0.047834061086177826,0.011685578152537346,1.0597454355178282,1.5533459583774185,0.3869086061047532,2000
854,0.11333272606134415,0.03257487714290619,0.04782649129629135,0.011683793738484383,1.0597454355178282,1.5533459583774185,0.3869086061047532,2000
855,0.11331383883953094,0.03256889432668686,0.047818850725889206,0.011682036332786083,1.0597454355178282,1.5533459583774185,0.3869086061047532,2000
856,0.11329492181539536,0.032562918961048126,0.04781118780374527,0.011680279858410358,1.0597454355178282,1.5533459583774185,0.3869086061047532,2000
857,0.11327598243951797,0.03255678713321686,0.047803640365600586,0.011678440496325493,1.0597454355178282,1.5533459583774185,0.3869086061047532,2000
858,0.1132570207118988,0.0325503870844841,0.04779628664255142,0.011676490306854248,1.0597454355178282,1.5533459583774185,0.3869086061047532,2000
859,0.11323806643486023,0.032543838024139404,0.04778905585408211,0.011674454435706139,1.0597454355178282,1.5533459583774185,0.3869086061047532,2000
860,0.11323962360620499,0.03253722935914993,0.04778187349438667,0.011672384105622768,1.059880371553853,1.5538362385380393,0.3862833899081078,2000
861,0.11322063207626343,0.03253094479441643,0.04777441918849945,0.011670450679957867,1.059880371553853,1.5538362385380393,0.3862833899081078,2000
862,0.11320166289806366,0.032524798065423965,0.04776686429977417,0.011668577790260315,1.059880371553853,1.5538362385380393,0.3862833899081078,2000
863,0.11318265646696091,0.0325186513364315,0.047759294509887695,0.011666703969240189,1.059880371553853,1.5538362385380393,0.3862833899081078,2000
864,0.11316364258527756,0.03251254931092262,0.047751687467098236,0.011664843186736107,1.059880371553853,1.5538362385380393,0.3862833899081078,2000
865,0.11314462125301361,0.03250650689005852,0.047744013369083405,0.011663014069199562,1.059880371553853,1.5538362385380393,0.3862833899081078,2000
866,0.11312558501958847,0.03250051289796829,0.047736313194036484,0.011661176569759846,1.059880371553853,1.5538362385380393,0.3862833899081078,2000
867,0.11310656368732452,0.03249436989426613,0.047728732228279114,0.011659271083772182,1.059880371553853,1.5538362385380393,0.3862833899081078,2000
868,0.1130874902009964,0.03248794376850128,0.047721341252326965,0.011657250113785267,1.059880371553853,1.5538362385380393,0.3862833899081078,2000
869,0.11306840181350708,0.03248134255409241,0.04771408438682556,0.011655147187411785,1.059880371553853,1.5538362385380393,0.3862833899081078,2000
870,0.11306805908679962,0.03247467800974846,0.04770688712596893,0.01165301539003849,1.0599787709798618,1.5542987682339509,0.38572246078618716,2000
871,0.11304894834756851,0.032468341290950775,0.04769941419363022,0.011651011183857918,1.0599787709798618,1.5542987682339509,0.38572246078618716,2000
872,0.11302987486124039,0.03246217593550682,0.04769182577729225,0.011649069376289845,1.0599787709798618,1.5542987682339509,0.38572246078618716,2000
873,0.11301074177026749,0.03245600312948227,0.047684215009212494,0.011647132225334644,1.0599787709798618,1.5542987682339509,0.38572246078618716,2000
874,0.1129915714263916,0.032449834048748016,0.04767656326293945,0.011645203456282616,1.0599787709798618,1.5542987682339509,0.38572246078618716,2000
875,0.11297246068716049,0.03244379907846451,0.04766885191202164,0.01164330169558525,1.0599787709798618,1.5542987682339509,0.38572246078618716,2000
876,0.1129533052444458,0.0324377678334713,0.04766111820936203,0.011641399934887886,1.0599787709798618,1.5542987682339509,0.38572246078618716,2000
877,0.11293412744998932,0.032431527972221375,0.047653522342443466,0.011639418080449104,1.0599787709798618,1.5542987682339509,0.38572246078618716,2000
878,0.11291491985321045,0.032425038516521454,0.04764610901474953,0.011637327261269093,1.0599787709798618,1.5542987682339509,0.38572246078618716,2000
879,0.11289575695991516,0.032418426126241684,0.047638822346925735,0.01163517590612173,1.0599787709798618,1.5542987682339509,0.38572246078618716,2000
880,0.11289367079734802,0.03241169825196266,0.04763157293200493,0.01163298636674881,1.0600444455076568,1.5547377309702028,0.3852178235221407,2000
881,0.11287445574998856,0.03240533545613289,0.04762406274676323,0.011630922555923462,1.0600444455076568,1.5547377309702028,0.3852178235221407,2000
882,0.1128552109003067,0.03239908069372177,0.047616444528102875,0.011628914624452591,1.0600444455076568,1.5547377309702028,0.3852178235221407,2000
883,0.11283595114946365,0.03239283710718155,0.04760880768299103,0.01162690483033657,1.0600444455076568,1.5547377309702028,0.3852178235221407,2000
884,0.11281667649745941,0.03238667547702789,0.04760110378265381,0.011624930426478386,1.0600444455076568,1.5547377309702028,0.3852178235221407,2000
885,0.11279737949371338,0.032380614429712296,0.047593310475349426,0.011622980237007141,1.0600444455076568,1.5547377309702028,0.3852178235221407,2000
886,0.11277808248996735,0.03237452730536461,0.047585539519786835,0.011621018871665001,1.0600444455076568,1.5547377309702028,0.3852178235221407,2000
887,0.11275874823331833,0.032368212938308716,0.04757791385054588,0.011618965305387974,1.0600444455076568,1.5547377309702028,0.3852178235221407,2000
888,0.1127394512295723,0.03236169368028641,0.04757048189640045,0.011616818606853485,1.0600444455076568,1.5547377309702028,0.3852178235221407,2000
889,0.1127200797200203,0.03235499560832977,0.047563135623931885,0.011614615097641945,1.0600444455076568,1.5547377309702028,0.3852178235221407,2000
890,0.11271654069423676,0.03234826773405075,0.047555822879076004,0.011612383648753166,1.0600808028833866,1.5551566206837892,0.38476257643282463,2000
891,0.11269714683294296,0.03234180063009262,0.047548286616802216,0.011610260233283043,1.0600808028833866,1.5551566206837892,0.38476257643282463,2000
892,0.11267776042222977,0.03233546018600464,0.047540657222270966,0.011608180589973927,1.0600808028833866,1.5551566206837892,0.38476257643282463,2000
893,0.11265833675861359,0.03232915699481964,0.047532979398965836,0.01160611491650343,1.0600808028833866,1.5551566206837892,0.38476257643282463,2000
894,0.1126389354467392,0.03232298046350479,0.047525208443403244,0.011604088358581066,1.0600808028833866,1.5551566206837892,0.38476257643282463,2000
895,0.11261950433254242,0.032316889613866806,0.047517359256744385,0.011602101847529411,1.0600808028833866,1.5551566206837892,0.38476257643282463,2000
896,0.11260002106428146,0.03231069818139076,0.047509558498859406,0.011600068770349026,1.0600808028833866,1.5551566206837892,0.38476257643282463,2000
897,0.1125805452466011,0.032304294407367706,0.04750192165374756,0.011597957462072372,1.0600808028833866,1.5551566206837892,0.38476257643282463,2000
898,0.11256106197834015,0.03229770436882973,0.04749442636966705,0.011595762334764004,1.0600808028833866,1.5551566206837892,0.38476257643282463,2000
899,0.11254153400659561,0.032290998846292496,0.04748699814081192,0.01159351971000433,1.0600808028833866,1.5551566206837892,0.38476257643282463,2000
900,0.11253666877746582,0.032284192740917206,0.04747965931892395,0.011591244488954544,1.0600904291945032,1.5555588913173808,0.3843506794881155,2000
901,0.11251714080572128,0.03227765113115311,0.04747209697961807,0.011589063331484795,1.0600904291945032,1.5555588913173808,0.3843506794881155,2000
902,0.11249756067991257,0.03227122500538826,0.047464415431022644,0.011586932465434074,1.0600904291945032,1.5555588913173808,0.3843506794881155,2000
903,0.11247797310352325,0.03226489573717117,0.047456659376621246,0.011584825813770294,1.0600904291945032,1.5555588913173808,0.3843506794881155,2000
904,0.11245839297771454,0.03225867822766304,0.04744882136583328,0.011582762002944946,1.0600904291945032,1.5555588913173808,0.3843506794881155,2000
905,0.11243875324726105,0.03225250169634819,0.04744091257452965,0.011580713093280792,1.0600904291945032,1.5555588913173808,0.3843506794881155,2000
906,0.11241912096738815,0.032246265560388565,0.04743305593729019,0.0115786362439394,1.0600904291945032,1.5555588913173808,0.3843506794881155,2000
907,0.11239950358867645,0.03223982825875282,0.04742536321282387,0.011576483026146889,1.0600904291945032,1.5555588913173808,0.3843506794881155,2000
908,0.11237981915473938,0.03223314508795738,0.04741781949996948,0.011574238538742065,1.0600904291945032,1.5555588913173808,0.3843506794881155,2000
909,0.1123601421713829,0.032226331532001495,0.047410376369953156,0.011571945622563362,1.0600904291945032,1.5555588913173808,0.3843506794881155,2000
910,0.11235406249761581,0.03221942484378815,0.047402992844581604,0.011569615453481674,1.0600755956387264,1.5559475223747423,0.3839768819865311,2000
911,0.11233430355787277,0.032212790101766586,0.047395363450050354,0.011567391455173492,1.0600755956387264,1.5559475223747423,0.3839768819865311,2000
912,0.11231458932161331,0.032206349074840546,0.04738761857151985,0.01156521961092949,1.0600755956387264,1.5559475223747423,0.3839768819865311,2000
913,0.11229482293128967,0.0321999229490757,0.04737981781363487,0.011563063599169254,1.0600755956387264,1.5559475223747423,0.3839768819865311,2000
914,0.11227505654096603,0.032193634659051895,0.04737192764878273,0.01156095415353775,1.0600755956387264,1.5559475223747423,0.3839768819865311,2000
915,0.11225523054599762,0.03218739479780197,0.04736395180225372,0.011558865197002888,1.0600755956387264,1.5559475223747423,0.3839768819865311,2000
916,0.1122354120016098,0.03218110278248787,0.047356024384498596,0.011556746438145638,1.0600755956387264,1.5559475223747423,0.3839768819865311,2000
917,0.1122155711054802,0.03217455744743347,0.0473482683300972,0.011554544791579247,1.0600755956387264,1.5559475223747423,0.3839768819865311,2000
918,0.11219571530818939,0.032167814671993256,0.047340668737888336,0.01155225932598114,1.0600755956387264,1.5559475223747423,0.3839768819865311,2000
919,0.1121758297085762,0.0321609303355217,0.04733315855264664,0.011549929156899452,1.0600755956387264,1.5559475223747423,0.3839768819865311,2000
920,0.11216866970062256,0.03215393051505089,0.04732572287321091,0.011547563597559929,1.0600383103942117,1.5563249873717537,0.38363670223403384,2000
921,0.1121487244963646,0.03214722499251366,0.04731803387403488,0.011545301415026188,1.0600383103942117,1.5563249873717537,0.38363670223403384,2000
922,0.11212881654500961,0.03214067593216896,0.0473102442920208,0.011543083935976028,1.0600383103942117,1.5563249873717537,0.38363670223403384,2000
923,0.11210884153842926,0.03213417902588844,0.047302380204200745,0.011540890671312809,1.0600383103942117,1.5563249873717537,0.38363670223403384,2000
924,0.11208885908126831,0.03212781995534897,0.04729440063238144,0.011538740247488022,1.0600383103942117,1.5563249873717537,0.38363670223403384,2000
925,0.11206884682178497,0.03212151303887367,0.04728635773062706,0.0115366131067276,1.0600383103942117,1.5563249873717537,0.38363670223403384,2000
926,0.11204879730939865,0.03211509436368942,0.04727838188409805,0.011534454300999641,1.0600383103942117,1.5563249873717537,0.38363670223403384,2000
927,0.11202877759933472,0.03210848942399025,0.04727056249976158,0.011532215401530266,1.0600383103942117,1.5563249873717537,0.38363670223403384,2000
928,0.1120087057352066,0.03210165724158287,0.04726289585232735,0.011529892683029175,1.0600383103942117,1.5563249873717537,0.38363670223403384,2000
929,0.1119886040687561,0.03209466487169266,0.04725532606244087,0.011527523398399353,1.0600383103942117,1.5563249873717537,0.38363670223403384,2000
930,0.11198045313358307,0.032087549567222595,0.047247838228940964,0.011525114998221397,1.0599800175602174,1.5566937326598125,0.3833262497799701,2000
931,0.11196029931306839,0.0320807583630085,0.047240085899829865,0.011522816494107246,1.0599800175602174,1.5566937326598125,0.3833262497799701,2000
932,0.11194013804197311,0.032074104994535446,0.04723222181200981,0.011520559899508953,1.0599800175602174,1.5566937326598125,0.3833262497799701,2000
933,0.11191994696855545,0.03206753358244896,0.047224268317222595,0.011518335901200771,1.0599800175602174,1.5566937326598125,0.3833262497799701,2000
934,0.11189975589513779,0.03206109255552292,0.04721622169017792,0.011516154743731022,1.0599800175602174,1.5566937326598125,0.3833262497799701,2000
935,0.11187954246997833,0.03205473721027374,0.047208093106746674,0.011513995938003063,1.0599800175602174,1.5566937326598125,0.3833262497799701,2000
936,0.1118592694401741,0.03204824775457382,0.0472000315785408,0.011511802673339844,1.0599800175602174,1.5566937326598125,0.3833262497799701,2000
937,0.11183898150920868,0.0320415236055851,0.04719213768839836,0.011509525589644909,1.0599800175602174,1.5566937326598125,0.3833262497799701,2000
938,0.11181867122650146,0.032034579664468765,0.047184400260448456,0.011507161892950535,1.0599800175602174,1.5566937326598125,0.3833262497799701,2000
939,0.11179835349321365,0.03202749416232109,0.04717676714062691,0.011504757218062878,1.0599800175602174,1.5566937326598125,0.3833262497799701,2000
940,0.11178934574127197,0.03202030062675476,0.04716921225190163,0.011502321809530258,1.0599021377319717,1.5570556462701317,0.38304221599789645,2000
941,0.11176896095275879,0.032013390213251114,0.04716140031814575,0.011499987915158272,1.0599021377319717,1.5570556462701317,0.38304221599789645,2000
942,0.11174855381250381,0.03200661391019821,0.04715346544981003,0.011497694067656994,1.0599021377319717,1.5570556462701317,0.38304221599789645,2000
943,0.11172812432050705,0.03199995681643486,0.047145433723926544,0.0114954374730587,1.0599021377319717,1.5570556462701317,0.38304221599789645,2000
944,0.11170769482851028,0.031993456184864044,0.04713727906346321,0.011493230238556862,1.0599021377319717,1.5570556462701317,0.38304221599789645,2000
945,0.11168723553419113,0.031987015157938004,0.0471290647983551,0.011491045355796814,1.0599021377319717,1.5570556462701317,0.38304221599789645,2000
946,0.11166669428348541,0.03198039159178734,0.04712092876434326,0.011488806456327438,1.0599021377319717,1.5570556462701317,0.38304221599789645,2000
947,0.11164619773626328,0.03197358176112175,0.04711297154426575,0.011486493051052094,1.0599021377319717,1.5570556462701317,0.38304221599789645,2000
948,0.11162564158439636,0.03196652606129646,0.04710516333580017,0.01148410327732563,1.0599021377319717,1.5570556462701317,0.38304221599789645,2000
949,0.11160505563020706,0.03195931762456894,0.04709744453430176,0.011481670662760735,1.0599021377319717,1.5570556462701317,0.38304221599789645,2000
950,0.11159521341323853,0.03195199370384216,0.047089822590351105,0.011479198932647705,1.059805545314342,1.5574127013751657,0.38278175331049225,2000
951,0.11157458275556564,0.03194494545459747,0.04708195477724075,0.011476824060082436,1.059805545314342,1.5574127013751657,0.38278175331049225,2000
952,0.11155391484498978,0.031938087195158005,0.04707392305135727,0.011474504135549068,1.059805545314342,1.5574127013751657,0.38278175331049225,2000
953,0.11153324693441391,0.031931351870298386,0.047065794467926025,0.011472227051854134,1.059805545314342,1.5574127013751657,0.38278175331049225,2000
954,0.11151254177093506,0.03192475810647011,0.04705753177404404,0.011469993740320206,1.059805545314342,1.5574127013751657,0.38278175331049225,2000
955,0.11149180680513382,0.03191819041967392,0.047049231827259064,0.01146777905523777,1.059805545314342,1.5574127013751657,0.38278175331049225,2000
956,0.11147104203701019,0.03191150352358818,0.04704100638628006,0.011465519666671753,1.059805545314342,1.5574127013751657,0.38278175331049225,2000
957,0.11145024001598358,0.03190455213189125,0.047032956033945084,0.011463170871138573,1.059805545314342,1.5574127013751657,0.38278175331049225,2000
958,0.11142944544553757,0.0318974032998085,0.04702506214380264,0.011460755951702595,1.059805545314342,1.5574127013751657,0.38278175331049225,2000
959,0.11140857636928558,0.031890057027339935,0.04701726511120796,0.011458296328783035,1.059805545314342,1.5574127013751657,0.38278175331049225,2000
960,0.11139795184135437,0.03188256546854973,0.047009583562612534,0.011455792933702469,1.0596909289830776,1.5577665758760093,0.3825424951409124,2000
961,0.11137705296278,0.031875401735305786,0.04700163006782532,0.011453387327492237,1.0596909289830776,1.5577665758760093,0.3825424951409124,2000
962,0.11135613173246384,0.03186843916773796,0.04699351638555527,0.011451046913862228,1.0596909289830776,1.5577665758760093,0.3825424951409124,2000
963,0.1113351583480835,0.031861577183008194,0.046985283493995667,0.011448743753135204,1.0596909289830776,1.5577665758760093,0.3825424951409124,2000
964,0.11131417751312256,0.03185489401221275,0.04697691649198532,0.011446491815149784,1.0596909289830776,1.5577665758760093,0.3825424951409124,2000
965,0.11129315197467804,0.03184821829199791,0.04696851223707199,0.01144424732774496,1.0596909289830776,1.5577665758760093,0.3825424951409124,2000
966,0.11127211898565292,0.03184140473604202,0.04696020111441612,0.011441965587437153,1.0596909289830776,1.5577665758760093,0.3825424951409124,2000
967,0.11125102639198303,0.031834349036216736,0.04695205017924309,0.011439589783549309,1.0596909289830776,1.5577665758760093,0.3825424951409124,2000
968,0.11122994869947433,0.03182708099484444,0.04694405570626259,0.01143715251237154,1.0596909289830776,1.5577665758760093,0.3825424951409124,2000
969,0.11120877414941788,0.03181958943605423,0.04693617299199104,0.011434660293161869,1.0596909289830776,1.5577665758760093,0.3825424951409124,2000
970,0.11119744181632996,0.03181194141507149,0.04692842811346054,0.011432124301791191,1.0595587938878839,1.5581187757261281,0.38232243038598823,2000
971,0.11117622256278992,0.03180461749434471,0.04692038893699646,0.01142969075590372,1.0595587938878839,1.5581187757261281,0.38232243038598823,2000
972,0.11115500330924988,0.03179753199219704,0.046912163496017456,0.011427322402596474,1.0595587938878839,1.5581187757261281,0.38232243038598823,2000
973,0.11113376915454865,0.03179061412811279,0.046903811395168304,0.011425008065998554,1.0595587938878839,1.5581187757261281,0.38232243038598823,2000
974,0.11111246049404144,0.031783778220415115,0.0468953400850296,0.01142272911965847,1.0595587938878839,1.5581187757261281,0.38232243038598823,2000
975,0.11109115183353424,0.031776994466781616,0.046886835247278214,0.011420462280511856,1.0595587938878839,1.5581187757261281,0.38232243038598823,2000
976,0.11106976866722107,0.031770046800374985,0.046878404915332794,0.011418147012591362,1.0595587938878839,1.5581187757261281,0.38232243038598823,2000
977,0.11104841530323029,0.03176288679242134,0.0468701496720314,0.011415764689445496,1.0595587938878839,1.5581187757261281,0.38232243038598823,2000
978,0.11102697998285294,0.03175545856356621,0.046862050890922546,0.011413298547267914,1.0595587938878839,1.5581187757261281,0.38232243038598823,2000
979,0.11100552976131439,0.031747814267873764,0.04685409739613533,0.011410782113671303,1.0595587938878839,1.5581187757261281,0.38232243038598823,2000
980,0.11099348962306976,0.03173999860882759,0.046846263110637665,0.01140821073204279,1.0594094082010173,1.5584706996665911,0.3821198921323912,2000
981,0.11097200214862823,0.03173259273171425,0.04683811590075493,0.0114057632163167,1.0594094082010173,1.5584706996665911,0.3821198921323912,2000
982,0.11095042526721954,0.031725335866212845,0.046829789876937866,0.011403373442590237,1.0594094082010173,1.5584706996665911,0.3821198921323912,2000
983,0.11092884838581085,0.031718265265226364,0.04682132229208946,0.011401036754250526,1.0594094082010173,1.5584706996665911,0.3821198921323912,2000
984,0.11090724170207977,0.03171134367585182,0.04681272804737091,0.011398741975426674,1.0594094082010173,1.5584706996665911,0.3821198921323912,2000
985,0.11088556796312332,0.03170442208647728,0.04680408537387848,0.011396462097764015,1.0594094082010173,1.5584706996665911,0.3821198921323912,2000
986,0.11086390912532806,0.03169737756252289,0.04679553955793381,0.01139413844794035,1.0594094082010173,1.5584706996665911,0.3821198921323912,2000
987,0.11084218323230743,0.03169003129005432,0.046787187457084656,0.01139171700924635,1.0594094082010173,1.5584706996665911,0.3821198921323912,2000
988,0.11082042008638382,0.031682439148426056,0.046778999269008636,0.011389222927391529,1.0594094082010173,1.5584706996665911,0.3821198921323912,2000
989,0.11079862713813782,0.03167463839054108,0.046770937740802765,0.01138667855411768,1.0594094082010173,1.5584706996665911,0.3821198921323912,2000
990,0.11078595370054245,0.03166668117046356,0.04676301032304764,0.011384092271327972,1.0592429259652805,1.5588235191695308,0.38193355486518904,2000
991,0.11076407879590988,0.03165905922651291,0.04675476253032684,0.011381612159311771,1.0592429259652805,1.5588235191695308,0.38193355486518904,2000
992,0.11074216663837433,0.031651683151721954,0.046746306121349335,0.011379205621778965,1.0592429259652805,1.5588235191695308,0.38193355486518904,2000
993,0.11072026193141937,0.03164450079202652,0.04673771187663078,0.011376852169632912,1.0592429259652805,1.5588235191695308,0.38193355486518904,2000
994,0.11069830507040024,0.031637441366910934,0.046728990972042084,0.011374546214938164,1.0592429259652805,1.5588235191695308,0.38193355486518904,2000
995,0.11067631095647812,0.03163041174411774,0.046720221638679504,0.011372245848178864,1.0592429259652805,1.5588235191695308,0.38193355486518904,2000
996,0.11065424978733063,0.03162318095564842,0.046711552888154984,0.011369897052645683,1.0592429259652805,1.5588235191695308,0.38193355486518904,2000
997,0.11063217371702194,0.031615711748600006,0.04670306667685509,0.011367464438080788,1.0592429259652805,1.5588235191695308,0.38193355486518904,2000
998,0.11061007529497147,0.031607963144779205,0.04669477045536041,0.011364958249032497,1.0592429259652805,1.5588235191695308,0.38193355486518904,2000
999,0.11058793216943741,0.0315999872982502,0.04668661579489708,0.011362385004758835,1.0592429259652805,1.5588235191695308,0.38193355486518904,2000
1000,0.11057455837726593,0.03159179538488388,0.04667859151959419,0.011359765194356441,1.059059150298974,1.5591785173848924,0.3817623323161332,2000
1001,0.11055232584476471,0.031584009528160095,0.046670231968164444,0.011357270181179047,1.059059150298974,1.5591785173848924,0.3817623323161332,2000
1002,0.1105300635099411,0.031576499342918396,0.04666164517402649,0.011354848742485046,1.059059150298974,1.5591785173848924,0.3817623323161332,2000
1003,0.1105077713727951,0.03156916797161102,0.0466529056429863,0.011352487839758396,1.059059150298974,1.5591785173848924,0.3817623323161332,2000
1004,0.11048544943332672,0.03156198933720589,0.04664403200149536,0.011350169777870178,1.059059150298974,1.5591785173848924,0.3817623323161332,2000
1005,0.11046306788921356,0.03155481070280075,0.04663512110710144,0.011347858235239983,1.059059150298974,1.5591785173848924,0.3817623323161332,2000
1006,0.11044063419103622,0.03154745697975159,0.04662630334496498,0.011345501989126205,1.059059150298974,1.5591785173848924,0.3817623323161332,2000
1007,0.11041818559169769,0.03153982385993004,0.04661768674850464,0.011343054473400116,1.059059150298974,1.5591785173848924,0.3817623323161332,2000
1008,0.11039568483829498,0.03153190016746521,0.04660925641655922,0.011340522207319736,1.059059150298974,1.5591785173848924,0.3817623323161332,2000
1009,0.11037313938140869,0.03152371570467949,0.04660099744796753,0.011337930336594582,1.059059150298974,1.5591785173848924,0.3817623323161332,2000
1010,0.11035915464162827,0.031515322625637054,0.04659288004040718,0.011335287243127823,1.0588579299013194,1.5595365894315372,0.38160548066714345,2000
1011,0.11033652722835541,0.031507354229688644,0.04658439755439758,0.011332768946886063,1.0588579299013194,1.5595365894315372,0.38160548066714345,2000
1012,0.11031389981508255,0.03149969503283501,0.04657568037509918,0.011330336332321167,1.0588579299013194,1.5595365894315372,0.38160548066714345,2000
1013,0.11029118299484253,0.031492192298173904,0.04656679183244705,0.0113279540091753,1.0588579299013194,1.5595365894315372,0.38160548066714345,2000
1014,0.11026844382286072,0.03148485720157623,0.04655776172876358,0.011325621977448463,1.0588579299013194,1.5595365894315372,0.38160548066714345,2000
1015,0.11024564504623413,0.03147752210497856,0.046548694372177124,0.011323302984237671,1.0588579299013194,1.5595365894315372,0.38160548066714345,2000
1016,0.11022286117076874,0.03147004544734955,0.04653973877429962,0.01132094208151102,1.0588579299013194,1.5595365894315372,0.38160548066714345,2000
1017,0.11020000278949738,0.03146222233772278,0.04653099179267883,0.011318473145365715,1.0588579299013194,1.5595365894315372,0.38160548066714345,2000
1018,0.11017708480358124,0.03145410493016243,0.046522434800863266,0.011315923184156418,1.0588579299013194,1.5595365894315372,0.38160548066714345,2000
1019,0.1101541519165039,0.03144575655460358,0.046514034271240234,0.011313319206237793,1.0588579299013194,1.5595365894315372,0.38160548066714345,2000
1020,0.11013948917388916,0.031437139958143234,0.04650579020380974,0.011310655623674393,1.0586389502322235,1.5598986340910683,0.38146241567670824,2000
1021,0.11011642962694168,0.03142895549535751,0.04649718105792999,0.01130812056362629,1.0586389502322235,1.5598986340910683,0.38146241567670824,2000
1022,0.11009334772825241,0.03142109513282776,0.04648832231760025,0.011305665597319603,1.0586389502322235,1.5598986340910683,0.38146241567670824,2000
1023,0.11007024347782135,0.03141344338655472,0.04647928476333618,0.011303277686238289,1.0586389502322235,1.5598986340910683,0.38146241567670824,2000
1024,0.11004705727100372,0.0314059779047966,0.04647006094455719,0.011300947517156601,1.0586389502322235,1.5598986340910683,0.38146241567670824,2000
1025,0.1100238636136055,0.03139851242303848,0.046460818499326706,0.011298632249236107,1.0586389502322235,1.5598986340910683,0.38146241567670824,2000
1026,0.1100006103515625,0.03139081969857216,0.046451717615127563,0.011296238750219345,1.0586389502322235,1.5598986340910683,0.38146241567670824,2000
1027,0.10997729003429413,0.031382787972688675,0.04644282907247543,0.011293753981590271,1.0586389502322235,1.5598986340910683,0.38146241567670824,2000
1028,0.10995394736528397,0.0313744954764843,0.04643411934375763,0.011291196569800377,1.0586389502322235,1.5598986340910683,0.38146241567670824,2000
1029,0.10993055999279022,0.03136593475937843,0.046425580978393555,0.011288577690720558,1.0586389502322235,1.5598986340910683,0.38146241567670824,2000
1030,0.10991525650024414,0.031357068568468094,0.0464172288775444,0.011285883374512196,1.0584016156299572,1.5602656131559904,0.3813327712140523,2000
1031,0.10989177972078323,0.03134867921471596,0.04640849679708481,0.01128332782536745,1.0584016156299572,1.5602656131559904,0.3813327712140523,2000
1032,0.10986823588609695,0.03134062886238098,0.04639946669340134,0.011280867271125317,1.0584016156299572,1.5602656131559904,0.3813327712140523,2000
1033,0.1098446473479271,0.03133285418152809,0.04639020934700966,0.011278489604592323,1.0584016156299572,1.5602656131559904,0.3813327712140523,2000
1034,0.10982102155685425,0.03132522106170654,0.04638081416487694,0.011276157572865486,1.0584016156299572,1.5602656131559904,0.3813327712140523,2000
1035,0.10979735851287842,0.0313175767660141,0.04637140780687332,0.011273818090558052,1.0584016156299572,1.5602656131559904,0.3813327712140523,2000
1036,0.10977363586425781,0.03130969777703285,0.046362124383449554,0.011271419934928417,1.0584016156299572,1.5602656131559904,0.3813327712140523,2000
1037,0.10974990576505661,0.031301531940698624,0.0463530607521534,0.011268939822912216,1.0584016156299572,1.5602656131559904,0.3813327712140523,2000
1038,0.10972606390714645,0.03129300847649574,0.046344198286533356,0.011266362853348255,1.0584016156299572,1.5602656131559904,0.3813327712140523,2000
1039,0.1097021996974945,0.031284183263778687,0.04633553698658943,0.011263716965913773,1.0584016156299572,1.5602656131559904,0.3813327712140523,2000
1040,0.10968621075153351,0.031275056302547455,0.04632706195116043,0.011261001229286194,1.0581453784818566,1.560638226956091,0.38121639456205236,2000
1041,0.1096622422337532,0.031266454607248306,0.04631815850734711,0.011258436366915703,1.0581453784818566,1.560638226956091,0.38121639456205236,2000
1042,0.10963822156190872,0.031258225440979004,0.04630894586443901,0.01125597208738327,1.0581453784818566,1.560638226956091,0.38121639456205236,2000
1043,0.10961416363716125,0.03125024959445,0.0462995208799839,0.011253580451011658,1.0581453784818566,1.560638226956091,0.38121639456205236,2000
1044,0.1095900610089302,0.031242456287145615,0.04628993570804596,0.011251244693994522,1.0581453784818566,1.560638226956091,0.38121639456205236,2000
1045,0.1095658615231514,0.031234603375196457,0.04628032073378563,0.011248908005654812,1.0581453784818566,1.560638226956091,0.38121639456205236,2000
1046,0.1095416322350502,0.03122655116021633,0.04627084359526634,0.011246511712670326,1.0581453784818566,1.560638226956091,0.38121639456205236,2000
1047,0.10951738804578781,0.031218161806464195,0.046261608600616455,0.01124400831758976,1.0581453784818566,1.560638226956091,0.38121639456205236,2000
1048,0.10949306935071945,0.031209399923682213,0.04625259339809418,0.011241421103477478,1.0581453784818566,1.560638226956091,0.38121639456205236,2000
1049,0.10946867614984512,0.031200343742966652,0.046243760734796524,0.011238761246204376,1.0581453784818566,1.560638226956091,0.38121639456205236,2000
1050,0.10945199429988861,0.031190956011414528,0.046235136687755585,0.011236034333705902,1.0578695539103629,1.5610170869538875,0.3811133591357489,2000
1051,0.10942751914262772,0.03118211030960083,0.046226080507040024,0.011233451776206493,1.0578695539103629,1.5610170869538875,0.3811133591357489,2000
1052,0.10940300673246384,0.03117368370294571,0.0462166927754879,0.011230986565351486,1.0578695539103629,1.5610170869538875,0.3811133591357489,2000
1053,0.10937844216823578,0.031165551394224167,0.046207040548324585,0.011228607967495918,1.0578695539103629,1.5610170869538875,0.3811133591357489,2000
1054,0.10935381054878235,0.031157569959759712,0.04619724303483963,0.011226271279156208,1.0578695539103629,1.5610170869538875,0.3811133591357489,2000
1055,0.10932910442352295,0.031149543821811676,0.04618742689490318,0.011223935522139072,1.0578695539103629,1.5610170869538875,0.3811133591357489,2000
1056,0.10930433869361877,0.031141288578510284,0.04617774114012718,0.011221539229154587,1.0578695539103629,1.5610170869538875,0.3811133591357489,2000
1057,0.10927954316139221,0.031132686883211136,0.04616829380393028,0.01121903583407402,1.0578695539103629,1.5610170869538875,0.3811133591357489,2000
1058,0.10925467312335968,0.031123671680688858,0.046159107238054276,0.01121643278747797,1.0578695539103629,1.5610170869538875,0.3811133591357489,2000
1059,0.10922978818416595,0.03111433796584606,0.046150147914886475,0.011213750578463078,1.0578695539103629,1.5610170869538875,0.3811133591357489,2000
1060,0.10921238362789154,0.03110467828810215,0.046141356229782104,0.011211004108190536,1.0575733953102562,1.561402720407146,0.38102388428259787,2000
1061,0.10918734967708588,0.03109561838209629,0.04613208770751953,0.011208421550691128,1.0575733953102562,1.561402720407146,0.38102388428259787,2000
1062,0.10916228592395782,0.031086977571249008,0.04612249508500099,0.011205953545868397,1.0575733953102562,1.561402720407146,0.38102388428259787,2000
1063,0.1091371476650238,0.031078597530722618,0.046112656593322754,0.011203553527593613,1.0575733953102562,1.561402720407146,0.38102388428259787,2000
1064,0.10911193490028381,0.031070413067936897,0.046102624386548996,0.011201221495866776,1.0575733953102562,1.561402720407146,0.38102388428259787,2000
1065,0.10908665508031845,0.03106222301721573,0.046092547476291656,0.011198896914720535,1.0575733953102562,1.561402720407146,0.38102388428259787,2000
1066,0.1090613454580307,0.031053772196173668,0.046082645654678345,0.011196497827768326,1.0575733953102562,1.561402720407146,0.38102388428259787,2000
1067,0.10903599858283997,0.031044915318489075,0.04607302322983742,0.011193987913429737,1.0575733953102562,1.561402720407146,0.38102388428259787,2000
1068,0.10901055485010147,0.0310356467962265,0.04606365039944649,0.011191369965672493,1.0575733953102562,1.561402720407146,0.38102388428259787,2000
1069,0.10898508131504059,0.031026063486933708,0.046054478734731674,0.011188683100044727,1.0575733953102562,1.561402720407146,0.38102388428259787,2000
1070,0.10896692425012589,0.031016116961836815,0.04604551941156387,0.01118592731654644,1.057256191455305,1.5617954476456257,0.38094836089906914,2000
1071,0.10894131660461426,0.031006785109639168,0.046036072075366974,0.011183327995240688,1.057256191455305,1.5617954476456257,0.38094836089906914,2000
1072,0.10891560465097427,0.03099787048995495,0.04602625221014023,0.011180851608514786,1.057256191455305,1.5617954476456257,0.38094836089906914,2000
1073,0.1088898777961731,0.03098931536078453,0.0460161529481411,0.01117846742272377,1.057256191455305,1.5617954476456257,0.38094836089906914,2000
1074,0.10886412113904953,0.030980972573161125,0.046005867421627045,0.011176155880093575,1.057256191455305,1.5617954476456257,0.38094836089906914,2000
1075,0.10883824527263641,0.030972566455602646,0.0459955558180809,0.011173832230269909,1.057256191455305,1.5617954476456257,0.38094836089906914,2000
1076,0.10881232470273972,0.030963871628046036,0.04598543792963028,0.011171428486704826,1.057256191455305,1.5617954476456257,0.38094836089906914,2000
1077,0.10878635197877884,0.03095477819442749,0.04597557336091995,0.011168921366333961,1.057256191455305,1.5617954476456257,0.38094836089906914,2000
1078,0.10876031219959259,0.03094526380300522,0.045965977013111115,0.011166305281221867,1.057256191455305,1.5617954476456257,0.38094836089906914,2000
1079,0.10873421281576157,0.030935343354940414,0.04595664143562317,0.011163594201207161,1.057256191455305,1.5617954476456257,0.38094836089906914,2000
1080,0.1087152436375618,0.030925044789910316,0.04594752565026283,0.011160808615386486,1.056916887551836,1.5621958029480518,0.38088730950011235,2000
1081,0.10868901014328003,0.030915439128875732,0.04593786597251892,0.011158214882016182,1.056916887551836,1.5621958029480518,0.38088730950011235,2000
1082,0.1086626946926117,0.03090633824467659,0.045927781611680984,0.011155743151903152,1.056916887551836,1.5621958029480518,0.38088730950011235,2000
1083,0.10863634198904037,0.03089756704866886,0.04591742157936096,0.011153376661241055,1.056916887551836,1.5621958029480518,0.38088730950011235,2000
1084,0.10860989987850189,0.030888978391885757,0.04590687155723572,0.01115106325596571,1.056916887551836,1.5621958029480518,0.38088730950011235,2000
1085,0.10858341306447983,0.030880402773618698,0.04589628055691719,0.011148759163916111,1.056916887551836,1.5621958029480518,0.38088730950011235,2000
1086,0.1085568517446518,0.030871501192450523,0.045885879546403885,0.011146368458867073,1.056916887551836,1.5621958029480518,0.38088730950011235,2000
1087,0.1085302084684372,0.030862143263220787,0.045875776559114456,0.011143851093947887,1.056916887551836,1.5621958029480518,0.38088730950011235,2000
1088,0.10850351303815842,0.030852314084768295,0.0458659753203392,0.011141220107674599,1.056916887551836,1.5621958029480518,0.38088730950011235,2000
1089,0.10847676545381546,0.03084208257496357,0.04585643485188484,0.011138501577079296,1.056916887551836,1.5621958029480518,0.38088730950011235,2000
1090,0.10845696181058884,0.030831484124064445,0.04584711417555809,0.011135702952742577,1.0565547989336257,1.5626037201851135,0.3808414808812609,2000
1091,0.10843002796173096,0.030821572989225388,0.04583721607923508,0.011133098043501377,1.0565547989336257,1.5626037201851135,0.3808414808812609,2000
1092,0.10840307176113129,0.030812209472060204,0.04582689702510834,0.011130636557936668,1.0565547989336257,1.5626037201851135,0.3808414808812609,2000
1093,0.10837604105472565,0.030803199857473373,0.04581626504659653,0.011128265410661697,1.0565547989336257,1.5626037201851135,0.3808414808812609,2000
1094,0.10834892094135284,0.030794424936175346,0.04580540582537651,0.011125972494482994,1.0565547989336257,1.5626037201851135,0.3808414808812609,2000
1095,0.10832173377275467,0.030785590410232544,0.0457945391535759,0.011123674921691418,1.0565547989336257,1.5626037201851135,0.3808414808812609,2000
1096,0.10829450190067291,0.030776454135775566,0.045783866196870804,0.011121297255158424,1.0565547989336257,1.5626037201851135,0.3808414808812609,2000
1097,0.1082671582698822,0.030766809359192848,0.04577350616455078,0.011118780821561813,1.0565547989336257,1.5626037201851135,0.3808414808812609,2000
1098,0.10823977738618851,0.030756689608097076,0.045763470232486725,0.011116142384707928,1.0565547989336257,1.5626037201851135,0.3808414808812609,2000
1099,0.10821230709552765,0.030746132135391235,0.045753683894872665,0.011113423854112625,1.0565547989336257,1.5626037201851135,0.3808414808812609,2000
1100,0.108191579580307,0.030735192820429802,0.045744139701128006,0.011110614985227585,1.05616890885723,1.5630193401150536,0.3808117510277166,2000
1101,0.1081639751791954,0.030724983662366867,0.04573401063680649,0.011108005419373512,1.05616890885723,1.5630193401150536,0.3808117510277166,2000
1102,0.10813628882169724,0.030715337023139,0.04572341591119766,0.011105538345873356,1.05616890885723,1.5630193401150536,0.3808117510277166,2000
1103,0.10810854285955429,0.0307061318308115,0.04571245238184929,0.011103198863565922,1.05616890885723,1.5630193401150536,0.3808117510277166,2000
1104,0.10808069258928299,0.03069712407886982,0.0457012765109539,0.011100921779870987,1.05616890885723,1.5630193401150536,0.3808117510277166,2000
1105,0.10805276036262512,0.03068806231021881,0.04569008946418762,0.011098639108240604,1.05616890885723,1.5630193401150536,0.3808117510277166,2000
1106,0.10802481323480606,0.030678661540150642,0.045679133385419846,0.011096261441707611,1.05616890885723,1.5630193401150536,0.3808117510277166,2000
1107,0.10799671709537506,0.030668729916214943,0.04566849023103714,0.011093747802078724,1.05616890885723,1.5630193401150536,0.3808117510277166,2000
1108,0.10796859860420227,0.0306582972407341,0.045658182352781296,0.011091116815805435,1.05616890885723,1.5630193401150536,0.3808117510277166,2000
1109,0.10794036835432053,0.03064737655222416,0.04564817622303963,0.011088371276855469,1.05616890885723,1.5630193401150536,0.3808117510277166,2000
1110,0.10791869461536407,0.030636055395007133,0.045638423413038254,0.01108554843813181,1.0557582193455377,1.563442712350641,0.3807990683038215,2000
1111,0.1078903004527092,0.030625520274043083,0.04562801122665405,0.011082937009632587,1.0557582193455377,1.563442712350641,0.3807990683038215,2000
1112,0.10786186903715134,0.030615631490945816,0.04561709985136986,0.011080489493906498,1.0557582193455377,1.563442712350641,0.3807990683038215,2000
1113,0.10783333331346512,0.030606145039200783,0.045605823397636414,0.011078154668211937,1.0557582193455377,1.563442712350641,0.3807990683038215,2000
1114,0.10780470818281174,0.0305969025939703,0.04559430852532387,0.011075898073613644,1.0557582193455377,1.563442712350641,0.3807990683038215,2000
1115,0.10777602344751358,0.030587611719965935,0.045582789927721024,0.011073634959757328,1.0557582193455377,1.563442712350641,0.3807990683038215,2000
1116,0.10774724185466766,0.03057793527841568,0.04557149112224579,0.01107127033174038,1.0557582193455377,1.563442712350641,0.3807990683038215,2000
1117,0.10771837830543518,0.03056769073009491,0.045560553669929504,0.011068759486079216,1.0557582193455377,1.563442712350641,0.3807990683038215,2000
1118,0.10768946260213852,0.03055690973997116,0.04554998129606247,0.011066123843193054,1.0557582193455377,1.563442712350641,0.3807990683038215,2000
1119,0.1076604574918747,0.03054562397301197,0.04553971812129021,0.01106337085366249,1.0557582193455377,1.563442712350641,0.3807990683038215,2000
1120,0.10763770341873169,0.030533887445926666,0.04552971571683884,0.011060526594519615,1.0553216540015158,1.5638737771000322,0.3808045688984521,2000
1121,0.10760852694511414,0.030523041263222694,0.045519012957811356,0.011057919822633266,1.0553216540015158,1.5638737771000322,0.3808045688984521,2000
1122,0.10757925361394882,0.0305128563195467,0.04550776258111,0.011055484414100647,1.0553216540015158,1.5638737771000322,0.3808045688984521,2000
1123,0.10754988342523575,0.030503103509545326,0.0454961322247982,0.011053168214857578,1.0553216540015158,1.5638737771000322,0.3808045688984521,2000
1124,0.1075204536318779,0.03049362264573574,0.045484255999326706,0.01105093490332365,1.0553216540015158,1.5638737771000322,0.3808045688984521,2000
1125,0.10749093443155289,0.030484074726700783,0.045472364872694016,0.011048691347241402,1.0553216540015158,1.5638737771000322,0.3808045688984521,2000
1126,0.10746131092309952,0.030474113300442696,0.04546071216464043,0.01104634627699852,1.0553216540015158,1.5638737771000322,0.3808045688984521,2000
1127,0.10743162781000137,0.030463574454188347,0.04544945806264877,0.011043841019272804,1.0553216540015158,1.5638737771000322,0.3808045688984521,2000
1128,0.10740184038877487,0.03045240417122841,0.04543859511613846,0.011041192337870598,1.0553216540015158,1.5638737771000322,0.3808045688984521,2000
1129,0.1073719710111618,0.030440719798207283,0.04542805254459381,0.011038430035114288,1.0553216540015158,1.5638737771000322,0.3808045688984521,2000
1130,0.10734810680150986,0.030428582802414894,0.04541778191924095,0.011035582050681114,1.0548582074762385,1.5643122427551153,0.38082954976864625,2000
1131,0.10731805860996246,0.03041738271713257,0.0454067662358284,0.01103297434747219,1.0548582074762385,1.5643122427551153,0.38082954976864625,2000
1132,0.10728791356086731,0.03040686435997486,0.045395176857709885,0.011030545458197594,1.0548582074762385,1.5643122427551153,0.38082954976864625,2000
1133,0.1072576493024826,0.03039681352674961,0.04538317024707794,0.011028244160115719,1.0548582074762385,1.5643122427551153,0.38082954976864625,2000
1134,0.1072273701429367,0.030387109145522118,0.04537089169025421,0.011026041582226753,1.0548582074762385,1.5643122427551153,0.38082954976864625,2000
1135,0.10719696432352066,0.030377287417650223,0.04535861313343048,0.011023825034499168,1.0548582074762385,1.5643122427551153,0.38082954976864625,2000
1136,0.10716643929481506,0.030367018654942513,0.04534659534692764,0.011021488346159458,1.0548582074762385,1.5643122427551153,0.38082954976864625,2000
1137,0.1071358397603035,0.030356094241142273,0.045335009694099426,0.011018984951078892,1.0548582074762385,1.5643122427551153,0.38082954976864625,2000
1138,0.10710515826940536,0.030344558879733086,0.04532381892204285,0.01101633533835411,1.0548582074762385,1.5643122427551153,0.38082954976864625,2000
1139,0.10707437992095947,0.030332468450069427,0.04531296715140343,0.011013566516339779,1.0548582074762385,1.5643122427551153,0.38082954976864625,2000
1140,0.10704930126667023,0.030319880694150925,0.045302413403987885,0.011010700836777687,1.0543666122552593,1.5647580147257392,0.38087537301900165,2000
1141,0.10701830685138702,0.030308283865451813,0.04529106616973877,0.011008091270923615,1.0543666122552593,1.5647580147257392,0.38087537301900165,2000
1142,0.10698725283145905,0.030297456309199333,0.04527909681200981,0.01100567914545536,1.0543666122552593,1.5647580147257392,0.38087537301900165,2000
1143,0.10695606470108032,0.03028715029358864,0.04526667296886444,0.011003402993083,1.0543666122552593,1.5647580147257392,0.38087537301900165,2000
1144,0.10692480951547623,0.030277149751782417,0.04525396227836609,0.01100122556090355,1.0543666122552593,1.5647580147257392,0.38087537301900165,2000
1145,0.10689345747232437,0.030267028138041496,0.045241277664899826,0.01099903043359518,1.0543666122552593,1.5647580147257392,0.38087537301900165,2000
1146,0.10686199367046356,0.030256401747465134,0.04522889107465744,0.010996703989803791,1.0543666122552593,1.5647580147257392,0.38087537301900165,2000
1147,0.10683044046163559,0.030245166271924973,0.04521690309047699,0.010994215495884418,1.0543666122552593,1.5647580147257392,0.38087537301900165,2000
1148,0.10679875314235687,0.030233215540647507,0.045205358415842056,0.010991568677127361,1.0543666122552593,1.5647580147257392,0.38087537301900165,2000
1149,0.10676702111959457,0.030220646411180496,0.045194219797849655,0.010988783091306686,1.0543666122552593,1.5647580147257392,0.38087537301900165,2000
1150,0.10674060881137848,0.03020756132900715,0.04518336430191994,0.010985895991325378,1.0538454622571982,1.5652109938681251,0.3809435438746769,2000
1151,0.10670866817235947,0.030195582658052444,0.04517165943980217,0.01098329946398735,1.0538454622571982,1.5652109938681251,0.3809435438746769,2000
1152,0.10667658597230911,0.030184410512447357,0.04515926539897919,0.010980907827615738,1.0538454622571982,1.5652109938681251,0.3809435438746769,2000
1153,0.10664442181587219,0.03017379529774189,0.045146409422159195,0.010978654958307743,1.0538454622571982,1.5652109938681251,0.3809435438746769,2000
1154,0.10661213845014572,0.030163466930389404,0.04513326659798622,0.010976496152579784,1.0538454622571982,1.5652109938681251,0.3809435438746769,2000
1155,0.10657977312803268,0.030153071507811546,0.04512011259794235,0.010974333621561527,1.0538454622571982,1.5652109938681251,0.3809435438746769,2000
1156,0.1065472885966301,0.03014216013252735,0.045107267796993256,0.0109720379114151,1.0538454622571982,1.5652109938681251,0.3809435438746769,2000
1157,0.10651468485593796,0.030130453407764435,0.04509492591023445,0.01096954382956028,1.0538454622571982,1.5652109938681251,0.3809435438746769,2000
1158,0.10648202151060104,0.03011803701519966,0.04508306086063385,0.01096687838435173,1.0538454622571982,1.5652109938681251,0.3809435438746769,2000
1159,0.10644920915365219,0.03010500594973564,0.0450715534389019,0.010964090935885906,1.0538454622571982,1.5652109938681251,0.3809435438746769,2000
1160,0.10642142593860626,0.03009144589304924,0.04506035894155502,0.010961202904582024,1.0532933217843525,1.565670913230644,0.3810357649850038,2000
1161,0.1063883975148201,0.030078984797000885,0.04504828900098801,0.010958586819469929,1.0532933217843525,1.565670913230644,0.3810357649850038,2000
1162,0.10635528713464737,0.0300674457103014,0.0450354740023613,0.010956211015582085,1.0532933217843525,1.565670913230644,0.3810357649850038,2000
1163,0.1063220426440239,0.030056530609726906,0.04502212256193161,0.010953998193144798,1.0532933217843525,1.565670913230644,0.3810357649850038,2000
1164,0.10628867894411087,0.030045900493860245,0.04500848427414894,0.010951879434287548,1.0532933217843525,1.565670913230644,0.3810357649850038,2000
1165,0.10625524073839188,0.030035164207220078,0.044994864612817764,0.010949742048978806,1.0532933217843525,1.565670913230644,0.3810357649850038,2000
1166,0.10622165352106094,0.0300238449126482,0.044981587678194046,0.01094745472073555,1.0532933217843525,1.565670913230644,0.3810357649850038,2000
1167,0.10618796944618225,0.030011732131242752,0.044968824833631516,0.01094497088342905,1.0532933217843525,1.565670913230644,0.3810357649850038,2000
1168,0.10615416616201401,0.029998859390616417,0.04495654255151749,0.0109423091635108,1.0532933217843525,1.565670913230644,0.3810357649850038,2000
1169,0.10612025111913681,0.02998528443276882,0.044944699853658676,0.010939503088593483,1.0532933217843525,1.565670913230644,0.3810357649850038,2000
1170,0.10609094798564911,0.029971148818731308,0.04493317753076553,0.010936585254967213,1.0527082715288483,1.5661379564161022,0.38115377205504897,2000
1171,0.10605679452419281,0.029958244413137436,0.044920679181814194,0.010933985933661461,1.0527082715288483,1.5661379564161022,0.38115377205504897,2000
1172,0.10602255165576935,0.029946349561214447,0.044907379895448685,0.010931635275483131,1.0527082715288483,1.5661379564161022,0.38115377205504897,2000
1173,0.10598815232515335,0.029935041442513466,0.044893551617860794,0.010929439216852188,1.0527082715288483,1.5661379564161022,0.38115377205504897,2000
1174,0.10595367103815079,0.029924094676971436,0.04487939551472664,0.010927349328994751,1.0527082715288483,1.5661379564161022,0.38115377205504897,2000
1175,0.10591903328895569,0.029913004487752914,0.04486525058746338,0.010925252921879292,1.0527082715288483,1.5661379564161022,0.38115377205504897,2000
1176,0.10588431358337402,0.029901303350925446,0.04485149309039116,0.010922994464635849,1.0527082715288483,1.5661379564161022,0.38115377205504897,2000
1177,0.10584945231676102,0.029888708144426346,0.044838301837444305,0.010920504108071327,1.0527082715288483,1.5661379564161022,0.38115377205504897,2000
1178,0.10581445693969727,0.02987528033554554,0.044825635850429535,0.01091783121228218,1.0527082715288483,1.5661379564161022,0.38115377205504897,2000
1179,0.10577936470508575,0.029861168935894966,0.044813401997089386,0.010915011167526245,1.0527082715288483,1.5661379564161022,0.38115377205504897,2000
1180,0.10574845969676971,0.029846463352441788,0.0448014959692955,0.010912085883319378,1.0520883826062226,1.566612072060382,0.3812995453333957,2000
1181,0.1057131290435791,0.029833056032657623,0.044788580387830734,0.010909480974078178,1.0520883826062226,1.566612072060382,0.3812995453333957,2000
1182,0.10567764937877655,0.029820716008543968,0.04477478936314583,0.010907147079706192,1.0520883826062226,1.566612072060382,0.3812995453333957,2000
1183,0.10564204305410385,0.02980908565223217,0.04476039484143257,0.01090499572455883,1.0520883826062226,1.566612072060382,0.3812995453333957,2000
1184,0.1056063324213028,0.029797812923789024,0.04474567249417305,0.010902956128120422,1.0520883826062226,1.566612072060382,0.3812995453333957,2000
1185,0.1055704653263092,0.029786331579089165,0.04473099112510681,0.010900886729359627,1.0520883826062226,1.566612072060382,0.3812995453333957,2000
1186,0.10553449392318726,0.029774192720651627,0.0447167232632637,0.010898643173277378,1.0520883826062226,1.566612072060382,0.3812995453333957,2000
1187,0.10549838095903397,0.029761113226413727,0.044703058898448944,0.010896164923906326,1.0520883826062226,1.566612072060382,0.3812995453333957,2000
1188,0.10546215623617172,0.029747115448117256,0.04468998685479164,0.010893483646214008,1.0520883826062226,1.566612072060382,0.3812995453333957,2000
1189,0.10542578995227814,0.0297323577105999,0.044677380472421646,0.010890633799135685,1.0520883826062226,1.566612072060382,0.3812995453333957,2000
1190,0.1053931713104248,0.029717043042182922,0.04466508328914642,0.010887691751122475,1.0514313437177345,1.567093512605594,0.3814751436766716,2000
1191,0.10535652190446854,0.02970311790704727,0.04465166851878166,0.01088509801775217,1.0514313437177345,1.567093512605594,0.3814751436766716,2000
1192,0.10531977564096451,0.029690347611904144,0.044637348502874374,0.010882789269089699,1.0514313437177345,1.567093512605594,0.3814751436766716,2000
1193,0.10528287291526794,0.02967829443514347,0.044622406363487244,0.010880662128329277,1.0514313437177345,1.567093512605594,0.3814751436766716,2000
1194,0.10524585843086243,0.029666652902960777,0.04460708051919937,0.010878668166697025,1.0514313437177345,1.567093512605594,0.3814751436766716,2000
1195,0.10520866513252258,0.029654797166585922,0.04459179937839508,0.010876642540097237,1.0514313437177345,1.567093512605594,0.3814751436766716,2000
1196,0.10517136007547379,0.029642175883054733,0.04457700252532959,0.010874418541789055,1.0514313437177345,1.567093512605594,0.3814751436766716,2000
1197,0.10513392090797424,0.029628543183207512,0.04456286504864693,0.010871941223740578,1.0514313437177345,1.567093512605594,0.3814751436766716,2000
1198,0.10509634017944336,0.029613956809043884,0.04454932361841202,0.010869249701499939,1.0514313437177345,1.567093512605594,0.3814751436766716,2000
1199,0.10505861788988113,0.029598567634820938,0.04453627020120621,0.010866392403841019,1.0514313437177345,1.567093512605594,0.3814751436766716,2000
1200,0.10502419620752335,0.029582571238279343,0.04452357813715935,0.010863427072763443,1.0507346682134346,1.567582466897262,0.3816828648893036,2000
1201,0.10498621314764023,0.029568063095211983,0.04450970143079758,0.010860824957489967,1.0507346682134346,1.567582466897262,0.3816828648893036,2000
1202,0.10494805872440338,0.02955479547381401,0.04449481889605522,0.010858542285859585,1.0507346682134346,1.567582466897262,0.3816828648893036,2000
1203,0.10490977019071579,0.029542384669184685,0.044479213654994965,0.010856479406356812,1.0507346682134346,1.567582466897262,0.3816828648893036,2000
1204,0.10487135499715805,0.029530327767133713,0.04446326196193695,0.01085452176630497,1.0507346682134346,1.567582466897262,0.3816828648893036,2000
1205,0.10483279079198837,0.029518038034439087,0.044447384774684906,0.01085253618657589,1.0507346682134346,1.567582466897262,0.3816828648893036,2000
1206,0.10479407012462616,0.029504939913749695,0.04443199560046196,0.010850341990590096,1.0507346682134346,1.567582466897262,0.3816828648893036,2000
1207,0.1047552302479744,0.029490754008293152,0.04441732540726662,0.010847876779735088,1.0507346682134346,1.567582466897262,0.3816828648893036,2000
1208,0.1047162190079689,0.0294755008071661,0.0444033220410347,0.010845166631042957,1.0507346682134346,1.567582466897262,0.3816828648893036,2000
1209,0.10467706620693207,0.02945936843752861,0.044389862567186356,0.010842273011803627,1.0507346682134346,1.567582466897262,0.3816828648893036,2000
1210,0.10464068502187729,0.029442675411701202,0.044376712292432785,0.010839291848242283,1.0499954843057022,1.568079374175457,0.381925141518841,2000
1211,0.10460123419761658,0.029427558183670044,0.04436230659484863,0.010836701840162277,1.0499954843057022,1.568079374175457,0.381925141518841,2000
1212,0.10456163436174393,0.029413798823952675,0.04434681683778763,0.010834448039531708,1.0499954843057022,1.568079374175457,0.381925141518841,2000
1213,0.10452190786600113,0.02940094657242298,0.04433058202266693,0.010832423344254494,1.0499954843057022,1.568079374175457,0.381925141518841,2000
1214,0.10448198765516281,0.029388489201664925,0.044313929975032806,0.010830530896782875,1.0499954843057022,1.568079374175457,0.381925141518841,2000
1215,0.10444192588329315,0.029375771060585976,0.044297367334365845,0.010828588157892227,1.0499954843057022,1.568079374175457,0.381925141518841,2000
1216,0.10440172255039215,0.02936214581131935,0.044281378388404846,0.010826424695551395,1.0499954843057022,1.568079374175457,0.381925141518841,2000
1217,0.10436136275529861,0.029347315430641174,0.04426617547869682,0.010823956690728664,1.0499954843057022,1.568079374175457,0.381925141518841,2000
1218,0.10432084649801254,0.029331373050808907,0.04425167292356491,0.010821236297488213,1.0499954843057022,1.568079374175457,0.381925141518841,2000
1219,0.10428015887737274,0.029314501211047173,0.04423772916197777,0.010818328708410263,1.0499954843057022,1.568079374175457,0.381925141518841,2000
1220,0.10424170643091202,0.029297012835741043,0.04422413557767868,0.010815318673849106,1.0492106860807293,1.5685846505017955,0.38220466341747483,2000
1221,0.10420072078704834,0.02928128093481064,0.044209159910678864,0.010812733322381973,1.0492106860807293,1.5685846505017955,0.38220466341747483,2000
1222,0.10415960103273392,0.029267016798257828,0.044193025678396225,0.010810517705976963,1.0492106860807293,1.5685846505017955,0.38220466341747483,2000
1223,0.10411830246448517,0.029253732413053513,0.04417606070637703,0.01080855168402195,1.0492106860807293,1.5685846505017955,0.38220466341747483,2000
1224,0.1040768101811409,0.029240837320685387,0.044158682227134705,0.010806714184582233,1.0492106860807293,1.5685846505017955,0.38220466341747483,2000
1225,0.10403519868850708,0.02922765351831913,0.044141434133052826,0.010804824531078339,1.0492106860807293,1.5685846505017955,0.38220466341747483,2000
1226,0.10399340838193893,0.029213475063443184,0.044124796986579895,0.010802689008414745,1.0492106860807293,1.5685846505017955,0.38220466341747483,2000
1227,0.10395146161317825,0.029197972267866135,0.04410902410745621,0.010800225660204887,1.0492106860807293,1.5685846505017955,0.38220466341747483,2000
1228,0.10390934348106384,0.02918126806616783,0.044094014912843704,0.010797482915222645,1.0492106860807293,1.5685846505017955,0.38220466341747483,2000
1229,0.1038670539855957,0.02916359156370163,0.04407959431409836,0.010794539004564285,1.0492106860807293,1.5685846505017955,0.38220466341747483,2000
1230,0.10382640361785889,0.029145296663045883,0.044065505266189575,0.010791507549583912,1.0483771009378389,1.5690986632070059,0.38252423585515494,2000
1231,0.10378379374742508,0.02912890538573265,0.04404992610216141,0.010788937099277973,1.0483771009378389,1.5690986632070059,0.38252423585515494,2000
1232,0.10374101251363754,0.02911410480737686,0.04403308033943176,0.010786756873130798,1.0483771009378389,1.5690986632070059,0.38252423585515494,2000
1233,0.10369808226823807,0.02910039946436882,0.044015347957611084,0.010784859769046307,1.0483771009378389,1.5690986632070059,0.38252423585515494,2000
1234,0.10365495085716248,0.029087072238326073,0.04399719089269638,0.010783098638057709,1.0483771009378389,1.5690986632070059,0.38252423585515494,2000
1235,0.10361167788505554,0.02907339297235012,0.04397919774055481,0.01078125461935997,1.0483771009378389,1.5690986632070059,0.38252423585515494,2000
1236,0.10356820374727249,0.029058614745736122,0.04396187886595726,0.01077914610505104,1.0483771009378389,1.5690986632070059,0.38252423585515494,2000
1237,0.1035245731472969,0.029042428359389305,0.043945491313934326,0.01077669020742178,1.0483771009378389,1.5690986632070059,0.38252423585515494,2000
1238,0.10348078608512878,0.029024912044405937,0.04392995685338974,0.010773918591439724,1.0483771009378389,1.5690986632070059,0.38252423585515494,2000
1239,0.10343679785728455,0.02900637499988079,0.0439150370657444,0.010770946741104126,1.0483771009378389,1.5690986632070059,0.38252423585515494,2000
1240,0.10339383035898209,0.02898722141981125,0.04390043765306473,0.010767883621156216,1.0474914560138353,1.569621656345347,0.3828868876408176,2000
1241,0.10334949195384979,0.028970159590244293,0.04388420283794403,0.010765330865979195,1.0474914560138353,1.569621656345347,0.3828868876408176,2000
1242,0.10330498963594437,0.028954826295375824,0.0438666045665741,0.0107631990686059,1.0474914560138353,1.569621656345347,0.3828868876408176,2000
1243,0.1032603308558464,0.028940649703145027,0.04384806007146835,0.010761372745037079,1.0474914560138353,1.569621656345347,0.3828868876408176,2000
1244,0.10321547091007233,0.028926918283104897,0.0438290499150753,0.010759687051177025,1.0474914560138353,1.569621656345347,0.3828868876408176,2000
1245,0.10317041724920273,0.028912756592035294,0.04381022974848747,0.010757924988865852,1.0474914560138353,1.569621656345347,0.3828868876408176,2000
1246,0.10312522947788239,0.028897369280457497,0.04379221424460411,0.010755842551589012,1.0474914560138353,1.569621656345347,0.3828868876408176,2000
1247,0.10307981073856354,0.028880378231406212,0.04377521947026253,0.010753368027508259,1.0474914560138353,1.569621656345347,0.3828868876408176,2000
1248,0.10303424298763275,0.02886204421520233,0.04375911131501198,0.010750578716397285,1.0474914560138353,1.569621656345347,0.3828868876408176,2000
1249,0.10298847407102585,0.028842613101005554,0.04374365136027336,0.010747570544481277,1.0474914560138353,1.569621656345347,0.3828868876408176,2000
1250,0.102943055331707,0.028822530061006546,0.043728530406951904,0.01074446365237236,1.046550517511439,1.5701536569415715,0.38329582554699,2000
1251,0.10289695858955383,0.028804773464798927,0.04371162876486778,0.01074191927909851,1.046550517511439,1.5701536569415715,0.38329582554699,2000
1252,0.10285064578056335,0.028788918629288673,0.04369319975376129,0.010739857330918312,1.046550517511439,1.5701536569415715,0.38329582554699,2000
1253,0.10280413180589676,0.028774302452802658,0.04367375001311302,0.010738111101090908,1.046550517511439,1.5701536569415715,0.38329582554699,2000
1254,0.10275746136903763,0.028760142624378204,0.043653856962919235,0.010736512020230293,1.046550517511439,1.5701536569415715,0.38329582554699,2000
1255,0.10271061211824417,0.02874547243118286,0.04363420978188515,0.010734809562563896,1.046550517511439,1.5701536569415715,0.38329582554699,2000
1256,0.10266353189945221,0.028729429468512535,0.04361541569232941,0.010732767172157764,1.046550517511439,1.5701536569415715,0.38329582554699,2000
1257,0.10261630266904831,0.028711723163723946,0.0435977429151535,0.01073029637336731,1.046550517511439,1.5701536569415715,0.38329582554699,2000
1258,0.10256887227296829,0.028692442923784256,0.04358107969164848,0.01072746142745018,1.046550517511439,1.5701536569415715,0.38329582554699,2000
1259,0.10252123326063156,0.028672054409980774,0.04356507211923599,0.010724402032792568,1.046550517511439,1.5701536569415715,0.38329582554699,2000
1260,0.10247324407100677,0.028651103377342224,0.04354935139417648,0.010721283033490181,1.0455514097953156,1.5706941476981668,0.3837544425065173,2000
1261,0.1024252399802208,0.028632603585720062,0.04353171959519386,0.010718750767409801,1.0455514097953156,1.5706941476981668,0.3837544425065173,2000
1262,0.10237707942724228,0.028616225346922874,0.04351244494318962,0.010716743767261505,1.0455514097953156,1.5706941476981668,0.3837544425065173,2000
1263,0.10232864320278168,0.028601160272955894,0.043492045253515244,0.010715090669691563,1.0455514097953156,1.5706941476981668,0.3837544425065173,2000
1264,0.10228009521961212,0.028586626052856445,0.04347117617726326,0.010713588446378708,1.0455514097953156,1.5706941476981668,0.3837544425065173,2000
1265,0.10223130136728287,0.02857144922018051,0.04345061630010605,0.01071196049451828,1.0455514097953156,1.5706941476981668,0.3837544425065173,2000
1266,0.10218233615159988,0.028554756194353104,0.04343104362487793,0.010709941387176514,1.0455514097953156,1.5706941476981668,0.3837544425065173,2000
1267,0.10213319212198257,0.028536226600408554,0.043412696570158005,0.010707453824579716,1.0455514097953156,1.5706941476981668,0.3837544425065173,2000
1268,0.10208380222320557,0.02851603552699089,0.04339539632201195,0.010704586282372475,1.0455514097953156,1.5706941476981668,0.3837544425065173,2000
1269,0.10203425586223602,0.02849467657506466,0.04337882623076439,0.01070147193968296,1.0455514097953156,1.5706941476981668,0.3837544425065173,2000
1270,0.10198357701301575,0.028472762554883957,0.043362509459257126,0.010698305442929268,1.0444914647063077,1.5712424351846668,0.38426610010902584,2000
1271,0.10193362087011337,0.028453562408685684,0.04334409907460213,0.010695794597268105,1.0444914647063077,1.5712424351846668,0.38426610010902584,2000
1272,0.10188345611095428,0.028436655178666115,0.04332388564944267,0.010693849995732307,1.0444914647063077,1.5712424351846668,0.38426610010902584,2000
1273,0.10183312743902206,0.028421245515346527,0.04330247640609741,0.010692296549677849,1.0444914647063077,1.5712424351846668,0.38426610010902584,2000
1274,0.10178256034851074,0.02840627357363701,0.04328059405088425,0.01069089025259018,1.0444914647063077,1.5712424351846668,0.38426610010902584,2000
1275,0.1017318069934845,0.02839064411818981,0.04325905814766884,0.01068934053182602,1.0444914647063077,1.5712424351846668,0.38426610010902584,2000
1276,0.10168085247278214,0.028373299166560173,0.043238651007413864,0.010687347501516342,1.0444914647063077,1.5712424351846668,0.38426610010902584,2000
1277,0.10162969678640366,0.028353912755846977,0.04321959242224693,0.010684837587177753,1.0444914647063077,1.5712424351846668,0.38426610010902584,2000
1278,0.10157833993434906,0.02833276055753231,0.04320168122649193,0.010681906715035439,1.0444914647063077,1.5712424351846668,0.38426610010902584,2000
1279,0.10152679681777954,0.028310423716902733,0.04318449646234512,0.010678742080926895,1.0444914647063077,1.5712424351846668,0.38426610010902584,2000
1280,0.10147325694561005,0.028287570923566818,0.04316752031445503,0.01067552249878645,1.0433688476618994,1.5717969852989402,0.3848341670391601,2000
1281,0.1014212816953659,0.028267692774534225,0.043148256838321686,0.010673032142221928,1.0433688476618994,1.5717969852989402,0.3848341670391601,2000
1282,0.10136914998292923,0.028250355273485184,0.04312705621123314,0.010671170428395271,1.0433688476618994,1.5717969852989402,0.3848341670391601,2000
1283,0.10131675750017166,0.02823454514145851,0.04310457780957222,0.010669711977243423,1.0433688476618994,1.5717969852989402,0.3848341670391601,2000
1284,0.10126416385173798,0.028219224885106087,0.043081607669591904,0.010668408125638962,1.0433688476618994,1.5717969852989402,0.3848341670391601,2000
1285,0.10121138393878937,0.028203126043081284,0.043059077113866806,0.0106669245287776,1.0433688476618994,1.5717969852989402,0.3848341670391601,2000
1286,0.10115839540958405,0.028185106813907623,0.04303780570626259,0.010664944536983967,1.0433688476618994,1.5717969852989402,0.3848341670391601,2000
1287,0.10110519081354141,0.02816486731171608,0.04301802068948746,0.010662384331226349,1.0433688476618994,1.5717969852989402,0.3848341670391601,2000
1288,0.10105178505182266,0.028142757713794708,0.04299945384263992,0.010659389197826385,1.0433688476618994,1.5717969852989402,0.3848341670391601,2000
1289,0.1009981781244278,0.02811943180859089,0.042981620877981186,0.01065614353865385,1.0433688476618994,1.5717969852989402,0.3848341670391601,2000
1290,0.10094170272350311,0.028095660731196404,0.04296395555138588,0.010652880184352398,1.0421826263045755,1.5723555425159068,0.38546183117951793,2000
1291,0.10088767856359482,0.02807512879371643,0.042943812906742096,0.01065040472894907,1.0421826263045755,1.5723555425159068,0.38546183117951793,2000
1292,0.10083343088626862,0.028057364746928215,0.0429215244948864,0.010648622177541256,1.0421826263045755,1.5723555425159068,0.38546183117951793,2000
1293,0.1007789820432663,0.02804129756987095,0.04289787635207176,0.010647269897162914,1.0421826263045755,1.5723555425159068,0.38546183117951793,2000
1294,0.10072435438632965,0.028025686740875244,0.042873773723840714,0.010646067559719086,1.0421826263045755,1.5723555425159068,0.38546183117951793,2000
1295,0.10066947340965271,0.02800910174846649,0.04285021498799324,0.010644633322954178,1.0421826263045755,1.5723555425159068,0.38546183117951793,2000
1296,0.10061438381671906,0.0279904305934906,0.042828045785427094,0.010642651468515396,1.0421826263045755,1.5723555425159068,0.38546183117951793,2000
1297,0.10055913031101227,0.027969354763627052,0.04280751198530197,0.010640034452080727,1.0421826263045755,1.5723555425159068,0.38546183117951793,2000
1298,0.10050364583730698,0.027946261689066887,0.04278828576207161,0.010636938735842705,1.0421826263045755,1.5723555425159068,0.38546183117951793,2000
1299,0.10044790059328079,0.027921920642256737,0.042769793421030045,0.010633588768541813,1.0421826263045755,1.5723555425159068,0.38546183117951793,2000
1300,0.10038837045431137,0.027897289022803307,0.04275136440992355,0.010630272328853607,1.0409330806991282,1.5729150034272685,0.38615191587360365,2000
1301,0.10033228248357773,0.027876215055584908,0.04273025318980217,0.010627810843288898,1.0409330806991282,1.5729150034272685,0.38615191587360365,2000
1302,0.1002759337425232,0.027858108282089233,0.04270683601498604,0.010626088827848434,1.0409330806991282,1.5729150034272685,0.38615191587360365,2000
1303,0.10021939128637314,0.027841832488775253,0.042681965976953506,0.010624850168824196,1.0409330806991282,1.5729150034272685,0.38615191587360365,2000
1304,0.10016262531280518,0.027825970202684402,0.04265664145350456,0.010623740963637829,1.0409330806991282,1.5729150034272685,0.38615191587360365,2000
1305,0.10010567307472229,0.027809012681245804,0.04263199865818024,0.010622350499033928,1.0409330806991282,1.5729150034272685,0.38615191587360365,2000
1306,0.1000484749674797,0.02778967283666134,0.04260893166065216,0.010620325803756714,1.0409330806991282,1.5729150034272685,0.38615191587360365,2000
1307,0.09999111294746399,0.027767740190029144,0.04258763790130615,0.010617624968290329,1.0409330806991282,1.5729150034272685,0.38615191587360365,2000
1308,0.09993349015712738,0.027743704617023468,0.04256770387291908,0.010614404454827309,1.0409330806991282,1.5729150034272685,0.38615191587360365,2000
1309,0.09987565875053406,0.027718428522348404,0.042548514902591705,0.010610932484269142,1.0409330806991282,1.5729150034272685,0.38615191587360365,2000
1310,0.09981298446655273,0.027692977339029312,0.04252930358052254,0.010607531294226646,1.039622310088737,1.5734710932832217,0.3869065966280416,2000
1311,0.09975475072860718,0.027671411633491516,0.04250714182853699,0.010605072602629662,1.039622310088737,1.5734710932832217,0.3869065966280416,2000
1312,0.09969628602266312,0.027653079479932785,0.04248250275850296,0.010603425092995167,1.039622310088737,1.5734710932832217,0.3869065966280416,2000
1313,0.09963762760162354,0.027636656537652016,0.04245636239647865,0.010602256283164024,1.039622310088737,1.5734710932832217,0.3869065966280416,2000
1314,0.09957876801490784,0.027620624750852585,0.04242980480194092,0.01060121413320303,1.039622310088737,1.5734710932832217,0.3869065966280416,2000
1315,0.09951966255903244,0.02760329656302929,0.04240402579307556,0.01059984415769577,1.039622310088737,1.5734710932832217,0.3869065966280416,2000
1316,0.09946037083864212,0.027583373710513115,0.04238002002239227,0.010597765445709229,1.039622310088737,1.5734710932832217,0.3869065966280416,2000
1317,0.09940085560083389,0.027560589835047722,0.042357951402664185,0.01059491652995348,1.039622310088737,1.5734710932832217,0.3869065966280416,2000
1318,0.09934113919734955,0.027535652741789818,0.04233730211853981,0.0105915367603302,1.039622310088737,1.5734710932832217,0.3869065966280416,2000
1319,0.0992811918258667,0.027509527280926704,0.042317356914281845,0.010587925091385841,1.039622310088737,1.5734710932832217,0.3869065966280416,2000
1320,0.09921528398990631,0.02748338133096695,0.04229726642370224,0.010584419593214989,1.0382545852674718,1.574018207724809,0.38772720700771934,2000
1321,0.09915493428707123,0.027461403980851173,0.04227403551340103,0.010581929236650467,1.0382545852674718,1.574018207724809,0.38772720700771934,2000
1322,0.09909437596797943,0.027442974969744682,0.042248114943504333,0.01058032363653183,1.0382545852674718,1.574018207724809,0.38772720700771934,2000
1323,0.09903357923030853,0.02742655761539936,0.042220588773489,0.010579228401184082,1.0382545852674718,1.574018207724809,0.38772720700771934,2000
1324,0.09897259622812271,0.027410412207245827,0.042192742228507996,0.010578217916190624,1.0382545852674718,1.574018207724809,0.38772720700771934,2000
1325,0.09891141951084137,0.027392754331231117,0.04216587170958519,0.010576802305877209,1.0382545852674718,1.574018207724809,0.38772720700771934,2000
1326,0.09885001927614212,0.027372272685170174,0.042140912264585495,0.010574604384601116,1.0382545852674718,1.574018207724809,0.38772720700771934,2000
1327,0.09878837317228317,0.02734871581196785,0.04211803898215294,0.010571576654911041,1.0382545852674718,1.574018207724809,0.38772720700771934,2000
1328,0.09872652590274811,0.02732292003929615,0.04209664836525917,0.010567975230515003,1.0382545852674718,1.574018207724809,0.38772720700771934,2000
1329,0.09866450726985931,0.027296023443341255,0.04207592085003853,0.010564163327217102,1.0382545852674718,1.574018207724809,0.38772720700771934,2000
1330,0.09859529137611389,0.027269303798675537,0.042054884135723114,0.010560521855950356,1.0368365982214682,1.5745498046717867,0.38861359710674465,2000
1331,0.09853285551071167,0.027247155085206032,0.04203043878078461,0.010557991452515125,1.0368365982214682,1.5745498046717867,0.38861359710674465,2000
1332,0.09847017377614975,0.02722872979938984,0.04200316220521927,0.010556396096944809,1.0368365982214682,1.5745498046717867,0.38861359710674465,2000
1333,0.09840729087591171,0.027212373912334442,0.0419742576777935,0.010555312968790531,1.0368365982214682,1.5745498046717867,0.38861359710674465,2000
1334,0.09834422171115875,0.027196241542696953,0.04194508492946625,0.010554291307926178,1.0368365982214682,1.5745498046717867,0.38861359710674465,2000
1335,0.09828094393014908,0.0271783284842968,0.04191705957055092,0.010552776977419853,1.0368365982214682,1.5745498046717867,0.38861359710674465,2000
1336,0.0982174277305603,0.027157289907336235,0.04189116880297661,0.010550381615757942,1.0368365982214682,1.5745498046717867,0.38861359710674465,2000
1337,0.09815371036529541,0.027133017778396606,0.04186749830842018,0.010547091253101826,1.0368365982214682,1.5745498046717867,0.38861359710674465,2000
1338,0.09808982908725739,0.02710651233792305,0.04184533283114433,0.01054321974515915,1.0368365982214682,1.5745498046717867,0.38861359710674465,2000
1339,0.09802568703889847,0.02707902528345585,0.041823700070381165,0.010539173148572445,1.0368365982214682,1.5745498046717867,0.38861359710674465,2000
1340,0.09795314818620682,0.02705192193388939,0.041801631450653076,0.010535353794693947,1.03537851207858,1.5750575658617425,0.389563922059678,2000
1341,0.09788861125707626,0.02702968381345272,0.04177592694759369,0.010532723739743233,1.03537851207858,1.5750575658617425,0.389563922059678,2000
1342,0.0978238582611084,0.027011431753635406,0.04174722358584404,0.010531081818044186,1.03537851207858,1.5750575658617425,0.389563922059678,2000
1343,0.09775891900062561,0.026995304971933365,0.04171686992049217,0.010529966093599796,1.03537851207858,1.5750575658617425,0.389563922059678,2000
1344,0.0976937785744667,0.026979193091392517,0.04168637841939926,0.010528834536671638,1.03537851207858,1.5750575658617425,0.389563922059678,2000
1345,0.09762844443321228,0.026961082592606544,0.0416572280228138,0.010527126491069794,1.03537851207858,1.5750575658617425,0.389563922059678,2000
1346,0.09756289422512054,0.026939602568745613,0.04163038730621338,0.010524450801312923,1.03537851207858,1.5750575658617425,0.389563922059678,2000
1347,0.09749710559844971,0.026914704591035843,0.04160588979721069,0.01052081398665905,1.03537851207858,1.5750575658617425,0.389563922059678,2000
1348,0.09743112325668335,0.026887573301792145,0.04158288240432739,0.010516585782170296,1.03537851207858,1.5750575658617425,0.389563922059678,2000
1349,0.09736496210098267,0.026859642937779427,0.04156031459569931,0.01051221415400505,1.03537851207858,1.5750575658617425,0.389563922059678,2000
1350,0.09728909283876419,0.02683243155479431,0.04153706878423691,0.010508175939321518,1.0338939901046036,1.5755321304921415,0.3905738794032545,2000
1351,0.0972224771976471,0.02681034430861473,0.04150997847318649,0.010505380108952522,1.0338939901046036,1.5755321304921415,0.3905738794032545,2000
1352,0.09715569764375687,0.026792392134666443,0.04147981479763985,0.010503605008125305,1.0338939901046036,1.5755321304921415,0.3905738794032545,2000
1353,0.09708873182535172,0.026776567101478577,0.04144800454378128,0.010502343997359276,1.0338939901046036,1.5755321304921415,0.3905738794032545,2000
1354,0.09702155739068985,0.026760593056678772,0.04141617938876152,0.010501004755496979,1.0338939901046036,1.5755321304921415,0.3905738794032545,2000
1355,0.09695415198802948,0.02674231491982937,0.041385896503925323,0.010498990304768085,1.0338939901046036,1.5755321304921415,0.3905738794032545,2000
1356,0.09688655287027359,0.026720425114035606,0.04135812446475029,0.010495900176465511,1.0338939901046036,1.5755321304921415,0.3905738794032545,2000
1357,0.09681877493858337,0.026695039123296738,0.04133277013897896,0.010491808876395226,1.0338939901046036,1.5755321304921415,0.3905738794032545,2000
1358,0.09675081074237823,0.02666749618947506,0.04130886495113373,0.010487131774425507,1.0338939901046036,1.5755321304921415,0.3905738794032545,2000
1359,0.0966825932264328,0.026639381423592567,0.0412852019071579,0.01048236433416605,1.0338939901046036,1.5755321304921415,0.3905738794032545,2000
1360,0.09660335630178452,0.026612255722284317,0.04126065969467163,0.010478008538484573,1.0324009863584258,1.5759629881278014,0.39163602551377297,2000
1361,0.09653477370738983,0.026590539142489433,0.04123212397098541,0.010474957525730133,1.0324009863584258,1.5759629881278014,0.39163602551377297,2000
1362,0.09646595269441605,0.026573047041893005,0.041200414299964905,0.010472947731614113,1.0324009863584258,1.5759629881278014,0.39163602551377297,2000
1363,0.09639696776866913,0.026557596400380135,0.04116714373230934,0.01047140546143055,1.0324009863584258,1.5759629881278014,0.39163602551377297,2000
1364,0.0963277593255043,0.026541780680418015,0.04113401845097542,0.010469697415828705,1.0324009863584258,1.5759629881278014,0.39163602551377297,2000
1365,0.09625837206840515,0.026523392647504807,0.04110265523195267,0.010467207059264183,1.0324009863584258,1.5759629881278014,0.39163602551377297,2000
1366,0.09618877619504929,0.026501188054680824,0.04107394441962242,0.010463563725352287,1.0324009863584258,1.5759629881278014,0.39163602551377297,2000
1367,0.09611894935369492,0.026475466787815094,0.04104764759540558,0.010458877310156822,1.0324009863584258,1.5759629881278014,0.39163602551377297,2000
1368,0.09604894369840622,0.0264477226883173,0.041022706776857376,0.01045362651348114,1.0324009863584258,1.5759629881278014,0.39163602551377297,2000
1369,0.09597872197628021,0.026419680565595627,0.04099782928824425,0.010448356159031391,1.0324009863584258,1.5759629881278014,0.39163602551377297,2000
1370,0.09589618444442749,0.026392994448542595,0.04097181186079979,0.010443586856126785,1.0309223817265063,1.57633863884623,0.39273897942726393,2000
1371,0.09582559764385223,0.02637186460196972,0.04094170778989792,0.010440158657729626,1.0309223817265063,1.57633863884623,0.39273897942726393,2000
1372,0.09575475752353668,0.02635493315756321,0.040908440947532654,0.010437745600938797,1.0309223817265063,1.57633863884623,0.39273897942726393,2000
1373,0.09568372368812561,0.026339873671531677,0.040873728692531586,0.010435733944177628,1.0309223817265063,1.57633863884623,0.39273897942726393,2000
1374,0.09561249613761902,0.026324206963181496,0.04083935543894768,0.010433457791805267,1.0309223817265063,1.57633863884623,0.39273897942726393,2000
1375,0.0955410972237587,0.026305750012397766,0.04080691933631897,0.010430295020341873,1.0309223817265063,1.57633863884623,0.39273897942726393,2000
1376,0.09546943753957748,0.02628331072628498,0.04077722877264023,0.010425904765725136,1.0309223817265063,1.57633863884623,0.39273897942726393,2000
1377,0.09539759904146194,0.026257449761033058,0.0407499261200428,0.010420471429824829,1.0309223817265063,1.57633863884623,0.39273897942726393,2000
1378,0.0953255221247673,0.02622973546385765,0.04072381556034088,0.010414493270218372,1.0309223817265063,1.57633863884623,0.39273897942726393,2000
1379,0.09525327384471893,0.026202134788036346,0.040697500109672546,0.010408596135675907,1.0309223817265063,1.57633863884623,0.39273897942726393,2000
1380,0.09516747295856476,0.02617618627846241,0.040669817477464676,0.01040327176451683,1.0294861892660316,1.576647294953402,0.3938665157805664,2000
1381,0.09509481489658356,0.026155788451433182,0.040638044476509094,0.010399268940091133,1.0294861892660316,1.576647294953402,0.3938665157805664,2000
1382,0.09502191096544266,0.02613947167992592,0.04060322418808937,0.01039623748511076,1.0294861892660316,1.576647294953402,0.3938665157805664,2000
1383,0.09494882076978683,0.026124831289052963,0.040567100048065186,0.010393520817160606,1.0294861892660316,1.576647294953402,0.3938665157805664,2000
1384,0.09487549960613251,0.026109281927347183,0.040531523525714874,0.010390421375632286,1.0294861892660316,1.576647294953402,0.3938665157805664,2000
1385,0.09480200707912445,0.02609073929488659,0.040498036891222,0.010386336594820023,1.0294861892660316,1.576647294953402,0.3938665157805664,2000
1386,0.0947282463312149,0.02606819197535515,0.040467314422130585,0.010380977764725685,1.0294861892660316,1.576647294953402,0.3938665157805664,2000
1387,0.09465426951646805,0.0260423943400383,0.04043883457779884,0.010374590754508972,1.0294861892660316,1.576647294953402,0.3938665157805664,2000
1388,0.09458006918430328,0.02601509541273117,0.040411315858364105,0.010367733426392078,1.0294861892660316,1.576647294953402,0.3938665157805664,2000
1389,0.0945056676864624,0.025988193228840828,0.040383368730545044,0.010361015796661377,1.0294861892660316,1.576647294953402,0.3938665157805664,2000
1390,0.09441674500703812,0.025963271036744118,0.04035383462905884,0.010354947298765182,1.028125841552444,1.576877781780392,0.394996376667164,2000
1391,0.09434188902378082,0.02594374120235443,0.04032030329108238,0.010350147262215614,1.028125841552444,1.576877781780392,0.394996376667164,2000
1392,0.09426682442426682,0.025928061455488205,0.04028390347957611,0.01034622173756361,1.028125841552444,1.576877781780392,0.394996376667164,2000
1393,0.09419150650501251,0.02591371163725853,0.04024643450975418,0.01034248061478138,1.028125841552444,1.576877781780392,0.394996376667164,2000
1394,0.09411598742008209,0.025898195803165436,0.04020971059799194,0.010338246822357178,1.028125841552444,1.576877781780392,0.394996376667164,2000
1395,0.09404020011425018,0.02587956190109253,0.04017513245344162,0.010332952253520489,1.028125841552444,1.576877781780392,0.394996376667164,2000
1396,0.09396418184041977,0.02585705742239952,0.040143243968486786,0.01032637245953083,1.028125841552444,1.576877781780392,0.394996376667164,2000
1397,0.09388792514801025,0.025831561535596848,0.0401134118437767,0.010318795219063759,1.028125841552444,1.576877781780392,0.394996376667164,2000
1398,0.09381143748760223,0.025804974138736725,0.04008422791957855,0.010310839861631393,1.028125841552444,1.576877781780392,0.394996376667164,2000
1399,0.09373469650745392,0.025779159739613533,0.040054336190223694,0.010303104296326637,1.028125841552444,1.576877781780392,0.394996376667164,2000
1400,0.09364265203475952,0.025755450129508972,0.04002271965146065,0.010296029970049858,1.0268803466881933,1.5770203315549947,0.3960993217568119,2000
1401,0.0935654416680336,0.025736836716532707,0.03998735919594765,0.010290117003023624,1.0268803466881933,1.5770203315549947,0.3960993217568119,2000
1402,0.09348791837692261,0.025721661746501923,0.039949387311935425,0.010284935124218464,1.0268803466881933,1.5770203315549947,0.3960993217568119,2000
1403,0.09341016411781311,0.02570745162665844,0.03991062194108963,0.010279806330800056,1.0268803466881933,1.5770203315549947,0.3960993217568119,2000
1404,0.09333216398954391,0.025691818445920944,0.03987278789281845,0.010274048894643784,1.0268803466881933,1.5770203315549947,0.3960993217568119,2000
1405,0.09325386583805084,0.02567306160926819,0.0398370735347271,0.01026718970388174,1.0268803466881933,1.5770203315549947,0.3960993217568119,2000
1406,0.09317529201507568,0.025650743395090103,0.03980381786823273,0.010259094648063183,1.0268803466881933,1.5770203315549947,0.3960993217568119,2000
1407,0.09309644252061844,0.025625823065638542,0.039772309362888336,0.01025008037686348,1.0268803466881933,1.5770203315549947,0.3960993217568119,2000
1408,0.0930173397064209,0.025600209832191467,0.03974116966128349,0.010240758769214153,1.0268803466881933,1.5770203315549947,0.3960993217568119,2000
1409,0.09293791651725769,0.02557571791112423,0.039709024131298065,0.010231716558337212,1.0268803466881933,1.5770203315549947,0.3960993217568119,2000
1410,0.09284297376871109,0.02555348165333271,0.039675068110227585,0.01022335235029459,1.0257940514219401,1.577068071428513,0.39713787714954674,2000
1411,0.09276295453310013,0.025535669177770615,0.03963778167963028,0.010215932503342628,1.0257940514219401,1.577068071428513,0.39713787714954674,2000
1412,0.09268265962600708,0.025520754978060722,0.03959830105304718,0.01020906399935484,1.0257940514219401,1.577068071428513,0.39713787714954674,2000
1413,0.09260205924510956,0.025506390258669853,0.039558295160532,0.01020208839327097,1.0257940514219401,1.577068071428513,0.39713787714954674,2000
1414,0.09252114593982697,0.025490421801805496,0.039519309997558594,0.010194394737482071,1.0257940514219401,1.577068071428513,0.39713787714954674,2000
1415,0.09243989735841751,0.02547149732708931,0.03948231786489487,0.01018559280782938,1.0257940514219401,1.577068071428513,0.39713787714954674,2000
1416,0.09235832095146179,0.025449464097619057,0.03944742679595947,0.01017564907670021,1.0257940514219401,1.577068071428513,0.39713787714954674,2000
1417,0.09227640926837921,0.025425365194678307,0.03941386938095093,0.010164893232285976,1.0257940514219401,1.577068071428513,0.39713787714954674,2000
1418,0.09219417721033096,0.025401033461093903,0.03938031941652298,0.01015392690896988,1.0257940514219401,1.577068071428513,0.39713787714954674,2000
1419,0.09211158007383347,0.025378014892339706,0.03934560343623161,0.010143255814909935,1.0257940514219401,1.577068071428513,0.39713787714954674,2000
1420,0.09201384335756302,0.025357190519571304,0.039309099316596985,0.01013316959142685,1.0249153432377907,1.5770192191054329,0.39806543765677654,2000
1421,0.09193053841590881,0.025339951738715172,0.03926984220743179,0.010123795829713345,1.0249153432377907,1.5770192191054329,0.39806543765677654,2000
1422,0.09184686839580536,0.02532488852739334,0.03922886773943901,0.010114731267094612,1.0249153432377907,1.5770192191054329,0.39806543765677654,2000
1423,0.09176282584667206,0.02530992403626442,0.03918765112757683,0.010105397552251816,1.0249153432377907,1.5770192191054329,0.39806543765677654,2000
1424,0.09167838096618652,0.025293350219726562,0.039147429168224335,0.010095302946865559,1.0249153432377907,1.5770192191054329,0.39806543765677654,2000
1425,0.09159354120492935,0.025274207815527916,0.03910887986421585,0.010084173642098904,1.0249153432377907,1.5770192191054329,0.39806543765677654,2000
1426,0.09150829911231995,0.025252560153603554,0.03907196223735809,0.010072031989693642,1.0249153432377907,1.5770192191054329,0.39806543765677654,2000
1427,0.09142263978719711,0.025229480117559433,0.03903587535023689,0.010059228166937828,1.0249153432377907,1.5770192191054329,0.39806543765677654,2000
1428,0.09133656322956085,0.025206511840224266,0.03899949789047241,0.010046254843473434,1.0249153432377907,1.5770192191054329,0.39806543765677654,2000
1429,0.09125004708766937,0.02518492005765438,0.038961876183748245,0.010033546946942806,1.0249153432377907,1.5770192191054329,0.39806543765677654,2000
1430,0.09114965796470642,0.025165274739265442,0.03892260417342186,0.010021297261118889,1.0242948971052204,1.5768791789332768,0.3988259239615029,2000
1431,0.09106225520372391,0.025148145854473114,0.03888130560517311,0.01000942662358284,1.0242948971052204,1.5768791789332768,0.3988259239615029,2000
1432,0.09097439795732498,0.02513231709599495,0.038838863372802734,0.009997615590691566,1.0242948971052204,1.5768791789332768,0.3988259239615029,2000
1433,0.09088607877492905,0.025116272270679474,0.038796357810497284,0.009985413402318954,1.0242948971052204,1.5768791789332768,0.3988259239615029,2000
1434,0.09079725295305252,0.025098778307437897,0.0387546680867672,0.009972468949854374,1.0242948971052204,1.5768791789332768,0.3988259239615029,2000
1435,0.0907079353928566,0.02507927082479,0.0387142039835453,0.009958602488040924,1.0242948971052204,1.5768791789332768,0.3988259239615029,2000
1436,0.09061813354492188,0.02505803294479847,0.03867475688457489,0.009943929500877857,1.0242948971052204,1.5768791789332768,0.3988259239615029,2000
1437,0.09052778780460358,0.025036003440618515,0.03863561525940895,0.009928738698363304,1.0242948971052204,1.5768791789332768,0.3988259239615029,2000
1438,0.0904369056224823,0.025014318525791168,0.03859594464302063,0.009913415648043156,1.0242948971052204,1.5768791789332768,0.3988259239615029,2000
1439,0.09034549444913864,0.024993853643536568,0.03855511173605919,0.009898228570818901,1.0242948971052204,1.5768791789332768,0.3988259239615029,2000
1440,0.09024260938167572,0.024974824860692024,0.03851291537284851,0.009883285500109196,1.0239826584933345,1.5766631581045647,0.3993541834021008,2000
1441,0.09015008807182312,0.02495705708861351,0.03846954181790352,0.009868385270237923,1.0239826584933345,1.5766631581045647,0.3993541834021008,2000
1442,0.09005694836378098,0.02493976801633835,0.038425520062446594,0.00985330156981945,1.0239826584933345,1.5766631581045647,0.3993541834021008,2000
1443,0.08996324241161346,0.02492201142013073,0.03838155418634415,0.009837753139436245,1.0239826584933345,1.5766631581045647,0.3993541834021008,2000
1444,0.08986891806125641,0.024903124198317528,0.038338109850883484,0.009821534156799316,1.0239826584933345,1.5766631581045647,0.3993541834021008,2000
1445,0.08977393805980682,0.024883054196834564,0.03829517960548401,0.009804636240005493,1.0239826584933345,1.5766631581045647,0.3993541834021008,2000
1446,0.08967838436365128,0.0248621366918087,0.038252584636211395,0.00978715531527996,1.0239826584933345,1.5766631581045647,0.3993541834021008,2000
1447,0.08958213031291962,0.02484089508652687,0.038209863007068634,0.009769273921847343,1.0239826584933345,1.5766631581045647,0.3993541834021008,2000
1448,0.08948521316051483,0.02482004463672638,0.038166504353284836,0.00975122582167387,1.0239826584933345,1.5766631581045647,0.3993541834021008,2000
1449,0.08938761800527573,0.02480003982782364,0.03812217712402344,0.00973315630108118,1.0239826584933345,1.5766631581045647,0.3993541834021008,2000
1450,0.08928242325782776,0.02478078566491604,0.03807692229747772,0.009715050458908081,1.0240227711925654,1.5763985580030482,0.3995786708043869,2000
1451,0.08918344229459763,0.024761412292718887,0.038031384348869324,0.009696640074253082,1.0240227711925654,1.5763985580030482,0.3995786708043869,2000
1452,0.0890837162733078,0.024741727858781815,0.037985675036907196,0.009677850641310215,1.0240227711925654,1.5763985580030482,0.3995786708043869,2000
1453,0.08898326754570007,0.024721575900912285,0.03793991729617119,0.009658627212047577,1.0240227711925654,1.5763985580030482,0.3995786708043869,2000
1454,0.08888204395771027,0.024700870737433434,0.03789414465427399,0.009638924151659012,1.0240227711925654,1.5763985580030482,0.3995786708043869,2000
1455,0.08878006786108017,0.024679875001311302,0.03784819692373276,0.009618811309337616,1.0240227711925654,1.5763985580030482,0.3995786708043869,2000
1456,0.08867724984884262,0.02465878427028656,0.03780185803771019,0.009598356671631336,1.0240227711925654,1.5763985580030482,0.3995786708043869,2000
1457,0.08857368677854538,0.02463780902326107,0.03775504603981972,0.009577606804668903,1.0240227711925654,1.5763985580030482,0.3995786708043869,2000
1458,0.08846928179264069,0.024616960436105728,0.03770768642425537,0.009556589648127556,1.0240227711925654,1.5763985580030482,0.3995786708043869,2000
1459,0.08836403489112854,0.02459625154733658,0.03765976428985596,0.009535306133329868,1.0240227711925654,1.5763985580030482,0.3995786708043869,2000
1460,0.08825667202472687,0.024575576186180115,0.03761136159300804,0.009513722732663155,1.024446225429513,1.576126966279437,0.3994268082910496,2000
1461,0.08814973384141922,0.024553455412387848,0.037563506513834,0.009491554461419582,1.024446225429513,1.576126966279437,0.3994268082910496,2000
1462,0.08804186433553696,0.02453041449189186,0.037515778094530106,0.009468927048146725,1.024446225429513,1.576126966279437,0.3994268082910496,2000
1463,0.08793313056230545,0.024507135152816772,0.037467729300260544,0.009446004405617714,1.024446225429513,1.576126966279437,0.3994268082910496,2000
1464,0.08782348036766052,0.02448401413857937,0.03741905093193054,0.00942287314683199,1.024446225429513,1.576126966279437,0.3994268082910496,2000
1465,0.08771288394927979,0.02446146309375763,0.03736942633986473,0.009399639442563057,1.024446225429513,1.576126966279437,0.3994268082910496,2000
1466,0.08760134130716324,0.024439500644803047,0.03731884807348251,0.00937629584223032,1.024446225429513,1.576126966279437,0.3994268082910496,2000
1467,0.08748884499073029,0.024417694658041,0.03726762533187866,0.009352710098028183,1.024446225429513,1.576126966279437,0.3994268082910496,2000
1468,0.08737538009881973,0.02439551241695881,0.03721613436937332,0.009328714571893215,1.024446225429513,1.576126966279437,0.3994268082910496,2000
1469,0.0872608870267868,0.024372674524784088,0.03716454282402992,0.009304218925535679,1.024446225429513,1.576126966279437,0.3994268082910496,2000
1470,0.08715146034955978,0.024349136278033257,0.03711291402578354,0.009279195219278336,1.0252616010587055,1.5759029913994043,0.39883540754189006,2000
1471,0.08703497797250748,0.024323048070073128,0.03706249222159386,0.00925343856215477,1.0252616010587055,1.5759029913994043,0.39883540754189006,2000
1472,0.0869174599647522,0.024295734241604805,0.03701230511069298,0.009227287955582142,1.0252616010587055,1.5759029913994043,0.39883540754189006,2000
1473,0.08679886907339096,0.024268517270684242,0.036961399018764496,0.00920108426362276,1.0252616010587055,1.5759029913994043,0.39883540754189006,2000
1474,0.08667923510074615,0.024242261424660683,0.036909155547618866,0.009175023064017296,1.0252616010587055,1.5759029913994043,0.39883540754189006,2000
1475,0.0865585133433342,0.02421729639172554,0.03685533255338669,0.009149175137281418,1.0252616010587055,1.5759029913994043,0.39883540754189006,2000
1476,0.0864366963505745,0.024193275719881058,0.036800187081098557,0.00912341196089983,1.0252616010587055,1.5759029913994043,0.39883540754189006,2000
1477,0.08631379902362823,0.024169201031327248,0.036744438111782074,0.009097416885197163,1.0252616010587055,1.5759029913994043,0.39883540754189006,2000
1478,0.08618976920843124,0.024144019931554794,0.03668883815407753,0.009070868603885174,1.0252616010587055,1.5759029913994043,0.39883540754189006,2000
1479,0.08606463670730591,0.024117404595017433,0.03663364052772522,0.00904364138841629,1.0252616010587055,1.5759029913994043,0.39883540754189006,2000
1480,0.08595304191112518,0.02408944070339203,0.036578740924596786,0.009015756659209728,1.0264441633449684,1.575789760104738,0.3977660765502943,2000
1481,0.085825614631176,0.024058280512690544,0.036525387316942215,0.0089871846139431,1.0264441633449684,1.575789760104738,0.3977660765502943,2000
1482,0.08569703996181488,0.02402588352560997,0.036472152918577194,0.008958442136645317,1.0264441633449684,1.575789760104738,0.3977660765502943,2000
1483,0.08556728065013885,0.023994123563170433,0.036417677998542786,0.00892999954521656,1.0264441633449684,1.575789760104738,0.3977660765502943,2000
1484,0.08543635159730911,0.023963917046785355,0.036361318081617355,0.008902041241526604,1.0264441633449684,1.575789760104738,0.3977660765502943,2000
1485,0.08530423790216446,0.023935412988066673,0.03630297631025314,0.008874582126736641,1.0264441633449684,1.575789760104738,0.3977660765502943,2000
1486,0.0851709321141243,0.023907886818051338,0.03624318540096283,0.008847348392009735,1.0264441633449684,1.575789760104738,0.3977660765502943,2000
1487,0.08503641188144684,0.023879749700427055,0.03618308901786804,0.00881985668092966,1.0264441633449684,1.575789760104738,0.3977660765502943,2000
1488,0.08490070700645447,0.023849813267588615,0.036123573780059814,0.008791721425950527,1.0264441633449684,1.575789760104738,0.3977660765502943,2000
1489,0.0847637951374054,0.023817818611860275,0.03606481850147247,0.008762842044234276,1.0264441633449684,1.575789760104738,0.3977660765502943,2000
1490,0.08464955538511276,0.023784255608916283,0.03600645810365677,0.008733334019780159,1.0279278147297692,1.5758479609476819,0.39622422432254856,2000
1491,0.0845101922750473,0.023747287690639496,0.03594966605305672,0.008703368715941906,1.0279278147297692,1.5758479609476819,0.39622422432254856,2000
1492,0.08436958491802216,0.023709390312433243,0.035892654210329056,0.008673569187521935,1.0279278147297692,1.5758479609476819,0.39622422432254856,2000
1493,0.08422774076461792,0.02367263101041317,0.035833947360515594,0.008644433692097664,1.0279278147297692,1.5758479609476819,0.39622422432254856,2000
1494,0.08408466726541519,0.02363775111734867,0.035773035138845444,0.008616088889539242,1.0279278147297692,1.5758479609476819,0.39622422432254856,2000
1495,0.08394035696983337,0.023604566231369972,0.03571006655693054,0.0085883978754282,1.0279278147297692,1.5758479609476819,0.39622422432254856,2000
1496,0.08379478007555008,0.023572001606225967,0.03564581647515297,0.008561010472476482,1.0279278147297692,1.5758479609476819,0.39622422432254856,2000
1497,0.08364797383546829,0.023538269102573395,0.03558161482214928,0.008533349260687828,1.0279278147297692,1.5758479609476819,0.39622422432254856,2000
1498,0.08349990844726562,0.023502156138420105,0.0355183370411396,0.008505012840032578,1.0279278147297692,1.5758479609476819,0.39622422432254856,2000
1499,0.08335061371326447,0.023463789373636246,0.035455916076898575,0.008476007729768753,1.0279278147297692,1.5758479609476819,0.39622422432254856,2000
1500,0.08323255181312561,0.02342400886118412,0.035393744707107544,0.008446546271443367,1.0296065385738529,1.5761199096258642,0.3942735518002827,2000
