epoch,total,loss_f,loss_ic,loss_bc,lambda_f,lambda_ic,lambda_bc,n_f
1,1.433741807937622,0.570900022983551,0.1335836946964264,0.729258120059967,1.0,1.0,1.0,2000
2,1.1685640811920166,0.2024163007736206,0.1516990214586258,0.8144487738609314,1.0,1.0,1.0,2000
3,1.2329778671264648,0.11812657862901688,0.16760684549808502,0.94724440574646,1.0,1.0,1.0,2000
4,1.1834232807159424,0.03895018622279167,0.15819650888442993,0.9862766265869141,1.0,1.0,1.0,2000
5,1.129293441772461,0.010582341812551022,0.145174041390419,0.9735370874404907,1.0,1.0,1.0,2000
6,1.1152634620666504,0.048019666224718094,0.1357576698064804,0.9314861297607422,1.0,1.0,1.0,2000
7,1.098065733909607,0.09250620752573013,0.12918801605701447,0.8763715028762817,1.0,1.0,1.0,2000
8,1.0841479301452637,0.1321072280406952,0.12511666119098663,0.8269240856170654,1.0,1.0,1.0,2000
9,1.0881410837173462,0.16555733978748322,0.12394662201404572,0.7986371517181396,1.0,1.0,1.0,2000
10,1.095278263092041,0.1743655800819397,0.12468768656253815,0.7962249517440796,1.0,1.0,1.0,2000
11,1.0866419076919556,0.1475483775138855,0.12544067203998566,0.8136528730392456,1.0,1.0,1.0,2000
12,1.0647917985916138,0.09775405377149582,0.12517182528972626,0.8418659567832947,1.0,1.0,1.0,2000
13,1.0495258569717407,0.052579086273908615,0.1241268590092659,0.8728199005126953,1.0,1.0,1.0,2000
14,1.0534355640411377,0.0320005789399147,0.12303745746612549,0.8983975648880005,1.0,1.0,1.0,2000
15,1.0646398067474365,0.03178717941045761,0.12230126559734344,0.9105514287948608,1.0,1.0,1.0,2000
16,1.0630642175674438,0.03567272797226906,0.12186728417873383,0.9055242538452148,1.0,1.0,1.0,2000
17,1.0464203357696533,0.03886716812849045,0.12167881429195404,0.8858743906021118,1.0,1.0,1.0,2000
18,1.028775930404663,0.049052268266677856,0.12183288484811783,0.8578908443450928,1.0,1.0,1.0,2000
19,1.0221718549728394,0.07126639038324356,0.12231630831956863,0.8285892009735107,1.0,1.0,1.0,2000
20,1.0245640277862549,0.09793124347925186,0.12282482534646988,0.8038079738616943,1.0,1.0,1.0,2000
21,1.0251203775405884,0.11489041149616241,0.12300436943769455,0.787225604057312,1.0,1.0,1.0,2000
22,1.0178947448730469,0.11472304165363312,0.12284550070762634,0.780326247215271,1.0,1.0,1.0,2000
23,1.006404161453247,0.10093645006418228,0.12271250784397125,0.7827552556991577,1.0,1.0,1.0,2000
24,0.9973775148391724,0.0820712149143219,0.1230163648724556,0.7922899127006531,1.0,1.0,1.0,2000
25,0.9934567213058472,0.06477157026529312,0.12390485405921936,0.8047803044319153,1.0,1.0,1.0,2000
26,0.9920191764831543,0.05186240375041962,0.12519948184490204,0.8149572610855103,1.0,1.0,1.0,2000
27,0.9894039630889893,0.04477057233452797,0.1265197992324829,0.8181136250495911,1.0,1.0,1.0,2000
28,0.9843467473983765,0.04529908671975136,0.12740939855575562,0.8116382360458374,1.0,1.0,1.0,2000
29,0.9778261184692383,0.05464116483926773,0.12744449079036713,0.7957404255867004,1.0,1.0,1.0,2000
30,0.9718677997589111,0.07197721302509308,0.12643209099769592,0.7734584808349609,1.0,1.0,1.0,2000
31,0.9683610200881958,0.0938119888305664,0.12461194396018982,0.7499370574951172,1.0,1.0,1.0,2000
32,0.9670583009719849,0.11357834190130234,0.12261772155761719,0.7308622598648071,1.0,1.0,1.0,2000
33,0.9650775790214539,0.12354068458080292,0.12114717811346054,0.720389723777771,1.0,1.0,1.0,2000
34,0.9602985978126526,0.12015575170516968,0.12059235572814941,0.7195504903793335,1.0,1.0,1.0,2000
35,0.95461106300354,0.10771236568689346,0.12088941037654877,0.7260092496871948,1.0,1.0,1.0,2000
36,0.9516167640686035,0.09524548053741455,0.12155337631702423,0.7348179221153259,1.0,1.0,1.0,2000
37,0.9512456655502319,0.08957357704639435,0.1218319684267044,0.7398401498794556,1.0,1.0,1.0,2000
38,0.9497472643852234,0.09227174520492554,0.12109804898500443,0.736377477645874,1.0,1.0,1.0,2000
39,0.9459463357925415,0.10281457006931305,0.11930535733699799,0.7238264083862305,1.0,1.0,1.0,2000
40,0.9427734017372131,0.11986742913722992,0.11702045798301697,0.7058855295181274,1.0,1.0,1.0,2000
41,0.941857635974884,0.13841183483600616,0.11502949893474579,0.6884163022041321,1.0,1.0,1.0,2000
42,0.9413479566574097,0.15086209774017334,0.11388830095529556,0.676597535610199,1.0,1.0,1.0,2000
43,0.9396486282348633,0.15327748656272888,0.11366886645555496,0.6727022528648376,1.0,1.0,1.0,2000
44,0.9375380277633667,0.14826272428035736,0.11395557969808578,0.6753197312355042,1.0,1.0,1.0,2000
45,0.9360882043838501,0.14179736375808716,0.1140923947095871,0.6801984310150146,1.0,1.0,1.0,2000
46,0.9351474642753601,0.13898971676826477,0.1136278286576271,0.6825299263000488,1.0,1.0,1.0,2000
47,0.934185266494751,0.14209146797657013,0.11261176317930222,0.6794820427894592,1.0,1.0,1.0,2000
48,0.9328258037567139,0.15000970661640167,0.11146584898233414,0.6713502407073975,1.0,1.0,1.0,2000
49,0.9310879707336426,0.15946997702121735,0.1106477901339531,0.6609702110290527,1.0,1.0,1.0,2000
50,0.929659366607666,0.16722902655601501,0.11039423197507858,0.6520360708236694,1.0,1.0,1.0,2000
51,0.9287698268890381,0.17101721465587616,0.11059699207544327,0.6471556425094604,1.0,1.0,1.0,2000
52,0.9275588989257812,0.1700422614812851,0.1108807697892189,0.6466358304023743,1.0,1.0,1.0,2000
53,0.925717830657959,0.16604535281658173,0.11091561615467072,0.6487568616867065,1.0,1.0,1.0,2000
54,0.9242110252380371,0.16252759099006653,0.11066891252994537,0.651014506816864,1.0,1.0,1.0,2000
55,0.9233248829841614,0.16170020401477814,0.1103338971734047,0.651290774345398,1.0,1.0,1.0,2000
56,0.9220917224884033,0.16322240233421326,0.11011333763599396,0.6487559676170349,1.0,1.0,1.0,2000
57,0.9204005002975464,0.16599537432193756,0.11010308563709259,0.6443020105361938,1.0,1.0,1.0,2000
58,0.9191685914993286,0.168938547372818,0.11025697737932205,0.6399730443954468,1.0,1.0,1.0,2000
59,0.9183376431465149,0.1702684760093689,0.1104053184390068,0.6376638412475586,1.0,1.0,1.0,2000
60,0.9171242713928223,0.16866104304790497,0.11039001494646072,0.638073205947876,1.0,1.0,1.0,2000
61,0.9157353639602661,0.16507399082183838,0.11020435392856598,0.640457034111023,1.0,1.0,1.0,2000
62,0.9147984385490417,0.16180221736431122,0.1099555715918541,0.643040657043457,1.0,1.0,1.0,2000
63,0.913989245891571,0.16026189923286438,0.10973314195871353,0.6439942121505737,1.0,1.0,1.0,2000
64,0.9128609895706177,0.1606246829032898,0.10956260561943054,0.642673671245575,1.0,1.0,1.0,2000
65,0.9118190407752991,0.1622803956270218,0.1094275638461113,0.6401110887527466,1.0,1.0,1.0,2000
66,0.9111138582229614,0.16364771127700806,0.1092771589756012,0.6381889581680298,1.0,1.0,1.0,2000
67,0.9103202819824219,0.16305427253246307,0.10905154794454575,0.6382144689559937,1.0,1.0,1.0,2000
68,0.9093606472015381,0.1606207937002182,0.10873471945524216,0.6400051116943359,1.0,1.0,1.0,2000
69,0.9086089730262756,0.15820851922035217,0.10835959762334824,0.6420408487319946,1.0,1.0,1.0,2000
70,0.9079875946044922,0.15742512047290802,0.10797185450792313,0.6425906419754028,1.0,1.0,1.0,2000
71,0.9072104096412659,0.1584765762090683,0.1076221764087677,0.6411116719245911,1.0,1.0,1.0,2000
72,0.9064487218856812,0.16038778424263,0.10736163705587387,0.6386992931365967,1.0,1.0,1.0,2000
73,0.9058446884155273,0.16159336268901825,0.10719268769025803,0.6370586156845093,1.0,1.0,1.0,2000
74,0.9051833152770996,0.1611703485250473,0.1070413812994957,0.6369715929031372,1.0,1.0,1.0,2000
75,0.9044307470321655,0.15992774069309235,0.10681451857089996,0.6376885175704956,1.0,1.0,1.0,2000
76,0.9037593007087708,0.15956878662109375,0.1064857766032219,0.6377047300338745,1.0,1.0,1.0,2000
77,0.9031180739402771,0.16082260012626648,0.10612903535366058,0.6361664533615112,1.0,1.0,1.0,2000
78,0.9023987054824829,0.1628844141960144,0.10587409138679504,0.6336401700973511,1.0,1.0,1.0,2000
79,0.9016852378845215,0.16440635919570923,0.10579832643270493,0.6314805746078491,1.0,1.0,1.0,2000
80,0.9010303020477295,0.16478031873703003,0.10583098232746124,0.6304190158843994,1.0,1.0,1.0,2000
81,0.9003495573997498,0.16467082500457764,0.10579150915145874,0.6298872232437134,1.0,1.0,1.0,2000
82,0.8996357917785645,0.1652892678976059,0.10556227713823318,0.6287842392921448,1.0,1.0,1.0,2000
83,0.8989744186401367,0.16702044010162354,0.10521307587623596,0.6267409324645996,1.0,1.0,1.0,2000
84,0.8983340263366699,0.16895495355129242,0.10493350774049759,0.6244455575942993,1.0,1.0,1.0,2000
85,0.8976541757583618,0.17005249857902527,0.10484223812818527,0.6227594614028931,1.0,1.0,1.0,2000
86,0.8970067501068115,0.17043963074684143,0.10486097633838654,0.6217061281204224,1.0,1.0,1.0,2000
87,0.8963953852653503,0.17108644545078278,0.10478412359952927,0.6205248236656189,1.0,1.0,1.0,2000
88,0.8957509398460388,0.1725180447101593,0.10449735820293427,0.6187355518341064,1.0,1.0,1.0,2000
89,0.8951213359832764,0.17420348525047302,0.10410396009683609,0.6168138980865479,1.0,1.0,1.0,2000
90,0.8945241570472717,0.17520155012607574,0.10379862785339355,0.6155239939689636,1.0,1.0,1.0,2000
91,0.8939096927642822,0.17541906237602234,0.10364982485771179,0.6148408055305481,1.0,1.0,1.0,2000
92,0.8933000564575195,0.17578624188899994,0.10354737192392349,0.6139664649963379,1.0,1.0,1.0,2000
93,0.8927143812179565,0.1769217550754547,0.1033521369099617,0.6124404668807983,1.0,1.0,1.0,2000
94,0.8921242356300354,0.1782270073890686,0.10305869579315186,0.6108385324478149,1.0,1.0,1.0,2000
95,0.8915277719497681,0.17873108386993408,0.1027776226401329,0.6100190281867981,1.0,1.0,1.0,2000
96,0.8909494876861572,0.17847947776317596,0.10258123278617859,0.6098887920379639,1.0,1.0,1.0,2000
97,0.890372097492218,0.1784595102071762,0.10243520140647888,0.6094774007797241,1.0,1.0,1.0,2000
98,0.8897851705551147,0.17919449508190155,0.10228852182626724,0.608302116394043,1.0,1.0,1.0,2000
99,0.8892146348953247,0.1800113469362259,0.10215406864881516,0.6070492267608643,1.0,1.0,1.0,2000
100,0.8886412382125854,0.18004120886325836,0.10205686837434769,0.6065431833267212,1.0,1.0,1.0,2000
101,0.8880612850189209,0.17956234514713287,0.10196234285831451,0.6065366268157959,1.0,1.0,1.0,2000
102,0.8874922394752502,0.17953844368457794,0.10182568430900574,0.6061280965805054,1.0,1.0,1.0,2000
103,0.8869223594665527,0.18011042475700378,0.10168533027172089,0.6051266193389893,1.0,1.0,1.0,2000
104,0.8863494992256165,0.1804882287979126,0.10162366926670074,0.6042376160621643,1.0,1.0,1.0,2000
105,0.8857834935188293,0.18031084537506104,0.10162796080112457,0.6038447022438049,1.0,1.0,1.0,2000
106,0.8852171897888184,0.18020565807819366,0.10158071666955948,0.6034308075904846,1.0,1.0,1.0,2000
107,0.8846452236175537,0.18066821992397308,0.10142778605222702,0.6025492548942566,1.0,1.0,1.0,2000
108,0.8840795159339905,0.1812368780374527,0.10126309841871262,0.6015795469284058,1.0,1.0,1.0,2000
109,0.8835095763206482,0.18137897551059723,0.10118262469768524,0.6009479761123657,1.0,1.0,1.0,2000
110,0.8829373121261597,0.18149176239967346,0.10114164650440216,0.6003038883209229,1.0,1.0,1.0,2000
111,0.8823667764663696,0.1821407526731491,0.10103939473628998,0.5991865992546082,1.0,1.0,1.0,2000
112,0.881791353225708,0.18297724425792694,0.10087810456752777,0.5979359745979309,1.0,1.0,1.0,2000
113,0.8812129497528076,0.1833934485912323,0.10073547810316086,0.5970839858055115,1.0,1.0,1.0,2000
114,0.8806348443031311,0.18367567658424377,0.10062889754772186,0.5963302850723267,1.0,1.0,1.0,2000
115,0.880050539970398,0.18444015085697174,0.10052110254764557,0.595089316368103,1.0,1.0,1.0,2000
116,0.8794646263122559,0.18544194102287292,0.10041745752096176,0.5936052203178406,1.0,1.0,1.0,2000
117,0.8788750171661377,0.18605512380599976,0.10034232586622238,0.592477560043335,1.0,1.0,1.0,2000
118,0.8782790899276733,0.1864842176437378,0.10026414692401886,0.5915307402610779,1.0,1.0,1.0,2000
119,0.8776801824569702,0.18729059398174286,0.10015574842691422,0.5902338027954102,1.0,1.0,1.0,2000
120,0.8770754337310791,0.1882423758506775,0.10007180273532867,0.5887612700462341,1.0,1.0,1.0,2000
121,0.8764647841453552,0.1888546496629715,0.10005496442317963,0.5875551700592041,1.0,1.0,1.0,2000
122,0.8758498430252075,0.18940450251102448,0.10004045069217682,0.5864049196243286,1.0,1.0,1.0,2000
123,0.875226616859436,0.19026541709899902,0.0999675840139389,0.5849936008453369,1.0,1.0,1.0,2000
124,0.8745975494384766,0.19108060002326965,0.09989058971405029,0.583626389503479,1.0,1.0,1.0,2000
125,0.8739611506462097,0.1915910392999649,0.09986609220504761,0.5825040340423584,1.0,1.0,1.0,2000
126,0.8733165264129639,0.19223077595233917,0.09985091537237167,0.5812348127365112,1.0,1.0,1.0,2000
127,0.8726644515991211,0.1931207776069641,0.0998033657670021,0.5797402858734131,1.0,1.0,1.0,2000
128,0.872002363204956,0.19378598034381866,0.09975308179855347,0.5784633159637451,1.0,1.0,1.0,2000
129,0.8713318109512329,0.19426663219928741,0.09971513599157333,0.5773500204086304,1.0,1.0,1.0,2000
130,0.870651125907898,0.19501639902591705,0.09967371076345444,0.5759609937667847,1.0,1.0,1.0,2000
131,0.8699601292610168,0.19584065675735474,0.09964895993471146,0.5744705200195312,1.0,1.0,1.0,2000
132,0.869258463382721,0.19640037417411804,0.09964893013238907,0.5732091665267944,1.0,1.0,1.0,2000
133,0.8685445785522461,0.19702692329883575,0.0996289923787117,0.5718886852264404,1.0,1.0,1.0,2000
134,0.8678188323974609,0.1978771835565567,0.09959530085325241,0.5703463554382324,1.0,1.0,1.0,2000
135,0.8670796751976013,0.198581725358963,0.09960576146841049,0.5688921809196472,1.0,1.0,1.0,2000
136,0.866327166557312,0.19923001527786255,0.09963789582252502,0.5674592852592468,1.0,1.0,1.0,2000
137,0.8655598163604736,0.2001204788684845,0.09963466972112656,0.565804660320282,1.0,1.0,1.0,2000
138,0.8647769689559937,0.20097535848617554,0.0996256172657013,0.5641760230064392,1.0,1.0,1.0,2000
139,0.8639780282974243,0.20171292126178741,0.09964294731616974,0.5626221299171448,1.0,1.0,1.0,2000
140,0.8631612658500671,0.20267875492572784,0.09965524077415466,0.5608272552490234,1.0,1.0,1.0,2000
141,0.8623263835906982,0.20370535552501678,0.09965582191944122,0.5589652061462402,1.0,1.0,1.0,2000
142,0.8614712953567505,0.2045867145061493,0.09965672343969345,0.5572278499603271,1.0,1.0,1.0,2000
143,0.8605952262878418,0.20564964413642883,0.09964752197265625,0.5552980899810791,1.0,1.0,1.0,2000
144,0.8596963286399841,0.20682905614376068,0.09964951127767563,0.5532177686691284,1.0,1.0,1.0,2000
145,0.8587732315063477,0.20787982642650604,0.09967046976089478,0.5512229204177856,1.0,1.0,1.0,2000
146,0.8578231334686279,0.20908282697200775,0.09966924041509628,0.5490710735321045,1.0,1.0,1.0,2000
147,0.856844425201416,0.21040713787078857,0.09966741502285004,0.5467698574066162,1.0,1.0,1.0,2000
148,0.8558342456817627,0.21163120865821838,0.09970150887966156,0.544501543045044,1.0,1.0,1.0,2000
149,0.854789674282074,0.21302121877670288,0.09972614794969559,0.5420423150062561,1.0,1.0,1.0,2000
150,0.8537066578865051,0.21451306343078613,0.09973353147506714,0.5394600629806519,1.0,1.0,1.0,2000
151,0.8525813817977905,0.21594570577144623,0.0997578352689743,0.5368778705596924,1.0,1.0,1.0,2000
152,0.8514086008071899,0.21758344769477844,0.09978173673152924,0.5340434312820435,1.0,1.0,1.0,2000
153,0.850182294845581,0.21928595006465912,0.09979883581399918,0.5310974717140198,1.0,1.0,1.0,2000
154,0.8488947153091431,0.22101160883903503,0.09981027990579605,0.5280728340148926,1.0,1.0,1.0,2000
155,0.8475368618965149,0.22299179434776306,0.0998172014951706,0.5247278809547424,1.0,1.0,1.0,2000
156,0.8460972309112549,0.2250022441148758,0.09984158724546432,0.5212534070014954,1.0,1.0,1.0,2000
157,0.8445607423782349,0.227180615067482,0.09985215216875076,0.5175279378890991,1.0,1.0,1.0,2000
158,0.8429082632064819,0.22965197265148163,0.0998506024479866,0.5134056806564331,1.0,1.0,1.0,2000
159,0.8411145210266113,0.2322002351284027,0.09987402707338333,0.5090402364730835,1.0,1.0,1.0,2000
160,0.8391442894935608,0.23510950803756714,0.09987568855285645,0.5041590929031372,1.0,1.0,1.0,2000
161,0.836948573589325,0.23834741115570068,0.09985554218292236,0.4987456202507019,1.0,1.0,1.0,2000
162,0.8344570398330688,0.24190649390220642,0.09983623772859573,0.4927143454551697,1.0,1.0,1.0,2000
163,0.8315623998641968,0.24600280821323395,0.09978477656841278,0.48577481508255005,1.0,1.0,1.0,2000
164,0.8280965685844421,0.25062432885169983,0.0996859222650528,0.4777863025665283,1.0,1.0,1.0,2000
165,0.8237826824188232,0.2560017704963684,0.099531389772892,0.46824949979782104,1.0,1.0,1.0,2000
166,0.818139910697937,0.26205724477767944,0.09929781407117844,0.45678484439849854,1.0,1.0,1.0,2000
167,0.8102917671203613,0.2689136862754822,0.09889348596334457,0.4424845576286316,1.0,1.0,1.0,2000
168,0.7986316680908203,0.2761373221874237,0.09822181612253189,0.4242725372314453,1.0,1.0,1.0,2000
169,0.7806885838508606,0.2821601629257202,0.0971667617559433,0.4013616442680359,1.0,1.0,1.0,2000
170,0.7569760084152222,0.2863403260707855,0.09579604864120483,0.3748396337032318,1.0,1.0,1.0,2000
171,0.7437982559204102,0.29214048385620117,0.09605953842401505,0.35559824109077454,1.0,1.0,1.0,2000
172,0.7411975264549255,0.26357656717300415,0.10475245863199234,0.37286850810050964,1.0,1.0,1.0,2000
173,0.7385942339897156,0.2907891273498535,0.09434635192155838,0.3534587621688843,1.0,1.0,1.0,2000
174,0.7484946250915527,0.26185181736946106,0.09624481946229935,0.39039796590805054,1.0,1.0,1.0,2000
175,0.7636461853981018,0.3489219844341278,0.08101209998130798,0.333712100982666,1.0,1.0,1.0,2000
176,0.7667561769485474,0.27488037943840027,0.0884733647108078,0.4034024477005005,1.0,1.0,1.0,2000
177,0.7403597831726074,0.2985110580921173,0.08616138249635696,0.35568732023239136,1.0,1.0,1.0,2000
178,0.7458380460739136,0.31722933053970337,0.08454122394323349,0.3440674841403961,1.0,1.0,1.0,2000
179,0.7377525568008423,0.24086619913578033,0.09914770722389221,0.39773863554000854,1.0,1.0,1.0,2000
180,0.7237895727157593,0.25178468227386475,0.10082671791315079,0.37117820978164673,1.0,1.0,1.0,2000
181,0.7355265617370605,0.3054519593715668,0.09391965717077255,0.336154967546463,1.0,1.0,1.0,2000
182,0.7162888050079346,0.2573690712451935,0.09942938387393951,0.35949036478996277,1.0,1.0,1.0,2000
183,0.725719690322876,0.235884889960289,0.10342379659414291,0.38641104102134705,1.0,1.0,1.0,2000
184,0.7183582782745361,0.2496570497751236,0.0982140526175499,0.37048715353012085,1.0,1.0,1.0,2000
185,0.7243211269378662,0.28850796818733215,0.09255506843328476,0.3432580828666687,1.0,1.0,1.0,2000
186,0.7217727899551392,0.28533458709716797,0.0933544933795929,0.3430837094783783,1.0,1.0,1.0,2000
187,0.7165849804878235,0.2524557113647461,0.09904085844755173,0.36508840322494507,1.0,1.0,1.0,2000
188,0.716994047164917,0.24169592559337616,0.10247503966093063,0.3728231191635132,1.0,1.0,1.0,2000
189,0.7080367803573608,0.2610962986946106,0.09976837784051895,0.3471720814704895,1.0,1.0,1.0,2000
190,0.7102684378623962,0.2920786142349243,0.09714864194393158,0.32104116678237915,1.0,1.0,1.0,2000
191,0.7035448551177979,0.2774486839771271,0.10061133652925491,0.32548487186431885,1.0,1.0,1.0,2000
192,0.7010405659675598,0.2541865110397339,0.1027950644493103,0.3440589904785156,1.0,1.0,1.0,2000
193,0.6975519061088562,0.25567254424095154,0.09920507669448853,0.34267428517341614,1.0,1.0,1.0,2000
194,0.6916429400444031,0.276907742023468,0.09572020918130875,0.3190149962902069,1.0,1.0,1.0,2000
195,0.6903115510940552,0.2864059805870056,0.09581433236598969,0.30809125304222107,1.0,1.0,1.0,2000
196,0.6818357110023499,0.2760283350944519,0.09520696103572845,0.3106003999710083,1.0,1.0,1.0,2000
197,0.6762241125106812,0.2679230570793152,0.09569244086742401,0.31260859966278076,1.0,1.0,1.0,2000
198,0.6621483564376831,0.2651103734970093,0.09830526262521744,0.2987327575683594,1.0,1.0,1.0,2000
199,0.6414535045623779,0.27272576093673706,0.09939724206924438,0.2693305015563965,1.0,1.0,1.0,2000
200,0.6228930354118347,0.2811965346336365,0.09984120726585388,0.24185529351234436,1.0,1.0,1.0,2000
201,0.599829912185669,0.239118292927742,0.10500966757535934,0.2557019293308258,1.0,1.0,1.0,2000
202,0.5774471759796143,0.2206134796142578,0.09953556209802628,0.2572981119155884,1.0,1.0,1.0,2000
203,0.5729368329048157,0.231367826461792,0.09512604773044586,0.2464429885149002,1.0,1.0,1.0,2000
204,0.5766278505325317,0.23300276696681976,0.0946299359202385,0.24899518489837646,1.0,1.0,1.0,2000
205,0.5909789800643921,0.22618865966796875,0.0933842808008194,0.2714060842990875,1.0,1.0,1.0,2000
206,0.5959336757659912,0.2577074468135834,0.089076928794384,0.24914929270744324,1.0,1.0,1.0,2000
207,0.6004642248153687,0.25800755620002747,0.08858246356248856,0.2538742423057556,1.0,1.0,1.0,2000
208,0.5975433588027954,0.2459191232919693,0.09054948389530182,0.2610747516155243,1.0,1.0,1.0,2000
209,0.5940139293670654,0.23437094688415527,0.09324520826339722,0.2663978040218353,1.0,1.0,1.0,2000
210,0.586503803730011,0.21888668835163116,0.09423403441905975,0.27338308095932007,1.0,1.0,1.0,2000
211,0.5794141888618469,0.23809267580509186,0.0916062518954277,0.24971525371074677,1.0,1.0,1.0,2000
212,0.5724033117294312,0.20905400812625885,0.09329146146774292,0.2700578570365906,1.0,1.0,1.0,2000
213,0.5654488801956177,0.21283504366874695,0.09355161339044571,0.2590622007846832,1.0,1.0,1.0,2000
214,0.567608118057251,0.22132547199726105,0.09362035244703293,0.25266233086586,1.0,1.0,1.0,2000
215,0.5705211162567139,0.20565059781074524,0.09498344361782074,0.2698870897293091,1.0,1.0,1.0,2000
216,0.5714312791824341,0.21370984613895416,0.0951806902885437,0.2625407576560974,1.0,1.0,1.0,2000
217,0.5747661590576172,0.22253014147281647,0.09704817831516266,0.25518786907196045,1.0,1.0,1.0,2000
218,0.574874997138977,0.20910024642944336,0.09884282201528549,0.2669319212436676,1.0,1.0,1.0,2000
219,0.5719987154006958,0.21877965331077576,0.09494694322347641,0.25827211141586304,1.0,1.0,1.0,2000
220,0.5689549446105957,0.2228870540857315,0.09379489719867706,0.25227296352386475,1.0,1.0,1.0,2000
221,0.5660452246665955,0.21391206979751587,0.09599629044532776,0.25613686442375183,1.0,1.0,1.0,2000
222,0.5623226165771484,0.2186337411403656,0.09468655288219452,0.2490023523569107,1.0,1.0,1.0,2000
223,0.5606240034103394,0.22164417803287506,0.0927794873714447,0.2462003082036972,1.0,1.0,1.0,2000
224,0.5599225163459778,0.21694079041481018,0.09350615739822388,0.24947556853294373,1.0,1.0,1.0,2000
225,0.5604792237281799,0.22097353637218475,0.09417783468961716,0.2453278750181198,1.0,1.0,1.0,2000
226,0.5605510473251343,0.22071295976638794,0.09347032755613327,0.24636775255203247,1.0,1.0,1.0,2000
227,0.5613813400268555,0.22707122564315796,0.09132561087608337,0.24298450350761414,1.0,1.0,1.0,2000
228,0.5616824626922607,0.23698778450489044,0.08985079079866409,0.23484385013580322,1.0,1.0,1.0,2000
229,0.560523509979248,0.22865279018878937,0.09098561108112335,0.24088512361049652,1.0,1.0,1.0,2000
230,0.5596668720245361,0.22729036211967468,0.09135852009057999,0.24101799726486206,1.0,1.0,1.0,2000
231,0.5579566359519958,0.2346179187297821,0.09011893719434738,0.23321977257728577,1.0,1.0,1.0,2000
232,0.5567811131477356,0.23081426322460175,0.09023331105709076,0.2357335388660431,1.0,1.0,1.0,2000
233,0.5551798343658447,0.2284892201423645,0.09099400788545609,0.23569661378860474,1.0,1.0,1.0,2000
234,0.5550441741943359,0.2313200831413269,0.091129370033741,0.23259471356868744,1.0,1.0,1.0,2000
235,0.5543193221092224,0.23038017749786377,0.09032439440488815,0.2336147427558899,1.0,1.0,1.0,2000
236,0.5546423196792603,0.23544169962406158,0.08908554166555405,0.23011508584022522,1.0,1.0,1.0,2000
237,0.5543968677520752,0.23637673258781433,0.08937238901853561,0.22864776849746704,1.0,1.0,1.0,2000
238,0.5546001195907593,0.23348508775234222,0.09027832746505737,0.2308366894721985,1.0,1.0,1.0,2000
239,0.5538743138313293,0.2365531027317047,0.08943918347358704,0.2278820276260376,1.0,1.0,1.0,2000
240,0.5535234808921814,0.23777209222316742,0.08883592486381531,0.22691546380519867,1.0,1.0,1.0,2000
241,0.5526208281517029,0.23512837290763855,0.0893256813287735,0.22816675901412964,1.0,1.0,1.0,2000
242,0.5520435571670532,0.23815768957138062,0.08906403183937073,0.22482186555862427,1.0,1.0,1.0,2000
243,0.5512213110923767,0.23864130675792694,0.08825217187404633,0.22432783246040344,1.0,1.0,1.0,2000
244,0.5509802103042603,0.23981167376041412,0.08749224990606308,0.22367632389068604,1.0,1.0,1.0,2000
245,0.5506001710891724,0.24238274991512299,0.08731009811162949,0.2209073305130005,1.0,1.0,1.0,2000
246,0.5504440665245056,0.23984366655349731,0.08792004734277725,0.22268036007881165,1.0,1.0,1.0,2000
247,0.5501506924629211,0.2405054271221161,0.08772824704647064,0.2219170331954956,1.0,1.0,1.0,2000
248,0.5499582886695862,0.24356311559677124,0.08714186400175095,0.2192532867193222,1.0,1.0,1.0,2000
249,0.5495009422302246,0.24127358198165894,0.08746419847011566,0.2207631766796112,1.0,1.0,1.0,2000
250,0.549014687538147,0.24193835258483887,0.08764747530221939,0.21942883729934692,1.0,1.0,1.0,2000
251,0.548485517501831,0.24278537929058075,0.08744674175977707,0.21825340390205383,1.0,1.0,1.0,2000
252,0.5480219721794128,0.2422918975353241,0.08721509575843811,0.21851497888565063,1.0,1.0,1.0,2000
253,0.547571063041687,0.24369774758815765,0.08716955780982971,0.21670374274253845,1.0,1.0,1.0,2000
254,0.5471850633621216,0.24203181266784668,0.08778347074985504,0.21736976504325867,1.0,1.0,1.0,2000
255,0.5468890070915222,0.2414393275976181,0.08801679313182831,0.217432901263237,1.0,1.0,1.0,2000
256,0.5465841293334961,0.24335061013698578,0.08761531114578247,0.21561816334724426,1.0,1.0,1.0,2000
257,0.546264111995697,0.24244773387908936,0.08765168488025665,0.216164693236351,1.0,1.0,1.0,2000
258,0.5458669662475586,0.24307769536972046,0.08770997822284698,0.21507930755615234,1.0,1.0,1.0,2000
259,0.5454886555671692,0.2440357506275177,0.08757900446653366,0.21387389302253723,1.0,1.0,1.0,2000
260,0.5450404286384583,0.2435319870710373,0.0873684287071228,0.21413998305797577,1.0,1.0,1.0,2000
261,0.54461270570755,0.24509450793266296,0.08704698830842972,0.21247121691703796,1.0,1.0,1.0,2000
262,0.5441673994064331,0.2446363866329193,0.08721670508384705,0.21231427788734436,1.0,1.0,1.0,2000
263,0.5437999963760376,0.24431583285331726,0.08732548356056213,0.2121586948633194,1.0,1.0,1.0,2000
264,0.5434120893478394,0.2459649294614792,0.08694536238908768,0.2105017900466919,1.0,1.0,1.0,2000
265,0.5430533289909363,0.24589864909648895,0.08673195540904999,0.21042273938655853,1.0,1.0,1.0,2000
266,0.5426531434059143,0.24694152176380157,0.08659030497074127,0.20912130177021027,1.0,1.0,1.0,2000
267,0.5422611236572266,0.2473311424255371,0.0865926519036293,0.20833735167980194,1.0,1.0,1.0,2000
268,0.5418301820755005,0.24728845059871674,0.08651413023471832,0.20802760124206543,1.0,1.0,1.0,2000
269,0.5413920283317566,0.24866461753845215,0.08625523746013641,0.20647214353084564,1.0,1.0,1.0,2000
270,0.5409363508224487,0.2481268048286438,0.08636841922998428,0.20644110441207886,1.0,1.0,1.0,2000
271,0.5404885411262512,0.24874389171600342,0.08642539381980896,0.20531925559043884,1.0,1.0,1.0,2000
272,0.5400482416152954,0.2493223249912262,0.08634543418884277,0.20438045263290405,1.0,1.0,1.0,2000
273,0.5396114587783813,0.24972684681415558,0.08616431057453156,0.2037203013896942,1.0,1.0,1.0,2000
274,0.5391716361045837,0.2511048913002014,0.08595316857099533,0.2021135836839676,1.0,1.0,1.0,2000
275,0.5387127995491028,0.2509874701499939,0.08603286743164062,0.20169247686862946,1.0,1.0,1.0,2000
276,0.5382398962974548,0.25212714076042175,0.08592125028371811,0.20019149780273438,1.0,1.0,1.0,2000
277,0.5377450585365295,0.252572238445282,0.08578923344612122,0.19938358664512634,1.0,1.0,1.0,2000
278,0.5372470021247864,0.2533133029937744,0.08564809709787369,0.19828562438488007,1.0,1.0,1.0,2000
279,0.5367358326911926,0.2542758285999298,0.08555958420038223,0.19690042734146118,1.0,1.0,1.0,2000
280,0.5362270474433899,0.25464925169944763,0.08551019430160522,0.19606760144233704,1.0,1.0,1.0,2000
281,0.5357052087783813,0.2561931908130646,0.08522392064332962,0.19428813457489014,1.0,1.0,1.0,2000
282,0.5351797342300415,0.25655028223991394,0.08507861196994781,0.19355085492134094,1.0,1.0,1.0,2000
283,0.5346338152885437,0.25797128677368164,0.08490823209285736,0.1917542815208435,1.0,1.0,1.0,2000
284,0.5340741872787476,0.25805237889289856,0.08493673801422119,0.1910850703716278,1.0,1.0,1.0,2000
285,0.5334927439689636,0.25943079590797424,0.0847512036561966,0.18931074440479279,1.0,1.0,1.0,2000
286,0.5328971147537231,0.2596239745616913,0.08466025441884995,0.18861284852027893,1.0,1.0,1.0,2000
287,0.5322848558425903,0.2611507177352905,0.08444835245609283,0.18668583035469055,1.0,1.0,1.0,2000
288,0.5316616296768188,0.2611425518989563,0.0844506248831749,0.18606841564178467,1.0,1.0,1.0,2000
289,0.5310249924659729,0.26311609148979187,0.08417221903800964,0.18373669683933258,1.0,1.0,1.0,2000
290,0.5303831100463867,0.26255422830581665,0.08415102958679199,0.18367785215377808,1.0,1.0,1.0,2000
291,0.529743492603302,0.2656613886356354,0.08371356874704361,0.1803685426712036,1.0,1.0,1.0,2000
292,0.5291813015937805,0.2632223963737488,0.08400365710258484,0.1819552481174469,1.0,1.0,1.0,2000
293,0.5288134813308716,0.26989981532096863,0.08318419009447098,0.17572945356369019,1.0,1.0,1.0,2000
294,0.529453694820404,0.26275336742401123,0.08410226553678513,0.1825980544090271,1.0,1.0,1.0,2000
295,0.5317266583442688,0.28196093440055847,0.0819723829627037,0.16779331862926483,1.0,1.0,1.0,2000
296,0.5445461869239807,0.26699700951576233,0.08529496937990189,0.1922542154788971,1.0,1.0,1.0,2000
297,0.540585458278656,0.3007757365703583,0.08050709217786789,0.15930262207984924,1.0,1.0,1.0,2000
298,0.5534801483154297,0.27417075634002686,0.0852803960442543,0.19402900338172913,1.0,1.0,1.0,2000
299,0.5247718095779419,0.2788059115409851,0.0810280367732048,0.1649378538131714,1.0,1.0,1.0,2000
300,0.5375714302062988,0.3021119236946106,0.07985267788171768,0.15560683608055115,1.0,1.0,1.0,2000
301,0.5843266248703003,0.29218223690986633,0.08732588589191437,0.2048184871673584,1.0,1.0,1.0,2000
302,0.5254729986190796,0.27084052562713623,0.08244708925485611,0.17218536138534546,1.0,1.0,1.0,2000
303,0.682814359664917,0.4731368124485016,0.07603597640991211,0.1336415708065033,1.0,1.0,1.0,2000
304,0.7606196403503418,0.3880326449871063,0.09687256813049316,0.2757144570350647,1.0,1.0,1.0,2000
305,0.9266040325164795,0.4675195515155792,0.10071589797735214,0.3583686053752899,1.0,1.0,1.0,2000
306,0.8360410332679749,0.4497707486152649,0.08526565879583359,0.30100464820861816,1.0,1.0,1.0,2000
307,0.7861106395721436,0.5090968608856201,0.07322246581315994,0.20379133522510529,1.0,1.0,1.0,2000
308,0.6582274436950684,0.46010854840278625,0.06963242590427399,0.12848645448684692,1.0,1.0,1.0,2000
309,1.107667088508606,0.9393913149833679,0.06890863925218582,0.09936709702014923,1.0,1.0,1.0,2000
310,0.692028284072876,0.37713268399238586,0.08832716941833496,0.22656841576099396,1.0,1.0,1.0,2000
311,1.0365790128707886,0.48709502816200256,0.12113983929157257,0.42834413051605225,1.0,1.0,1.0,2000
312,1.2981168031692505,0.6274643540382385,0.1319531798362732,0.5386992692947388,1.0,1.0,1.0,2000
313,1.0321018695831299,0.459412544965744,0.1121421530842781,0.4605470895767212,1.0,1.0,1.0,2000
314,0.8571789264678955,0.4489041268825531,0.0890728235244751,0.3192019462585449,1.0,1.0,1.0,2000
315,0.91401606798172,0.619182288646698,0.07811608910560608,0.2167176604270935,1.0,1.0,1.0,2000
316,0.9050370454788208,0.6765896081924438,0.07570076733827591,0.15274666249752045,1.0,1.0,1.0,2000
317,0.7390871047973633,0.554270327091217,0.07585909962654114,0.10895762592554092,1.0,1.0,1.0,2000
318,0.9984994530677795,0.8300310373306274,0.07509569823741913,0.09337271749973297,1.0,1.0,1.0,2000
319,0.6315629482269287,0.4317907691001892,0.07671377062797546,0.12305843085050583,1.0,1.0,1.0,2000
320,0.6876070499420166,0.4249931573867798,0.08665351569652557,0.17596033215522766,1.0,1.0,1.0,2000
321,0.7479234337806702,0.4281289875507355,0.10016500949859619,0.2196294665336609,1.0,1.0,1.0,2000
322,0.7619661688804626,0.4087827801704407,0.11354438960552216,0.23963898420333862,1.0,1.0,1.0,2000
323,0.7344375848770142,0.37573006749153137,0.12376126646995544,0.23494625091552734,1.0,1.0,1.0,2000
324,0.6659402847290039,0.3290072977542877,0.12675818800926208,0.2101747989654541,1.0,1.0,1.0,2000
325,0.6530247330665588,0.35517752170562744,0.12022195756435394,0.17762523889541626,1.0,1.0,1.0,2000
326,0.7317767143249512,0.4604518711566925,0.1104181706905365,0.16090667247772217,1.0,1.0,1.0,2000
327,0.5896607637405396,0.3117993175983429,0.10575748980045319,0.17210397124290466,1.0,1.0,1.0,2000
328,0.5886286497116089,0.29569387435913086,0.10105666518211365,0.19187813997268677,1.0,1.0,1.0,2000
329,0.622639000415802,0.324585884809494,0.0950523167848587,0.20300078392028809,1.0,1.0,1.0,2000
330,0.6302875280380249,0.34088844060897827,0.089161217212677,0.20023787021636963,1.0,1.0,1.0,2000
331,0.6075553894042969,0.33788836002349854,0.08437123149633408,0.18529576063156128,1.0,1.0,1.0,2000
332,0.5700168609619141,0.32536980509757996,0.08104100078344345,0.16360604763031006,1.0,1.0,1.0,2000
333,0.5738035440444946,0.34926217794418335,0.07963988184928894,0.14490148425102234,1.0,1.0,1.0,2000
334,0.5968123078346252,0.37428778409957886,0.0810660570859909,0.1414584368467331,1.0,1.0,1.0,2000
335,0.5470356345176697,0.30405092239379883,0.08497936278581619,0.15800535678863525,1.0,1.0,1.0,2000
336,0.5376784205436707,0.26407572627067566,0.08944450318813324,0.18415820598602295,1.0,1.0,1.0,2000
337,0.5563966035842896,0.257956326007843,0.0929933413863182,0.20544689893722534,1.0,1.0,1.0,2000
338,0.5604654550552368,0.25324252247810364,0.09474349766969681,0.21247941255569458,1.0,1.0,1.0,2000
339,0.5417578816413879,0.2438509613275528,0.09431739896535873,0.203589528799057,1.0,1.0,1.0,2000
340,0.5324624180793762,0.25436440110206604,0.09226972609758377,0.185828298330307,1.0,1.0,1.0,2000
341,0.5563068985939026,0.29311153292655945,0.09033341705799103,0.1728619486093521,1.0,1.0,1.0,2000
342,0.5422208905220032,0.277409166097641,0.08995752781629562,0.17485418915748596,1.0,1.0,1.0,2000
343,0.5258445739746094,0.24902501702308655,0.09010583907365799,0.18671375513076782,1.0,1.0,1.0,2000
344,0.5361915826797485,0.2513827681541443,0.0891617089509964,0.19564715027809143,1.0,1.0,1.0,2000
345,0.5395905375480652,0.25919049978256226,0.08673697710037231,0.19366306066513062,1.0,1.0,1.0,2000
346,0.529151201248169,0.264570415019989,0.08342727273702621,0.1811535358428955,1.0,1.0,1.0,2000
347,0.5246164798736572,0.27959170937538147,0.08024447411298752,0.16478028893470764,1.0,1.0,1.0,2000
348,0.5359926223754883,0.304289847612381,0.0782245323061943,0.15347826480865479,1.0,1.0,1.0,2000
349,0.5337808728218079,0.3028842806816101,0.07799233496189117,0.15290425717830658,1.0,1.0,1.0,2000
350,0.524142861366272,0.2839866876602173,0.07923237234354019,0.1609237790107727,1.0,1.0,1.0,2000
351,0.5269045829772949,0.27585169672966003,0.08097568154335022,0.17007721960544586,1.0,1.0,1.0,2000
352,0.5292092561721802,0.27310076355934143,0.08232288807630539,0.17378562688827515,1.0,1.0,1.0,2000
353,0.5232517123222351,0.2703060209751129,0.08283071964979172,0.17011494934558868,1.0,1.0,1.0,2000
354,0.5188907384872437,0.2740705609321594,0.08266326785087585,0.16215690970420837,1.0,1.0,1.0,2000
355,0.5236285924911499,0.2852941155433655,0.08252324908971786,0.15581125020980835,1.0,1.0,1.0,2000
356,0.5230264663696289,0.28452757000923157,0.08309051394462585,0.15540841221809387,1.0,1.0,1.0,2000
357,0.5179082155227661,0.27387917041778564,0.08415590971708298,0.1598731130361557,1.0,1.0,1.0,2000
358,0.5192140936851501,0.2704247832298279,0.08479222655296326,0.163997083902359,1.0,1.0,1.0,2000
359,0.5199614763259888,0.27234452962875366,0.08433438092470169,0.163282573223114,1.0,1.0,1.0,2000
360,0.5159626007080078,0.2760058343410492,0.08282984793186188,0.15712693333625793,1.0,1.0,1.0,2000
361,0.5136836767196655,0.28412923216819763,0.08090188354253769,0.14865253865718842,1.0,1.0,1.0,2000
362,0.5154756307601929,0.29390010237693787,0.07935569435358047,0.14221981167793274,1.0,1.0,1.0,2000
363,0.5142070055007935,0.29526829719543457,0.07866859436035156,0.1402701437473297,1.0,1.0,1.0,2000
364,0.5118930339813232,0.2914518713951111,0.07868359237909317,0.14175760746002197,1.0,1.0,1.0,2000
365,0.5126857757568359,0.29028111696243286,0.07889074087142944,0.14351391792297363,1.0,1.0,1.0,2000
366,0.5126715898513794,0.29082489013671875,0.07889595627784729,0.14295075833797455,1.0,1.0,1.0,2000
367,0.5103007555007935,0.291909784078598,0.07862576097249985,0.13976521790027618,1.0,1.0,1.0,2000
368,0.5091642141342163,0.2950339615345001,0.07831466943025589,0.1358155906200409,1.0,1.0,1.0,2000
369,0.5095086693763733,0.2976090610027313,0.07833778858184814,0.13356180489063263,1.0,1.0,1.0,2000
370,0.5079846978187561,0.2950102984905243,0.0788753479719162,0.1340990662574768,1.0,1.0,1.0,2000
371,0.5066039562225342,0.29064974188804626,0.07966508716344833,0.13628911972045898,1.0,1.0,1.0,2000
372,0.5067782402038574,0.28879937529563904,0.0802004411816597,0.13777843117713928,1.0,1.0,1.0,2000
373,0.506039023399353,0.2889731526374817,0.08014127612113953,0.13692457973957062,1.0,1.0,1.0,2000
374,0.5044020414352417,0.29091840982437134,0.07952971011400223,0.13395391404628754,1.0,1.0,1.0,2000
375,0.5038037300109863,0.2945057153701782,0.07872413098812103,0.13057389855384827,1.0,1.0,1.0,2000
376,0.5031378269195557,0.2965368628501892,0.07811037451028824,0.12849061191082,1.0,1.0,1.0,2000
377,0.5014971494674683,0.29567912220954895,0.07777246087789536,0.12804555892944336,1.0,1.0,1.0,2000
378,0.5005823969841003,0.2950068414211273,0.07746484875679016,0.12811070680618286,1.0,1.0,1.0,2000
379,0.49996304512023926,0.2957984209060669,0.07691730558872223,0.12724734842777252,1.0,1.0,1.0,2000
380,0.49858105182647705,0.2974947392940521,0.07609699666500092,0.1249893307685852,1.0,1.0,1.0,2000
381,0.4974055588245392,0.300026535987854,0.07522799074649811,0.12215103954076767,1.0,1.0,1.0,2000
382,0.49665749073028564,0.30201080441474915,0.07461649179458618,0.12003020942211151,1.0,1.0,1.0,2000
383,0.4952854514122009,0.3016209304332733,0.07439964264631271,0.1192648857831955,1.0,1.0,1.0,2000
384,0.4939383268356323,0.30018115043640137,0.07442322373390198,0.11933396011590958,1.0,1.0,1.0,2000
385,0.49296027421951294,0.29946666955947876,0.07439015805721283,0.11910343170166016,1.0,1.0,1.0,2000
386,0.49156132340431213,0.29956716299057007,0.07411768287420273,0.11787646263837814,1.0,1.0,1.0,2000
387,0.49009931087493896,0.30048444867134094,0.0736614316701889,0.1159534603357315,1.0,1.0,1.0,2000
388,0.4889654517173767,0.3015184700489044,0.07323148846626282,0.11421547830104828,1.0,1.0,1.0,2000
389,0.4875065088272095,0.3013390600681305,0.07297021150588989,0.11319722980260849,1.0,1.0,1.0,2000
390,0.4859791398048401,0.3006085157394409,0.07279522716999054,0.11257541179656982,1.0,1.0,1.0,2000
391,0.48465272784233093,0.3006232976913452,0.07248759269714355,0.11154183745384216,1.0,1.0,1.0,2000
392,0.48302149772644043,0.30145981907844543,0.07191755622625351,0.10964411497116089,1.0,1.0,1.0,2000
393,0.4813297688961029,0.30294159054756165,0.07116420567035675,0.10722396522760391,1.0,1.0,1.0,2000
394,0.4797683358192444,0.3043196499347687,0.07043059915304184,0.10501806437969208,1.0,1.0,1.0,2000
395,0.47795385122299194,0.30472302436828613,0.06984000653028488,0.10339079797267914,1.0,1.0,1.0,2000
396,0.47616350650787354,0.30480867624282837,0.06932701170444489,0.10202783346176147,1.0,1.0,1.0,2000
397,0.47439539432525635,0.3052845299243927,0.06874796003103256,0.10036291182041168,1.0,1.0,1.0,2000
398,0.4723852872848511,0.30609291791915894,0.0680607259273529,0.09823163598775864,1.0,1.0,1.0,2000
399,0.47041425108909607,0.30701982975006104,0.06737013161182404,0.09602430462837219,1.0,1.0,1.0,2000
400,0.46836596727371216,0.30736249685287476,0.06680472195148468,0.09419877082109451,1.0,1.0,1.0,2000
401,0.4661620557308197,0.30703219771385193,0.06636226922273636,0.09276759624481201,1.0,1.0,1.0,2000
402,0.46400317549705505,0.3067520260810852,0.0659133791923523,0.09133776277303696,1.0,1.0,1.0,2000
403,0.46167218685150146,0.30670517683029175,0.0653589591383934,0.08960804343223572,1.0,1.0,1.0,2000
404,0.45927268266677856,0.3068268299102783,0.06473849713802338,0.08770734816789627,1.0,1.0,1.0,2000
405,0.456838995218277,0.3067169487476349,0.06416354328393936,0.08595851063728333,1.0,1.0,1.0,2000
406,0.45424261689186096,0.30614954233169556,0.06366284191608429,0.0844302549958229,1.0,1.0,1.0,2000
407,0.4516332745552063,0.3056160509586334,0.06314270198345184,0.08287454396486282,1.0,1.0,1.0,2000
408,0.44886231422424316,0.3052578866481781,0.06251751631498337,0.0810869112610817,1.0,1.0,1.0,2000
409,0.44599449634552,0.3049817681312561,0.06182299554347992,0.0791897103190422,1.0,1.0,1.0,2000
410,0.443038672208786,0.3044438064098358,0.06115923449397087,0.07743563503026962,1.0,1.0,1.0,2000
411,0.4399332106113434,0.30353662371635437,0.060547709465026855,0.07584887742996216,1.0,1.0,1.0,2000
412,0.43675631284713745,0.30261290073394775,0.05991484224796295,0.07422859966754913,1.0,1.0,1.0,2000
413,0.4333888292312622,0.3016952574253082,0.059221506118774414,0.07247205823659897,1.0,1.0,1.0,2000
414,0.4299243688583374,0.30067431926727295,0.058528054505586624,0.07072196900844574,1.0,1.0,1.0,2000
415,0.4262860417366028,0.2992715537548065,0.05789729952812195,0.06911720335483551,1.0,1.0,1.0,2000
416,0.4225192070007324,0.2976410388946533,0.05729568004608154,0.06758250296115875,1.0,1.0,1.0,2000
417,0.4185638427734375,0.2959275543689728,0.056658774614334106,0.06597752869129181,1.0,1.0,1.0,2000
418,0.41442999243736267,0.294094055891037,0.05600230395793915,0.06433364003896713,1.0,1.0,1.0,2000
419,0.4101049602031708,0.2919589579105377,0.055385518819093704,0.06276046484708786,1.0,1.0,1.0,2000
420,0.4055776596069336,0.2895593047142029,0.05479884892702103,0.061219505965709686,1.0,1.0,1.0,2000
421,0.40081578493118286,0.2870411276817322,0.054185472428798676,0.05958917737007141,1.0,1.0,1.0,2000
422,0.3957998752593994,0.2843649685382843,0.05354961007833481,0.057885296642780304,1.0,1.0,1.0,2000
423,0.3905144929885864,0.2813705801963806,0.05293842405080795,0.05620547756552696,1.0,1.0,1.0,2000
424,0.38494667410850525,0.2780795991420746,0.05234043672680855,0.054526615887880325,1.0,1.0,1.0,2000
425,0.3790343701839447,0.2745458483695984,0.05171537399291992,0.05277314782142639,1.0,1.0,1.0,2000
426,0.37277910113334656,0.27070629596710205,0.05108628422021866,0.05098652467131615,1.0,1.0,1.0,2000
427,0.3661298155784607,0.26642316579818726,0.050488244742155075,0.04921842738986015,1.0,1.0,1.0,2000
428,0.35907408595085144,0.2617570161819458,0.04989669844508171,0.04742038995027542,1.0,1.0,1.0,2000
429,0.35154178738594055,0.25665363669395447,0.04930439963936806,0.04558376222848892,1.0,1.0,1.0,2000
430,0.3435226380825043,0.25100478529930115,0.048749104142189026,0.04376872256398201,1.0,1.0,1.0,2000
431,0.33498674631118774,0.2447941154241562,0.04822789877653122,0.041964735835790634,1.0,1.0,1.0,2000
432,0.32586097717285156,0.2379777878522873,0.047730039805173874,0.0401531457901001,1.0,1.0,1.0,2000
433,0.3161456286907196,0.23049171268939972,0.04728788882493973,0.038366012275218964,1.0,1.0,1.0,2000
434,0.3058161437511444,0.22231633961200714,0.046905308961868286,0.03659448400139809,1.0,1.0,1.0,2000
435,0.29482728242874146,0.2134040892124176,0.04658463969826698,0.034838542342185974,1.0,1.0,1.0,2000
436,0.2832050919532776,0.2037404477596283,0.046352747827768326,0.03311188519001007,1.0,1.0,1.0,2000
437,0.27095314860343933,0.19331574440002441,0.04621535539627075,0.03142205998301506,1.0,1.0,1.0,2000
438,0.25813302397727966,0.18216384947299957,0.04619329050183296,0.029775874689221382,1.0,1.0,1.0,2000
439,0.24483108520507812,0.17035293579101562,0.04630324989557266,0.028174899518489838,1.0,1.0,1.0,2000
440,0.2311623990535736,0.15794335305690765,0.04657324403524399,0.026645801961421967,1.0,1.0,1.0,2000
441,0.2173740267753601,0.1452271044254303,0.0469977930188179,0.025149144232273102,1.0,1.0,1.0,2000
442,0.203862264752388,0.13238216936588287,0.04766680672764778,0.023813292384147644,1.0,1.0,1.0,2000
443,0.192901149392128,0.12214616686105728,0.0483672097325325,0.02238776907324791,1.0,1.0,1.0,2000
444,0.20113268494606018,0.12949921190738678,0.049819815903902054,0.021813657134771347,1.0,1.0,1.0,2000
445,0.36200278997421265,0.2903192341327667,0.04944726824760437,0.022236282005906105,1.0,1.0,1.0,2000
446,0.615620493888855,0.5376376509666443,0.05365830287337303,0.02432454377412796,1.0,1.0,1.0,2000
447,1.0344196557998657,0.94780033826828,0.04869391769170761,0.03792542591691017,1.0,1.0,1.0,2000
448,1.0407989025115967,0.950663149356842,0.04872363805770874,0.0414121188223362,1.0,1.0,1.0,2000
449,0.1634107381105423,0.09042988717556,0.050281815230846405,0.022699041292071342,1.0,1.0,1.0,2000
450,1.5843538045883179,1.5009129047393799,0.051875319331884384,0.0315655879676342,1.0,1.0,1.0,2000
451,0.9762659668922424,0.8727747797966003,0.048747170716524124,0.054744020104408264,1.0,1.0,1.0,2000
452,1.8990600109100342,1.727020502090454,0.0532282330095768,0.1188112422823906,1.0,1.0,1.0,2000
453,2.041579246520996,1.8103281259536743,0.06025378033518791,0.1709975004196167,1.0,1.0,1.0,2000
454,1.9689899682998657,1.6821247339248657,0.07015936076641083,0.21670587360858917,1.0,1.0,1.0,2000
455,1.8466169834136963,1.4985829591751099,0.08287709206342697,0.265157014131546,1.0,1.0,1.0,2000
456,1.728830099105835,1.310887336730957,0.09660506248474121,0.32133764028549194,1.0,1.0,1.0,2000
457,1.637293815612793,1.144497036933899,0.10779701173305511,0.38499975204467773,1.0,1.0,1.0,2000
458,1.574246883392334,1.0118046998977661,0.11251723766326904,0.44992488622665405,1.0,1.0,1.0,2000
459,1.525983214378357,0.9127259850502014,0.10871369391679764,0.5045435428619385,1.0,1.0,1.0,2000
460,1.4718883037567139,0.8379445672035217,0.0977867916226387,0.5361570119857788,1.0,1.0,1.0,2000
461,1.406052589416504,0.7837526202201843,0.08404938131570816,0.5382506251335144,1.0,1.0,1.0,2000
462,1.3516958951950073,0.7638178467750549,0.07235565781593323,0.5155223608016968,1.0,1.0,1.0,2000
463,1.3375837802886963,0.7904037237167358,0.06556614488363266,0.48161399364471436,1.0,1.0,1.0,2000
464,1.3596735000610352,0.8445770740509033,0.06353543698787689,0.45156097412109375,1.0,1.0,1.0,2000
465,1.3825926780700684,0.8828554153442383,0.06417720019817352,0.43556010723114014,1.0,1.0,1.0,2000
466,1.3751556873321533,0.8722493052482605,0.06545577943325043,0.4374505281448364,1.0,1.0,1.0,2000
467,1.3333964347839355,0.8110128045082092,0.06655264645814896,0.45583105087280273,1.0,1.0,1.0,2000
468,1.2761211395263672,0.7233406901359558,0.06772755831480026,0.4850528836250305,1.0,1.0,1.0,2000
469,1.2250428199768066,0.6393861770629883,0.06957945972681046,0.5160771608352661,1.0,1.0,1.0,2000
470,1.1866093873977661,0.5754960775375366,0.07238975167274475,0.5387235879898071,1.0,1.0,1.0,2000
471,1.1521350145339966,0.5306086540222168,0.07586409896612167,0.5456622838973999,1.0,1.0,1.0,2000
472,1.11543869972229,0.5000240206718445,0.07942679524421692,0.5359877943992615,1.0,1.0,1.0,2000
473,1.083229660987854,0.4851190745830536,0.0827571377158165,0.5153534412384033,1.0,1.0,1.0,2000
474,1.064788818359375,0.4865238070487976,0.08591079711914062,0.49235427379608154,1.0,1.0,1.0,2000
475,1.0592573881149292,0.49601706862449646,0.0889793336391449,0.47426101565361023,1.0,1.0,1.0,2000
476,1.0573186874389648,0.5003520250320435,0.09186921268701553,0.46509748697280884,1.0,1.0,1.0,2000
477,1.0506923198699951,0.4901563227176666,0.09444859623908997,0.46608737111091614,1.0,1.0,1.0,2000
478,1.0377777814865112,0.4644220173358917,0.09673019498586655,0.47662559151649475,1.0,1.0,1.0,2000
479,1.022559404373169,0.4292289912700653,0.09878931939601898,0.49454110860824585,1.0,1.0,1.0,2000
480,1.0093169212341309,0.39286336302757263,0.10053148865699768,0.5159220695495605,1.0,1.0,1.0,2000
481,0.9980571269989014,0.3608414828777313,0.10163050889968872,0.5355851054191589,1.0,1.0,1.0,2000
482,0.9855811595916748,0.3350920081138611,0.10174260288476944,0.5487465858459473,1.0,1.0,1.0,2000
483,0.9707169532775879,0.3168976306915283,0.10075986385345459,0.553059458732605,1.0,1.0,1.0,2000
484,0.9564210772514343,0.3079892694950104,0.09886743128299713,0.5495643615722656,1.0,1.0,1.0,2000
485,0.946308970451355,0.30783796310424805,0.09645282477140427,0.5420181751251221,1.0,1.0,1.0,2000
486,0.94086092710495,0.31164857745170593,0.09400459378957748,0.5352077484130859,1.0,1.0,1.0,2000
487,0.9376637935638428,0.31251654028892517,0.09200766682624817,0.5331395864486694,1.0,1.0,1.0,2000
488,0.9344252347946167,0.3058978319168091,0.09081719815731049,0.5377101898193359,1.0,1.0,1.0,2000
489,0.9310032725334167,0.2922912538051605,0.09056344628334045,0.5481485724449158,1.0,1.0,1.0,2000
490,0.9284695386886597,0.2759946882724762,0.09113406389951706,0.5613407492637634,1.0,1.0,1.0,2000
491,0.9268476963043213,0.2615981101989746,0.09222591668367386,0.5730236768722534,1.0,1.0,1.0,2000
492,0.9247039556503296,0.2517189383506775,0.09344524890184402,0.5795397758483887,1.0,1.0,1.0,2000
493,0.9210168123245239,0.24716341495513916,0.09444688260555267,0.5794064998626709,1.0,1.0,1.0,2000
494,0.9164964556694031,0.2475505769252777,0.09507736563682556,0.5738685131072998,1.0,1.0,1.0,2000
495,0.9125531315803528,0.2509794533252716,0.09544125944375992,0.5661324262619019,1.0,1.0,1.0,2000
496,0.9096033573150635,0.2539837956428528,0.09583224356174469,0.5597873330116272,1.0,1.0,1.0,2000
497,0.9070227742195129,0.2531432807445526,0.09656772762537003,0.5573117733001709,1.0,1.0,1.0,2000
498,0.9043906927108765,0.24725763499736786,0.0978279858827591,0.5593050718307495,1.0,1.0,1.0,2000
499,0.9021067023277283,0.2379893809556961,0.09957042336463928,0.5645468831062317,1.0,1.0,1.0,2000
500,0.900733232498169,0.22853408753871918,0.10153376311063766,0.5706654191017151,1.0,1.0,1.0,2000
501,0.9001386165618896,0.22169014811515808,0.10332358628511429,0.5751249194145203,1.0,1.0,1.0,2000
502,0.8995897173881531,0.21880614757537842,0.10456126928329468,0.57622230052948,1.0,1.0,1.0,2000
503,0.8985971808433533,0.21983158588409424,0.10504420101642609,0.5737214088439941,1.0,1.0,1.0,2000
504,0.8973463773727417,0.22367824614048004,0.10483033210039139,0.5688377618789673,1.0,1.0,1.0,2000
505,0.8962153196334839,0.22842815518379211,0.10419079661369324,0.5635963678359985,1.0,1.0,1.0,2000
506,0.8951793909072876,0.23178738355636597,0.10346446186304092,0.5599275827407837,1.0,1.0,1.0,2000
507,0.8939189910888672,0.2320641726255417,0.10290917754173279,0.5589456558227539,1.0,1.0,1.0,2000
508,0.8923574090003967,0.2290850579738617,0.10262094438076019,0.560651421546936,1.0,1.0,1.0,2000
509,0.890823483467102,0.22424013912677765,0.10253142565488815,0.5640519261360168,1.0,1.0,1.0,2000
510,0.889647364616394,0.21959534287452698,0.10246258974075317,0.5675894618034363,1.0,1.0,1.0,2000
511,0.8887797594070435,0.21681168675422668,0.10221870988607407,0.5697493553161621,1.0,1.0,1.0,2000
512,0.8879488110542297,0.21661022305488586,0.10168661177158356,0.5696519613265991,1.0,1.0,1.0,2000
513,0.8870739936828613,0.21879854798316956,0.10089803487062454,0.5673774480819702,1.0,1.0,1.0,2000
514,0.8863153457641602,0.2224450409412384,0.10001575946807861,0.5638545155525208,1.0,1.0,1.0,2000
515,0.8857520222663879,0.22610948979854584,0.09925445169210434,0.5603880882263184,1.0,1.0,1.0,2000
516,0.8852262496948242,0.22834980487823486,0.0987878143787384,0.5580886602401733,1.0,1.0,1.0,2000
517,0.8845555186271667,0.2284022867679596,0.09868816286325455,0.5574650764465332,1.0,1.0,1.0,2000
518,0.8837566375732422,0.2265429049730301,0.09891267865896225,0.5583010315895081,1.0,1.0,1.0,2000
519,0.882972240447998,0.22383372485637665,0.0993294045329094,0.559809148311615,1.0,1.0,1.0,2000
520,0.8822566270828247,0.22149725258350372,0.09977251291275024,0.5609868764877319,1.0,1.0,1.0,2000
521,0.881537675857544,0.22038881480693817,0.10010921955108643,0.5610396265983582,1.0,1.0,1.0,2000
522,0.8807690143585205,0.2207842916250229,0.10028945654630661,0.5596952438354492,1.0,1.0,1.0,2000
523,0.8800134658813477,0.22238776087760925,0.10035304725170135,0.5572726726531982,1.0,1.0,1.0,2000
524,0.8793486952781677,0.22446487843990326,0.10039326548576355,0.5544905662536621,1.0,1.0,1.0,2000
525,0.8787648677825928,0.22612568736076355,0.10050202161073685,0.5521371364593506,1.0,1.0,1.0,2000
526,0.8781949281692505,0.2267131358385086,0.10072469711303711,0.550757110118866,1.0,1.0,1.0,2000
527,0.8776061534881592,0.22609227895736694,0.10104164481163025,0.5504721999168396,1.0,1.0,1.0,2000
528,0.8770199418067932,0.22466057538986206,0.10137878358364105,0.5509805679321289,1.0,1.0,1.0,2000
529,0.8764557242393494,0.2231009155511856,0.10164110362529755,0.5517137050628662,1.0,1.0,1.0,2000
530,0.8758941888809204,0.2220565378665924,0.10175395011901855,0.5520837306976318,1.0,1.0,1.0,2000
531,0.8753052949905396,0.2218918800354004,0.10169342905282974,0.5517199635505676,1.0,1.0,1.0,2000
532,0.8746892213821411,0.22259923815727234,0.10149206966161728,0.5505979061126709,1.0,1.0,1.0,2000
533,0.8740732669830322,0.2238396257162094,0.10121969878673553,0.5490139722824097,1.0,1.0,1.0,2000
534,0.8734776973724365,0.22509336471557617,0.10095199942588806,0.5474323034286499,1.0,1.0,1.0,2000
535,0.8728981614112854,0.22587601840496063,0.10074234008789062,0.546279788017273,1.0,1.0,1.0,2000
536,0.8723223805427551,0.22593849897384644,0.10060793161392212,0.5457759499549866,1.0,1.0,1.0,2000
537,0.87175053358078,0.22535625100135803,0.10053279995918274,0.5458614826202393,1.0,1.0,1.0,2000
538,0.8711930513381958,0.2244664877653122,0.10048364847898483,0.5462429523468018,1.0,1.0,1.0,2000
539,0.8706530332565308,0.22369493544101715,0.10042950510978699,0.5465285778045654,1.0,1.0,1.0,2000
540,0.8701184988021851,0.2233697921037674,0.10035617649555206,0.5463925004005432,1.0,1.0,1.0,2000
541,0.8695756793022156,0.22360435128211975,0.10027053952217102,0.5457007884979248,1.0,1.0,1.0,2000
542,0.869024395942688,0.224281445145607,0.1001945286989212,0.5445483922958374,1.0,1.0,1.0,2000
543,0.8684728741645813,0.22512145340442657,0.10015366971492767,0.543197751045227,1.0,1.0,1.0,2000
544,0.867924690246582,0.22580347955226898,0.1001657173037529,0.5419554710388184,1.0,1.0,1.0,2000
545,0.8673743605613708,0.2260984182357788,0.10023421794176102,0.5410417318344116,1.0,1.0,1.0,2000
546,0.8668186664581299,0.22596029937267303,0.10034836828708649,0.5405099987983704,1.0,1.0,1.0,2000
547,0.8662631511688232,0.22553282976150513,0.10048767924308777,0.5402426719665527,1.0,1.0,1.0,2000
548,0.8657150864601135,0.2250700742006302,0.1006288230419159,0.5400161743164062,1.0,1.0,1.0,2000
549,0.8651732206344604,0.22481749951839447,0.10075181722640991,0.5396038889884949,1.0,1.0,1.0,2000
550,0.8646313548088074,0.22491660714149475,0.10084407031536102,0.5388706922531128,1.0,1.0,1.0,2000
551,0.8640870451927185,0.2253633737564087,0.10090188682079315,0.5378217697143555,1.0,1.0,1.0,2000
552,0.8635431528091431,0.22602525353431702,0.10092934221029282,0.5365885496139526,1.0,1.0,1.0,2000
553,0.8630009889602661,0.22670358419418335,0.10093553364276886,0.5353618860244751,1.0,1.0,1.0,2000
554,0.8624576330184937,0.22721807658672333,0.10093085467815399,0.534308671951294,1.0,1.0,1.0,2000
555,0.8619099855422974,0.2274804711341858,0.10092359036207199,0.533505916595459,1.0,1.0,1.0,2000
556,0.8613587617874146,0.22752290964126587,0.10091719776391983,0.5329186320304871,1.0,1.0,1.0,2000
557,0.8608068227767944,0.22747212648391724,0.10090947151184082,0.5324252247810364,1.0,1.0,1.0,2000
558,0.8602548837661743,0.22748568654060364,0.10089395940303802,0.5318752527236938,1.0,1.0,1.0,2000
559,0.8597016334533691,0.22768443822860718,0.10086338222026825,0.5311537981033325,1.0,1.0,1.0,2000
560,0.8591463565826416,0.22810785472393036,0.10081392526626587,0.5302245616912842,1.0,1.0,1.0,2000
561,0.8585897088050842,0.22870580852031708,0.1007482036948204,0.5291357040405273,1.0,1.0,1.0,2000
562,0.8580326437950134,0.22936595976352692,0.10067598521709442,0.5279906988143921,1.0,1.0,1.0,2000
563,0.8574745655059814,0.22996430099010468,0.1006113588809967,0.5268989205360413,1.0,1.0,1.0,2000
564,0.8569140434265137,0.23041696846485138,0.10056762397289276,0.5259294509887695,1.0,1.0,1.0,2000
565,0.856350302696228,0.23071140050888062,0.1005522608757019,0.5250866413116455,1.0,1.0,1.0,2000
566,0.8557835817337036,0.23090460896492004,0.10056402534246445,0.5243149399757385,1.0,1.0,1.0,2000
567,0.85521399974823,0.23109225928783417,0.10059366375207901,0.5235280990600586,1.0,1.0,1.0,2000
568,0.8546414375305176,0.2313658893108368,0.10062803328037262,0.522647500038147,1.0,1.0,1.0,2000
569,0.8540650606155396,0.23177550733089447,0.10065582394599915,0.5216337442398071,1.0,1.0,1.0,2000
570,0.8534849286079407,0.2323140799999237,0.10067208856344223,0.5204987525939941,1.0,1.0,1.0,2000
571,0.8529012799263,0.232926145195961,0.10067956894636154,0.5192955732345581,1.0,1.0,1.0,2000
572,0.8523144125938416,0.23353533446788788,0.10068616271018982,0.518092930316925,1.0,1.0,1.0,2000
573,0.8517240285873413,0.23407837748527527,0.10070014744997025,0.516945481300354,1.0,1.0,1.0,2000
574,0.8511292934417725,0.23452970385551453,0.10072540491819382,0.5158741474151611,1.0,1.0,1.0,2000
575,0.8505299091339111,0.2349090725183487,0.10075917840003967,0.5148616433143616,1.0,1.0,1.0,2000
576,0.8499261140823364,0.2352692037820816,0.10079319775104523,0.5138636827468872,1.0,1.0,1.0,2000
577,0.849317193031311,0.235670268535614,0.10081753879785538,0.5128293633460999,1.0,1.0,1.0,2000
578,0.8487025499343872,0.23615477979183197,0.10082515329122543,0.5117226243019104,1.0,1.0,1.0,2000
579,0.8480818867683411,0.23673224449157715,0.10081494599580765,0.5105347037315369,1.0,1.0,1.0,2000
580,0.847454845905304,0.23737896978855133,0.1007918119430542,0.5092840790748596,1.0,1.0,1.0,2000
581,0.8468213677406311,0.23805111646652222,0.10076408833265305,0.5080061554908752,1.0,1.0,1.0,2000
582,0.8461809158325195,0.2387046217918396,0.10073978453874588,0.5067365169525146,1.0,1.0,1.0,2000
583,0.8455328941345215,0.23931390047073364,0.10072322934865952,0.5054957866668701,1.0,1.0,1.0,2000
584,0.8448768854141235,0.23988021910190582,0.10071432590484619,0.5042823553085327,1.0,1.0,1.0,2000
585,0.8442123532295227,0.24042914807796478,0.10070940107107162,0.5030738115310669,1.0,1.0,1.0,2000
586,0.843538761138916,0.24099774658679962,0.10070391744375229,0.5018371343612671,1.0,1.0,1.0,2000
587,0.8428550958633423,0.24161866307258606,0.10069487243890762,0.5005415678024292,1.0,1.0,1.0,2000
588,0.8421606421470642,0.24230799078941345,0.10068214684724808,0.4991705119609833,1.0,1.0,1.0,2000
589,0.8414543867111206,0.24306084215641022,0.10066808015108109,0.4977254867553711,1.0,1.0,1.0,2000
590,0.8407355546951294,0.24385595321655273,0.10065596550703049,0.49622365832328796,1.0,1.0,1.0,2000
591,0.8400031328201294,0.24466662108898163,0.10064838081598282,0.49468815326690674,1.0,1.0,1.0,2000
592,0.8392559289932251,0.24547265470027924,0.10064603388309479,0.4931372404098511,1.0,1.0,1.0,2000
593,0.8384926915168762,0.24626868963241577,0.10064762085676193,0.4915763735771179,1.0,1.0,1.0,2000
594,0.8377120494842529,0.24706541001796722,0.1006506010890007,0.4899960160255432,1.0,1.0,1.0,2000
595,0.8369123935699463,0.24788476526737213,0.10065212100744247,0.4883754849433899,1.0,1.0,1.0,2000
596,0.8360919952392578,0.2487504929304123,0.10064976662397385,0.48669177293777466,1.0,1.0,1.0,2000
597,0.8352488279342651,0.24967892467975616,0.10064209252595901,0.484927773475647,1.0,1.0,1.0,2000
598,0.8343802690505981,0.2506743371486664,0.10062848031520844,0.4830774962902069,1.0,1.0,1.0,2000
599,0.8334841728210449,0.2517290711402893,0.10060912370681763,0.4811459481716156,1.0,1.0,1.0,2000
600,0.8325572609901428,0.2528288662433624,0.10058464854955673,0.47914373874664307,1.0,1.0,1.0,2000
601,0.8315961956977844,0.25396066904067993,0.1005559042096138,0.4770796298980713,1.0,1.0,1.0,2000
602,0.8305971622467041,0.2551185190677643,0.10052371025085449,0.4749549329280853,1.0,1.0,1.0,2000
603,0.8295557498931885,0.25630712509155273,0.10048839449882507,0.4727602005004883,1.0,1.0,1.0,2000
604,0.8284662961959839,0.2575392425060272,0.1004495918750763,0.47047746181488037,1.0,1.0,1.0,2000
605,0.8273230195045471,0.2588316798210144,0.10040611028671265,0.46808522939682007,1.0,1.0,1.0,2000
606,0.8261184692382812,0.2601989209651947,0.10035630315542221,0.46556323766708374,1.0,1.0,1.0,2000
607,0.8248441219329834,0.2616497278213501,0.10029853135347366,0.46289587020874023,1.0,1.0,1.0,2000
608,0.8234895467758179,0.2631854712963104,0.10023167729377747,0.46007239818573,1.0,1.0,1.0,2000
609,0.8220428824424744,0.264803022146225,0.10015545785427094,0.45708441734313965,1.0,1.0,1.0,2000
610,0.8204890489578247,0.2664976716041565,0.10006996244192123,0.453921377658844,1.0,1.0,1.0,2000
611,0.8188101649284363,0.2682670056819916,0.09997513145208359,0.4505680203437805,1.0,1.0,1.0,2000
612,0.8169843554496765,0.27011218667030334,0.09986992180347443,0.44700223207473755,1.0,1.0,1.0,2000
613,0.8149846792221069,0.2720377743244171,0.09975175559520721,0.4431951940059662,1.0,1.0,1.0,2000
614,0.8127778768539429,0.2740485370159149,0.09961650520563126,0.4391128420829773,1.0,1.0,1.0,2000
615,0.8103224635124207,0.27614638209342957,0.0994589552283287,0.4347171187400818,1.0,1.0,1.0,2000
616,0.8075665235519409,0.2783263623714447,0.09927324950695038,0.42996692657470703,1.0,1.0,1.0,2000
617,0.8044459223747253,0.2805732786655426,0.09905334562063217,0.42481929063796997,1.0,1.0,1.0,2000
618,0.8008804321289062,0.282858282327652,0.0987929105758667,0.41922926902770996,1.0,1.0,1.0,2000
619,0.7967727184295654,0.2851350009441376,0.09848527610301971,0.4131524860858917,1.0,1.0,1.0,2000
620,0.7920082807540894,0.2873358726501465,0.09812304377555847,0.406549334526062,1.0,1.0,1.0,2000
621,0.7864609956741333,0.2893693745136261,0.09769874066114426,0.39939287304878235,1.0,1.0,1.0,2000
622,0.7800147533416748,0.29112520813941956,0.0972064658999443,0.39168310165405273,1.0,1.0,1.0,2000
623,0.7726114392280579,0.2924945056438446,0.09664583206176758,0.3834711015224457,1.0,1.0,1.0,2000
624,0.7643451690673828,0.29342299699783325,0.09602886438369751,0.37489333748817444,1.0,1.0,1.0,2000
625,0.7556015849113464,0.2939954698085785,0.09539087116718292,0.36621522903442383,1.0,1.0,1.0,2000
626,0.7471612691879272,0.29448655247688293,0.09480451047420502,0.3578701913356781,1.0,1.0,1.0,2000
627,0.7400267124176025,0.2951679825782776,0.09439107775688171,0.35046762228012085,1.0,1.0,1.0,2000
628,0.7347773313522339,0.29571855068206787,0.09431062638759613,0.3447481691837311,1.0,1.0,1.0,2000
629,0.7310543060302734,0.29489004611968994,0.09469225257635117,0.34147199988365173,1.0,1.0,1.0,2000
630,0.7282993197441101,0.2916659414768219,0.09546694904565811,0.3411664366722107,1.0,1.0,1.0,2000
631,0.7266167402267456,0.2867922782897949,0.09619589149951935,0.34362858533859253,1.0,1.0,1.0,2000
632,0.725942850112915,0.2822350263595581,0.09619946032762527,0.34750834107398987,1.0,1.0,1.0,2000
633,0.7256342768669128,0.27991801500320435,0.09506900608539581,0.3506472706794739,1.0,1.0,1.0,2000
634,0.7253153920173645,0.2811121642589569,0.09303305298089981,0.3511701822280884,1.0,1.0,1.0,2000
635,0.7251184582710266,0.2856982350349426,0.09075979143381119,0.3486604392528534,1.0,1.0,1.0,2000
636,0.7254318594932556,0.2918819189071655,0.08888272196054459,0.3446672260761261,1.0,1.0,1.0,2000
637,0.7262178659439087,0.29668989777565,0.08767826855182648,0.3418497145175934,1.0,1.0,1.0,2000
638,0.7265825271606445,0.2973232567310333,0.0870736762881279,0.3421855568885803,1.0,1.0,1.0,2000
639,0.7259279489517212,0.29326191544532776,0.08692795783281326,0.34573811292648315,1.0,1.0,1.0,2000
640,0.7246103286743164,0.28666961193084717,0.0872359648346901,0.35070478916168213,1.0,1.0,1.0,2000
641,0.7227977514266968,0.28020572662353516,0.08804075419902802,0.3545512855052948,1.0,1.0,1.0,2000
642,0.7203676700592041,0.27537280321121216,0.08927536010742188,0.35571953654289246,1.0,1.0,1.0,2000
643,0.7178792953491211,0.27250024676322937,0.09073803573846817,0.35464102029800415,1.0,1.0,1.0,2000
644,0.7159769535064697,0.27070319652557373,0.09217792004346848,0.3530958592891693,1.0,1.0,1.0,2000
645,0.7146415710449219,0.26845666766166687,0.09344565868377686,0.35273921489715576,1.0,1.0,1.0,2000
646,0.7136830687522888,0.26499253511428833,0.09456967562437057,0.3541208505630493,1.0,1.0,1.0,2000
647,0.7129783034324646,0.2607475221157074,0.09562820196151733,0.35660257935523987,1.0,1.0,1.0,2000
648,0.7123611569404602,0.25680044293403625,0.09657074511051178,0.358989953994751,1.0,1.0,1.0,2000
649,0.7117446660995483,0.2541719079017639,0.09720376133918762,0.3603689670562744,1.0,1.0,1.0,2000
650,0.7111002802848816,0.2532370388507843,0.0973341166973114,0.3605291247367859,1.0,1.0,1.0,2000
651,0.7104300260543823,0.25364771485328674,0.09693925082683563,0.35984304547309875,1.0,1.0,1.0,2000
652,0.7098461985588074,0.25472328066825867,0.09622584283351898,0.3588970899581909,1.0,1.0,1.0,2000
653,0.7094005942344666,0.2557319104671478,0.09551647305488586,0.35815221071243286,1.0,1.0,1.0,2000
654,0.7089478969573975,0.25607478618621826,0.09506562352180481,0.3578074872493744,1.0,1.0,1.0,2000
655,0.7083629369735718,0.2555640637874603,0.09495161473751068,0.35784727334976196,1.0,1.0,1.0,2000
656,0.7076621055603027,0.2544850707054138,0.09508384019136429,0.3580932021141052,1.0,1.0,1.0,2000
657,0.7068597674369812,0.2533666789531708,0.0952901616692543,0.3582029342651367,1.0,1.0,1.0,2000
658,0.7059371471405029,0.2527645528316498,0.0954321026802063,0.35774046182632446,1.0,1.0,1.0,2000
659,0.7049371600151062,0.2530861496925354,0.09547699987888336,0.35637402534484863,1.0,1.0,1.0,2000
660,0.7039461135864258,0.25436434149742126,0.09548232704401016,0.35409945249557495,1.0,1.0,1.0,2000
661,0.7030207514762878,0.2561667859554291,0.0955222100019455,0.35133177042007446,1.0,1.0,1.0,2000
662,0.7021686434745789,0.2578054368495941,0.09561790525913239,0.34874528646469116,1.0,1.0,1.0,2000
663,0.701347827911377,0.25871938467025757,0.0957166776061058,0.34691178798675537,1.0,1.0,1.0,2000
664,0.7005094289779663,0.2588031589984894,0.09573180973529816,0.3459744453430176,1.0,1.0,1.0,2000
665,0.6996551156044006,0.2584673762321472,0.09560688585042953,0.3455808460712433,1.0,1.0,1.0,2000
666,0.6988003253936768,0.25834983587265015,0.09534340351819992,0.3451070785522461,1.0,1.0,1.0,2000
667,0.6979274153709412,0.25891047716140747,0.09497864544391632,0.34403830766677856,1.0,1.0,1.0,2000
668,0.6970348954200745,0.26021042466163635,0.09455481916666031,0.3422696590423584,1.0,1.0,1.0,2000
669,0.6961469650268555,0.261916846036911,0.09411221742630005,0.3401179015636444,1.0,1.0,1.0,2000
670,0.6952542066574097,0.263491690158844,0.09370448440313339,0.3380580544471741,1.0,1.0,1.0,2000
671,0.6943166255950928,0.26450052857398987,0.09340636432170868,0.3364097476005554,1.0,1.0,1.0,2000
672,0.6933032870292664,0.2648357152938843,0.09328818321228027,0.3351793885231018,1.0,1.0,1.0,2000
673,0.6922026872634888,0.26472008228302,0.09337028861045837,0.3341123163700104,1.0,1.0,1.0,2000
674,0.6910178661346436,0.2645438015460968,0.0936008021235466,0.33287322521209717,1.0,1.0,1.0,2000
675,0.6897481679916382,0.26465097069740295,0.09388090670108795,0.3312162458896637,1.0,1.0,1.0,2000
676,0.6883807182312012,0.26519668102264404,0.0941234827041626,0.32906055450439453,1.0,1.0,1.0,2000
677,0.6869068145751953,0.2661270201206207,0.09430138021707535,0.32647839188575745,1.0,1.0,1.0,2000
678,0.6853153705596924,0.2672339677810669,0.09444648027420044,0.32363492250442505,1.0,1.0,1.0,2000
679,0.6835734844207764,0.26826074719429016,0.09460359066724777,0.32070913910865784,1.0,1.0,1.0,2000
680,0.6816376447677612,0.2690398395061493,0.094783253967762,0.31781458854675293,1.0,1.0,1.0,2000
681,0.6794655323028564,0.2695758044719696,0.0949539765715599,0.31493571400642395,1.0,1.0,1.0,2000
682,0.677003026008606,0.27001357078552246,0.09507548809051514,0.31191393733024597,1.0,1.0,1.0,2000
683,0.6741751432418823,0.2705361247062683,0.09513858705759048,0.3085004389286041,1.0,1.0,1.0,2000
684,0.6708730459213257,0.2712540030479431,0.09517374634742737,0.3044453263282776,1.0,1.0,1.0,2000
685,0.6669343709945679,0.27214136719703674,0.09522666037082672,0.2995663285255432,1.0,1.0,1.0,2000
686,0.6621265411376953,0.2730429172515869,0.09532876312732697,0.293754905462265,1.0,1.0,1.0,2000
687,0.656118631362915,0.2737027406692505,0.09548914432525635,0.2869267463684082,1.0,1.0,1.0,2000
688,0.6484427452087402,0.2737635672092438,0.0957096740603447,0.27896952629089355,1.0,1.0,1.0,2000
689,0.638495683670044,0.2727353572845459,0.09600425511598587,0.2697560787200928,1.0,1.0,1.0,2000
690,0.6256995797157288,0.2700381577014923,0.09639884531497955,0.2592625617980957,1.0,1.0,1.0,2000
691,0.6101754307746887,0.26545074582099915,0.09689990431070328,0.2478247880935669,1.0,1.0,1.0,2000
692,0.5942990779876709,0.2603318393230438,0.09742088615894318,0.2365463525056839,1.0,1.0,1.0,2000
693,0.5828757286071777,0.2575744092464447,0.09764819592237473,0.2276531159877777,1.0,1.0,1.0,2000
694,0.5749629735946655,0.25387173891067505,0.09701011329889297,0.2240811586380005,1.0,1.0,1.0,2000
695,0.5630377531051636,0.24003493785858154,0.09535971283912659,0.22764311730861664,1.0,1.0,1.0,2000
696,0.5555816292762756,0.22572965919971466,0.09357818216085434,0.23627381026744843,1.0,1.0,1.0,2000
697,0.5566053986549377,0.2207961082458496,0.09219181537628174,0.2436174750328064,1.0,1.0,1.0,2000
698,0.5564906597137451,0.22116541862487793,0.09087883681058884,0.24444642663002014,1.0,1.0,1.0,2000
699,0.5573525428771973,0.22812309861183167,0.0894092321395874,0.23982024192810059,1.0,1.0,1.0,2000
700,0.561976432800293,0.23972107470035553,0.08750849217176437,0.23474687337875366,1.0,1.0,1.0,2000
701,0.563056468963623,0.2436276227235794,0.0854944959282875,0.23393431305885315,1.0,1.0,1.0,2000
702,0.5645817518234253,0.24177725613117218,0.08463922888040543,0.2381652593612671,1.0,1.0,1.0,2000
703,0.5644668936729431,0.23599658906459808,0.08521366119384766,0.24325662851333618,1.0,1.0,1.0,2000
704,0.561051607131958,0.22768615186214447,0.08682844042778015,0.2465369999408722,1.0,1.0,1.0,2000
705,0.5600519180297852,0.22247248888015747,0.0887099876999855,0.24886946380138397,1.0,1.0,1.0,2000
706,0.5568311810493469,0.2168971449136734,0.08942056447267532,0.2505134642124176,1.0,1.0,1.0,2000
707,0.5527817606925964,0.212644562125206,0.08896186202764511,0.2511753439903259,1.0,1.0,1.0,2000
708,0.5511600971221924,0.21238823235034943,0.0884777382016182,0.2502940893173218,1.0,1.0,1.0,2000
709,0.5485749244689941,0.21181689202785492,0.08864221721887589,0.24811580777168274,1.0,1.0,1.0,2000
710,0.5469596982002258,0.2099689096212387,0.08962782472372055,0.24736297130584717,1.0,1.0,1.0,2000
711,0.5468280911445618,0.2066298872232437,0.09068281203508377,0.24951539933681488,1.0,1.0,1.0,2000
712,0.5464617013931274,0.2029707133769989,0.09087438881397247,0.2526165544986725,1.0,1.0,1.0,2000
713,0.54704749584198,0.20237071812152863,0.09046152979135513,0.25421521067619324,1.0,1.0,1.0,2000
714,0.5479021072387695,0.20426791906356812,0.0902881920337677,0.2533460259437561,1.0,1.0,1.0,2000
715,0.5478988289833069,0.20607547461986542,0.0908212959766388,0.25100207328796387,1.0,1.0,1.0,2000
716,0.5482022166252136,0.2069530189037323,0.0918692946434021,0.24937991797924042,1.0,1.0,1.0,2000
717,0.5482957363128662,0.20608624815940857,0.092640221118927,0.24956925213336945,1.0,1.0,1.0,2000
718,0.5473443269729614,0.20389731228351593,0.09261546283960342,0.2508315443992615,1.0,1.0,1.0,2000
719,0.5466382503509521,0.2027958333492279,0.09215065836906433,0.2516917586326599,1.0,1.0,1.0,2000
720,0.5458317995071411,0.20320822298526764,0.09180215001106262,0.25082144141197205,1.0,1.0,1.0,2000
721,0.5443760752677917,0.20458100736141205,0.09172790497541428,0.24806717038154602,1.0,1.0,1.0,2000
722,0.5434014797210693,0.20702515542507172,0.09168539941310883,0.24469095468521118,1.0,1.0,1.0,2000
723,0.5426876544952393,0.2092176079750061,0.09130750596523285,0.24216249585151672,1.0,1.0,1.0,2000
724,0.5417364835739136,0.20997340977191925,0.09062720835208893,0.2411358803510666,1.0,1.0,1.0,2000
725,0.5413018465042114,0.21013271808624268,0.0900937020778656,0.24107544124126434,1.0,1.0,1.0,2000
726,0.5410563945770264,0.2103583961725235,0.08999650925397873,0.24070146679878235,1.0,1.0,1.0,2000
727,0.5406734943389893,0.21111023426055908,0.09023528546094894,0.23932796716690063,1.0,1.0,1.0,2000
728,0.5406137704849243,0.21274885535240173,0.09045988321304321,0.23740500211715698,1.0,1.0,1.0,2000
729,0.5405027866363525,0.21436111629009247,0.09035952389240265,0.2357821762561798,1.0,1.0,1.0,2000
730,0.5402038097381592,0.21529564261436462,0.09000685811042786,0.2349013388156891,1.0,1.0,1.0,2000
731,0.5400443077087402,0.21587257087230682,0.08973981440067291,0.23443195223808289,1.0,1.0,1.0,2000
732,0.5396878123283386,0.21623319387435913,0.08975383639335632,0.23370078206062317,1.0,1.0,1.0,2000
733,0.5392071008682251,0.21670454740524292,0.08997174352407455,0.23253077268600464,1.0,1.0,1.0,2000
734,0.5388458967208862,0.21744953095912933,0.0901305079460144,0.2312658131122589,1.0,1.0,1.0,2000
735,0.5383527874946594,0.2180837094783783,0.09003384411334991,0.23023520410060883,1.0,1.0,1.0,2000
736,0.5378568172454834,0.2185632288455963,0.08979438990354538,0.22949917614459991,1.0,1.0,1.0,2000
737,0.5374985933303833,0.21893630921840668,0.08969419449567795,0.22886808216571808,1.0,1.0,1.0,2000
738,0.5370839834213257,0.2190302461385727,0.0898820087313652,0.22817175090312958,1.0,1.0,1.0,2000
739,0.5367173552513123,0.2189641147851944,0.09025740623474121,0.22749583423137665,1.0,1.0,1.0,2000
740,0.5364601016044617,0.21892113983631134,0.09055125713348389,0.22698771953582764,1.0,1.0,1.0,2000
741,0.5361526608467102,0.2189733237028122,0.09056907892227173,0.22661025822162628,1.0,1.0,1.0,2000
742,0.5358610153198242,0.2193072885274887,0.09037560224533081,0.2261781394481659,1.0,1.0,1.0,2000
743,0.5356046557426453,0.219916433095932,0.09018131345510483,0.22550690174102783,1.0,1.0,1.0,2000
744,0.5352748036384583,0.2205725908279419,0.09011409431695938,0.22458811104297638,1.0,1.0,1.0,2000
745,0.5349354147911072,0.22117535769939423,0.09012550860643387,0.2236345410346985,1.0,1.0,1.0,2000
746,0.534604549407959,0.22167178988456726,0.09006337076425552,0.2228693664073944,1.0,1.0,1.0,2000
747,0.5342161655426025,0.2220441699028015,0.08984536677598953,0.22232666611671448,1.0,1.0,1.0,2000
748,0.5338298082351685,0.22242207825183868,0.08955252915620804,0.22185519337654114,1.0,1.0,1.0,2000
749,0.5334605574607849,0.22287313640117645,0.08933039754629135,0.2212570309638977,1.0,1.0,1.0,2000
750,0.5330671072006226,0.22334761917591095,0.08924217522144318,0.22047731280326843,1.0,1.0,1.0,2000
751,0.5326955318450928,0.22380205988883972,0.08922532200813293,0.2196681797504425,1.0,1.0,1.0,2000
752,0.5323491096496582,0.22416697442531586,0.08915988355875015,0.2190222442150116,1.0,1.0,1.0,2000
753,0.5319900512695312,0.22443175315856934,0.08898628503084183,0.2185719907283783,1.0,1.0,1.0,2000
754,0.5316466093063354,0.2247333824634552,0.0887555405497551,0.21815767884254456,1.0,1.0,1.0,2000
755,0.5313122272491455,0.22517536580562592,0.08856084197759628,0.21757599711418152,1.0,1.0,1.0,2000
756,0.5309584140777588,0.22572752833366394,0.08844660967588425,0.21678423881530762,1.0,1.0,1.0,2000
757,0.530606746673584,0.22627481818199158,0.08838275074958801,0.2159491777420044,1.0,1.0,1.0,2000
758,0.5302516222000122,0.22666631639003754,0.08830825984477997,0.21527701616287231,1.0,1.0,1.0,2000
759,0.5298757553100586,0.22685657441616058,0.08820047974586487,0.21481873095035553,1.0,1.0,1.0,2000
760,0.5294986367225647,0.22696338593959808,0.0880969911813736,0.21443825960159302,1.0,1.0,1.0,2000
761,0.5291181802749634,0.22711589932441711,0.08804893493652344,0.21395334601402283,1.0,1.0,1.0,2000
762,0.5287257432937622,0.22735068202018738,0.08806589245796204,0.2133091390132904,1.0,1.0,1.0,2000
763,0.5283370018005371,0.2276180237531662,0.08810583502054214,0.21261313557624817,1.0,1.0,1.0,2000
764,0.5279495716094971,0.22783255577087402,0.08811207860708237,0.21200495958328247,1.0,1.0,1.0,2000
765,0.5275557041168213,0.22798039019107819,0.08806305378675461,0.21151229739189148,1.0,1.0,1.0,2000
766,0.5271647572517395,0.22814953327178955,0.08798515051603317,0.21103006601333618,1.0,1.0,1.0,2000
767,0.5267727375030518,0.2284281700849533,0.0879179984331131,0.21042659878730774,1.0,1.0,1.0,2000
768,0.5263729095458984,0.2288283407688141,0.0878748968243599,0.20966967940330505,1.0,1.0,1.0,2000
769,0.5259709358215332,0.2292851209640503,0.08783534169197083,0.20885048806667328,1.0,1.0,1.0,2000
770,0.5255640149116516,0.229703888297081,0.08777038753032684,0.20808975398540497,1.0,1.0,1.0,2000
771,0.5251474380493164,0.23004385828971863,0.08767460286617279,0.20742902159690857,1.0,1.0,1.0,2000
772,0.5247262716293335,0.23035161197185516,0.08757073432207108,0.20680394768714905,1.0,1.0,1.0,2000
773,0.524299681186676,0.23070132732391357,0.08748456090688705,0.2061137855052948,1.0,1.0,1.0,2000
774,0.5238651633262634,0.2311304360628128,0.08741887658834457,0.20531585812568665,1.0,1.0,1.0,2000
775,0.5234267711639404,0.23161889612674713,0.08735169470310211,0.2044561803340912,1.0,1.0,1.0,2000
776,0.5229840874671936,0.2321130931377411,0.08725730329751968,0.20361369848251343,1.0,1.0,1.0,2000
777,0.5225349068641663,0.23258203268051147,0.08713025599718094,0.20282262563705444,1.0,1.0,1.0,2000
778,0.5220813751220703,0.2330460548400879,0.08698904514312744,0.20204627513885498,1.0,1.0,1.0,2000
779,0.5216225981712341,0.2335439771413803,0.08685791492462158,0.20122070610523224,1.0,1.0,1.0,2000
780,0.5211560726165771,0.23408782482147217,0.08674654364585876,0.20032167434692383,1.0,1.0,1.0,2000
781,0.5206827521324158,0.23464952409267426,0.08664572238922119,0.19938749074935913,1.0,1.0,1.0,2000
782,0.5202020406723022,0.2351827770471573,0.08653964847326279,0.19847963750362396,1.0,1.0,1.0,2000
783,0.5197120904922485,0.2356649935245514,0.0864223763346672,0.19762471318244934,1.0,1.0,1.0,2000
784,0.5192137360572815,0.2361176759004593,0.08630228042602539,0.196793794631958,1.0,1.0,1.0,2000
785,0.5187070369720459,0.23658126592636108,0.0861918032169342,0.1959339827299118,1.0,1.0,1.0,2000
786,0.5181905627250671,0.23707839846611023,0.08609407395124435,0.19501808285713196,1.0,1.0,1.0,2000
787,0.5176652073860168,0.23760120570659637,0.08599909394979477,0.1940649300813675,1.0,1.0,1.0,2000
788,0.5171308517456055,0.2381250262260437,0.08589199930429459,0.19311384856700897,1.0,1.0,1.0,2000
789,0.516586422920227,0.23863756656646729,0.08576534688472748,0.1921834945678711,1.0,1.0,1.0,2000
790,0.5160319805145264,0.2391519397497177,0.08562420308589935,0.19125580787658691,1.0,1.0,1.0,2000
791,0.5154671669006348,0.23969055712223053,0.08548010140657425,0.1902964860200882,1.0,1.0,1.0,2000
792,0.5148907899856567,0.24025988578796387,0.08534083515405655,0.18929007649421692,1.0,1.0,1.0,2000
793,0.5143024921417236,0.24084417521953583,0.0852045863866806,0.1882537305355072,1.0,1.0,1.0,2000
794,0.5137019157409668,0.24141882359981537,0.08506341278553009,0.18721970915794373,1.0,1.0,1.0,2000
795,0.5130881071090698,0.24197357892990112,0.0849107950925827,0.1862037181854248,1.0,1.0,1.0,2000
796,0.5124607086181641,0.24252241849899292,0.08474694192409515,0.185191348195076,1.0,1.0,1.0,2000
797,0.5118193030357361,0.2430894374847412,0.08457731455564499,0.1841525435447693,1.0,1.0,1.0,2000
798,0.5111629962921143,0.24368694424629211,0.08440663665533066,0.1830694079399109,1.0,1.0,1.0,2000
799,0.5104913711547852,0.2443058043718338,0.08423496782779694,0.18195056915283203,1.0,1.0,1.0,2000
800,0.5098037719726562,0.24492520093917847,0.08405809104442596,0.180820494890213,1.0,1.0,1.0,2000
801,0.5090994834899902,0.2455318570137024,0.08387215435504913,0.1796954870223999,1.0,1.0,1.0,2000
802,0.5083775520324707,0.24613051116466522,0.0836772695183754,0.1785697638988495,1.0,1.0,1.0,2000
803,0.5076371431350708,0.24673625826835632,0.0834776759147644,0.17742320895195007,1.0,1.0,1.0,2000
804,0.5068771839141846,0.24735675752162933,0.08327830582857132,0.17624212801456451,1.0,1.0,1.0,2000
805,0.5060967206954956,0.2479838728904724,0.08308117091655731,0.17503167688846588,1.0,1.0,1.0,2000
806,0.5052947998046875,0.24860049784183502,0.08288434892892838,0.17380991578102112,1.0,1.0,1.0,2000
807,0.5044702291488647,0.24919699132442474,0.08268377929925919,0.1725894808769226,1.0,1.0,1.0,2000
808,0.5036221146583557,0.24978061020374298,0.08247615396976471,0.17136535048484802,1.0,1.0,1.0,2000
809,0.5027491450309753,0.2503688633441925,0.08226072788238525,0.17011955380439758,1.0,1.0,1.0,2000
810,0.5018500089645386,0.25097453594207764,0.08203847706317902,0.1688370257616043,1.0,1.0,1.0,2000
811,0.5009233951568604,0.25159475207328796,0.08181063085794449,0.1675179898738861,1.0,1.0,1.0,2000
812,0.49996787309646606,0.2522158622741699,0.08157684653997421,0.16617515683174133,1.0,1.0,1.0,2000
813,0.49898189306259155,0.2528258264064789,0.08133545517921448,0.164820596575737,1.0,1.0,1.0,2000
814,0.49796372652053833,0.2534249424934387,0.08108449727296829,0.1634543091058731,1.0,1.0,1.0,2000
815,0.49691179394721985,0.25402310490608215,0.08082321286201477,0.16206547617912292,1.0,1.0,1.0,2000
816,0.4958239793777466,0.25462841987609863,0.0805523470044136,0.16064321994781494,1.0,1.0,1.0,2000
817,0.4946984052658081,0.2552386224269867,0.08027331531047821,0.1591864675283432,1.0,1.0,1.0,2000
818,0.4935329854488373,0.2558426856994629,0.07998689264059067,0.15770339965820312,1.0,1.0,1.0,2000
819,0.4923253655433655,0.2564307153224945,0.0796923041343689,0.15620234608650208,1.0,1.0,1.0,2000
820,0.4910734295845032,0.2570021450519562,0.07938775420188904,0.15468351542949677,1.0,1.0,1.0,2000
821,0.48977458477020264,0.25756412744522095,0.07907146215438843,0.15313899517059326,1.0,1.0,1.0,2000
822,0.4884259104728699,0.25812265276908875,0.07874293625354767,0.15156030654907227,1.0,1.0,1.0,2000
823,0.48702454566955566,0.2586752772331238,0.07840302586555481,0.14994624257087708,1.0,1.0,1.0,2000
824,0.48556751012802124,0.2592116594314575,0.07805310189723969,0.14830273389816284,1.0,1.0,1.0,2000
825,0.4840516448020935,0.25972169637680054,0.0776936486363411,0.14663632214069366,1.0,1.0,1.0,2000
826,0.4824734926223755,0.26020172238349915,0.07732381671667099,0.14494794607162476,1.0,1.0,1.0,2000
827,0.48082929849624634,0.26065438985824585,0.0769420638680458,0.14323285222053528,1.0,1.0,1.0,2000
828,0.47911518812179565,0.2610819637775421,0.07654717564582825,0.1414860486984253,1.0,1.0,1.0,2000
829,0.4773271381855011,0.26148098707199097,0.0761389508843422,0.13970720767974854,1.0,1.0,1.0,2000
830,0.4754607677459717,0.2618429660797119,0.0757177397608757,0.13790006935596466,1.0,1.0,1.0,2000
831,0.4735114574432373,0.26215997338294983,0.07528357952833176,0.13606788218021393,1.0,1.0,1.0,2000
832,0.4714745283126831,0.26242923736572266,0.07483545690774918,0.13420985639095306,1.0,1.0,1.0,2000
833,0.4693448841571808,0.2626506984233856,0.07437188178300858,0.1323223114013672,1.0,1.0,1.0,2000
834,0.46711692214012146,0.262821763753891,0.07389183342456818,0.1304033100605011,1.0,1.0,1.0,2000
835,0.46478527784347534,0.2629348337650299,0.07339540123939514,0.1284550428390503,1.0,1.0,1.0,2000
836,0.46234405040740967,0.2629786431789398,0.0728834941983223,0.12648190557956696,1.0,1.0,1.0,2000
837,0.45978713035583496,0.26294413208961487,0.07235688716173172,0.12448611110448837,1.0,1.0,1.0,2000
838,0.4571080803871155,0.26282575726509094,0.07181569933891296,0.12246661633253098,1.0,1.0,1.0,2000
839,0.45430031418800354,0.2626190781593323,0.07125967741012573,0.12042155861854553,1.0,1.0,1.0,2000
840,0.4513569474220276,0.26231634616851807,0.07068881392478943,0.1183517724275589,1.0,1.0,1.0,2000
841,0.4482705891132355,0.26190587878227234,0.07010364532470703,0.1162610724568367,1.0,1.0,1.0,2000
842,0.4450342655181885,0.26137638092041016,0.06950493156909943,0.1141529530286789,1.0,1.0,1.0,2000
843,0.4416401982307434,0.26071926951408386,0.06889304518699646,0.11202786862850189,1.0,1.0,1.0,2000
844,0.4380802512168884,0.2599279582500458,0.06826810538768768,0.10988418757915497,1.0,1.0,1.0,2000
845,0.4343464970588684,0.2589948773384094,0.06763027608394623,0.10772132873535156,1.0,1.0,1.0,2000
846,0.4304303526878357,0.2579086720943451,0.06698018312454224,0.10554151237010956,1.0,1.0,1.0,2000
847,0.42632344365119934,0.25665682554244995,0.06631860882043839,0.1033480167388916,1.0,1.0,1.0,2000
848,0.42201703786849976,0.2552284598350525,0.0656462013721466,0.10114236176013947,1.0,1.0,1.0,2000
849,0.4175018072128296,0.2536148130893707,0.06496336311101913,0.09892361611127853,1.0,1.0,1.0,2000
850,0.41276881098747253,0.25180771946907043,0.06427065283060074,0.09669044613838196,1.0,1.0,1.0,2000
851,0.4078088700771332,0.24979722499847412,0.06356894224882126,0.0944426879286766,1.0,1.0,1.0,2000
852,0.40261268615722656,0.24757294356822968,0.06285925209522247,0.09218048304319382,1.0,1.0,1.0,2000
853,0.39717110991477966,0.24512633681297302,0.062142204493284225,0.08990258723497391,1.0,1.0,1.0,2000
854,0.39147570729255676,0.24245111644268036,0.06141822040081024,0.08760637044906616,1.0,1.0,1.0,2000
855,0.3855181336402893,0.23954112827777863,0.060687750577926636,0.08528925478458405,1.0,1.0,1.0,2000
856,0.37929102778434753,0.2363903522491455,0.059951525181531906,0.08294916898012161,1.0,1.0,1.0,2000
857,0.37278833985328674,0.2329946607351303,0.05921027064323425,0.08058342337608337,1.0,1.0,1.0,2000
858,0.36600494384765625,0.22935254871845245,0.05846448987722397,0.07818792015314102,1.0,1.0,1.0,2000
859,0.3589375615119934,0.2254643738269806,0.05771472305059433,0.0757584497332573,1.0,1.0,1.0,2000
860,0.351584255695343,0.22133038938045502,0.05696196109056473,0.07329189777374268,1.0,1.0,1.0,2000
861,0.3439452052116394,0.21695169806480408,0.05620766058564186,0.07078585773706436,1.0,1.0,1.0,2000
862,0.33602190017700195,0.21233095228672028,0.05545360967516899,0.06823734194040298,1.0,1.0,1.0,2000
863,0.32781684398651123,0.2074713110923767,0.05470215156674385,0.06564337760210037,1.0,1.0,1.0,2000
864,0.31933408975601196,0.20237505435943604,0.053956590592861176,0.06300244480371475,1.0,1.0,1.0,2000
865,0.3105776011943817,0.1970418095588684,0.0532211996614933,0.0603146068751812,1.0,1.0,1.0,2000
866,0.30155184864997864,0.191469207406044,0.05250134691596031,0.057581283152103424,1.0,1.0,1.0,2000
867,0.2922612428665161,0.1856515109539032,0.05180365592241287,0.054806068539619446,1.0,1.0,1.0,2000
868,0.282710999250412,0.17957869172096252,0.05113641172647476,0.0519958920776844,1.0,1.0,1.0,2000
869,0.27290889620780945,0.17323805391788483,0.0505097359418869,0.04916111379861832,1.0,1.0,1.0,2000
870,0.2628675103187561,0.16661635041236877,0.0499357171356678,0.04631543904542923,1.0,1.0,1.0,2000
871,0.2526078224182129,0.1597023606300354,0.04942874610424042,0.04347672685980797,1.0,1.0,1.0,2000
872,0.242165207862854,0.15249209105968475,0.0490056537091732,0.04066745191812515,1.0,1.0,1.0,2000
873,0.23159384727478027,0.14499449729919434,0.048685356974601746,0.03791399300098419,1.0,1.0,1.0,2000
874,0.22097225487232208,0.13723790645599365,0.048488520085811615,0.03524582087993622,1.0,1.0,1.0,2000
875,0.21040596067905426,0.1292753964662552,0.048436108976602554,0.032694462686777115,1.0,1.0,1.0,2000
876,0.2000264823436737,0.12118757516145706,0.04854748398065567,0.030291426926851273,1.0,1.0,1.0,2000
877,0.18998408317565918,0.11308053880929947,0.048837851732969284,0.028065703809261322,1.0,1.0,1.0,2000
878,0.18043452501296997,0.10507778078317642,0.04931500926613808,0.026041725650429726,1.0,1.0,1.0,2000
879,0.17152190208435059,0.0973082110285759,0.049976132810115814,0.024237561970949173,1.0,1.0,1.0,2000
880,0.1633596569299698,0.08989010751247406,0.050805896520614624,0.022663656622171402,1.0,1.0,1.0,2000
881,0.15601885318756104,0.08292024582624435,0.051775604486465454,0.02132299914956093,1.0,1.0,1.0,2000
882,0.1495247781276703,0.07646818459033966,0.0528448186814785,0.02021176740527153,1.0,1.0,1.0,2000
883,0.14386507868766785,0.07057908922433853,0.05396562069654465,0.01932036131620407,1.0,1.0,1.0,2000
884,0.1390039026737213,0.06528187543153763,0.05508751794695854,0.01863451860845089,1.0,1.0,1.0,2000
885,0.1348954141139984,0.060596365481615067,0.056163281202316284,0.01813577488064766,1.0,1.0,1.0,2000
886,0.13148978352546692,0.056534767150878906,0.05715368315577507,0.017801335081458092,1.0,1.0,1.0,2000
887,0.12873061001300812,0.05309692397713661,0.05802939459681511,0.017604289576411247,1.0,1.0,1.0,2000
888,0.1265479326248169,0.050261855125427246,0.05877234414219856,0.017513738945126534,1.0,1.0,1.0,2000
889,0.12485308945178986,0.0479825958609581,0.05937405675649643,0.017496436834335327,1.0,1.0,1.0,2000
890,0.12354017794132233,0.04618694260716438,0.059834081679582596,0.017519153654575348,1.0,1.0,1.0,2000
891,0.12249575555324554,0.04478572681546211,0.06015854701399803,0.0175514817237854,1.0,1.0,1.0,2000
892,0.1216120719909668,0.04368507117033005,0.060357678681612015,0.017569322139024734,1.0,1.0,1.0,2000
893,0.12079979479312897,0.04279857501387596,0.060444917529821396,0.01755629852414131,1.0,1.0,1.0,2000
894,0.11999498307704926,0.042055532336235046,0.06043454259634018,0.01750490814447403,1.0,1.0,1.0,2000
895,0.1191597431898117,0.04140414297580719,0.060340266674757004,0.017415333539247513,1.0,1.0,1.0,2000
896,0.11827689409255981,0.04080961272120476,0.06017386168241501,0.017293425276875496,1.0,1.0,1.0,2000
897,0.11734290421009064,0.04025009647011757,0.059944212436676025,0.017148595303297043,1.0,1.0,1.0,2000
898,0.11636107414960861,0.03971210494637489,0.059657976031303406,0.016990995034575462,1.0,1.0,1.0,2000
899,0.1153368353843689,0.039186831563711166,0.05931989476084709,0.01683010905981064,1.0,1.0,1.0,2000
900,0.11427628248929977,0.038668759167194366,0.0589345246553421,0.016672998666763306,1.0,1.0,1.0,2000
901,0.11318575590848923,0.03815501555800438,0.05850698798894882,0.016523754224181175,1.0,1.0,1.0,2000
902,0.11207325756549835,0.037645965814590454,0.05804401636123657,0.016383279114961624,1.0,1.0,1.0,2000
903,0.11094839870929718,0.03714446350932121,0.05755453556776047,0.016249405220150948,1.0,1.0,1.0,2000
904,0.10982199013233185,0.03665494918823242,0.05704917013645172,0.016117868945002556,1.0,1.0,1.0,2000
905,0.10870511829853058,0.036182016134262085,0.05654015392065048,0.015982944518327713,1.0,1.0,1.0,2000
906,0.10760791599750519,0.03572922945022583,0.056039851158857346,0.015838829800486565,1.0,1.0,1.0,2000
907,0.10653812438249588,0.03529803827404976,0.05555977672338486,0.015680303797125816,1.0,1.0,1.0,2000
908,0.10550104826688766,0.03488805890083313,0.055109430104494095,0.01550356112420559,1.0,1.0,1.0,2000
909,0.1045001670718193,0.03449821099638939,0.05469508469104767,0.01530686765909195,1.0,1.0,1.0,2000
910,0.10353747010231018,0.03412730619311333,0.054319825023412704,0.01509033888578415,1.0,1.0,1.0,2000
911,0.10261496901512146,0.033775754272937775,0.053982801735401154,0.01485641673207283,1.0,1.0,1.0,2000
912,0.10173489153385162,0.03344554454088211,0.053680337965488434,0.014609010890126228,1.0,1.0,1.0,2000
913,0.10089987516403198,0.03314034268260002,0.05340610817074776,0.014353425242006779,1.0,1.0,1.0,2000
914,0.10011234879493713,0.03286445140838623,0.053152456879615784,0.01409544050693512,1.0,1.0,1.0,2000
915,0.09937374293804169,0.03262149170041084,0.05291149765253067,0.013840747065842152,1.0,1.0,1.0,2000
916,0.0986839160323143,0.03241332992911339,0.052676208317279816,0.01359438244253397,1.0,1.0,1.0,2000
917,0.09804119169712067,0.0322393998503685,0.052441637963056564,0.0133601613342762,1.0,1.0,1.0,2000
918,0.09744241833686829,0.03209661319851875,0.05220523476600647,0.01314057782292366,1.0,1.0,1.0,2000
919,0.09688369929790497,0.031979743391275406,0.05196743831038475,0.012936516664922237,1.0,1.0,1.0,2000
920,0.09636079519987106,0.03188234195113182,0.05173080787062645,0.012747642584145069,1.0,1.0,1.0,2000
921,0.09586966782808304,0.03179751709103584,0.051499828696250916,0.012572327628731728,1.0,1.0,1.0,2000
922,0.09540660679340363,0.03171898052096367,0.05127928406000137,0.012408345937728882,1.0,1.0,1.0,2000
923,0.0949680358171463,0.03164127841591835,0.0510738305747509,0.0122529286891222,1.0,1.0,1.0,2000
924,0.09455079585313797,0.03156066685914993,0.05088663473725319,0.012103492394089699,1.0,1.0,1.0,2000
925,0.0941518098115921,0.03147480636835098,0.05071926489472389,0.011957733891904354,1.0,1.0,1.0,2000
926,0.0937683954834938,0.031383052468299866,0.05057128518819809,0.0118140559643507,1.0,1.0,1.0,2000
927,0.09339811652898788,0.031285978853702545,0.05044052004814148,0.011671618558466434,1.0,1.0,1.0,2000
928,0.09303895384073257,0.031185103580355644,0.05032352730631828,0.011530324816703796,1.0,1.0,1.0,2000
929,0.09268930554389954,0.031082462519407272,0.050216060131788254,0.01139078475534916,1.0,1.0,1.0,2000
930,0.09234795719385147,0.030979953706264496,0.05011404678225517,0.01125396229326725,1.0,1.0,1.0,2000
931,0.09201449900865555,0.030879473313689232,0.05001385137438774,0.011121178045868874,1.0,1.0,1.0,2000
932,0.09168868511915207,0.03078189305961132,0.04991321638226509,0.010993575677275658,1.0,1.0,1.0,2000
933,0.09137100726366043,0.030687719583511353,0.04981103539466858,0.01087225042283535,1.0,1.0,1.0,2000
934,0.09106189012527466,0.030596230179071426,0.04970782622694969,0.010757829993963242,1.0,1.0,1.0,2000
935,0.09076198935508728,0.030506301671266556,0.04960501194000244,0.010650678537786007,1.0,1.0,1.0,2000
936,0.09047172963619232,0.030415968969464302,0.04950506240129471,0.010550696402788162,1.0,1.0,1.0,2000
937,0.09019134193658829,0.03032330796122551,0.049410443753004074,0.010457592085003853,1.0,1.0,1.0,2000
938,0.08992098271846771,0.030226491391658783,0.0493236668407917,0.01037081889808178,1.0,1.0,1.0,2000
939,0.08966054022312164,0.03012419305741787,0.04924654960632324,0.010289795696735382,1.0,1.0,1.0,2000
940,0.08940987288951874,0.03001571260392666,0.049180254340171814,0.010213905945420265,1.0,1.0,1.0,2000
941,0.08916871249675751,0.029901063069701195,0.04912504926323891,0.010142602026462555,1.0,1.0,1.0,2000
942,0.0889367163181305,0.02978089265525341,0.04908042028546333,0.01007540337741375,1.0,1.0,1.0,2000
943,0.08871342241764069,0.029656287282705307,0.04904520884156227,0.01001192256808281,1.0,1.0,1.0,2000
944,0.08849833905696869,0.02952856756746769,0.04901793599128723,0.009951837360858917,1.0,1.0,1.0,2000
945,0.08829092979431152,0.029399171471595764,0.04899685084819794,0.009894909337162971,1.0,1.0,1.0,2000
946,0.08809056133031845,0.02926936000585556,0.04898026958107948,0.00984092615544796,1.0,1.0,1.0,2000
947,0.08789665251970291,0.02914022095501423,0.04896673187613487,0.009789697825908661,1.0,1.0,1.0,2000
948,0.08770859241485596,0.02901255525648594,0.04895494878292084,0.00974108837544918,1.0,1.0,1.0,2000
949,0.0875258594751358,0.028886815533041954,0.04894412308931351,0.009694917127490044,1.0,1.0,1.0,2000
950,0.08734804391860962,0.028763363137841225,0.04893360286951065,0.009651081636548042,1.0,1.0,1.0,2000
951,0.08717474341392517,0.028642142191529274,0.04892318323254585,0.009609417989850044,1.0,1.0,1.0,2000
952,0.08700567483901978,0.02852313593029976,0.04891270399093628,0.009569840505719185,1.0,1.0,1.0,2000
953,0.0868406668305397,0.028406115248799324,0.04890232905745506,0.009532218798995018,1.0,1.0,1.0,2000
954,0.08667944371700287,0.02829083614051342,0.04889214411377907,0.009496469050645828,1.0,1.0,1.0,2000
955,0.08652196079492569,0.02817704528570175,0.04888246953487396,0.00946244690567255,1.0,1.0,1.0,2000
956,0.08636796474456787,0.028064502403140068,0.048873431980609894,0.009430027566850185,1.0,1.0,1.0,2000
957,0.08621740341186523,0.02795305848121643,0.04886529594659805,0.009399045258760452,1.0,1.0,1.0,2000
958,0.08607010543346405,0.027842625975608826,0.0488581620156765,0.009369312785565853,1.0,1.0,1.0,2000
959,0.08592601120471954,0.027733292430639267,0.04885205253958702,0.009340669959783554,1.0,1.0,1.0,2000
960,0.08578500151634216,0.0276251882314682,0.048846904188394547,0.009312916547060013,1.0,1.0,1.0,2000
961,0.0856470987200737,0.027518771588802338,0.04884237051010132,0.009285958483815193,1.0,1.0,1.0,2000
962,0.08551222085952759,0.027414333075284958,0.04883825406432152,0.009259631857275963,1.0,1.0,1.0,2000
963,0.08538027107715607,0.027312517166137695,0.048833802342414856,0.009233949705958366,1.0,1.0,1.0,2000
964,0.08525119721889496,0.027213582769036293,0.048828836530447006,0.00920877419412136,1.0,1.0,1.0,2000
965,0.0851248949766159,0.027118219062685966,0.04882240667939186,0.009184271097183228,1.0,1.0,1.0,2000
966,0.08500134199857712,0.02702632173895836,0.04881477728486061,0.009160244837403297,1.0,1.0,1.0,2000
967,0.08488040417432785,0.026938490569591522,0.04880490526556969,0.009137014858424664,1.0,1.0,1.0,2000
968,0.08476205170154572,0.026853807270526886,0.04879406467080116,0.00911417230963707,1.0,1.0,1.0,2000
969,0.08464621007442474,0.02677313983440399,0.04878077283501625,0.009092304855585098,1.0,1.0,1.0,2000
970,0.08453288674354553,0.026694297790527344,0.048768021166324615,0.009070566855370998,1.0,1.0,1.0,2000
971,0.08442193269729614,0.02661888487637043,0.04875298961997032,0.009050054475665092,1.0,1.0,1.0,2000
972,0.08431334793567657,0.02654300071299076,0.04874120652675629,0.009029143489897251,1.0,1.0,1.0,2000
973,0.08420711010694504,0.026470480486750603,0.04872659593820572,0.009010030888020992,1.0,1.0,1.0,2000
974,0.08410313725471497,0.026394309476017952,0.04871928319334984,0.008989541791379452,1.0,1.0,1.0,2000
975,0.08400140702724457,0.026323208585381508,0.0487060509622097,0.008972149342298508,1.0,1.0,1.0,2000
976,0.08390194177627563,0.02624386176466942,0.048706572502851486,0.008951510302722454,1.0,1.0,1.0,2000
977,0.0838048979640007,0.02617546170949936,0.04869254678487778,0.008936887606978416,1.0,1.0,1.0,2000
978,0.08371053636074066,0.026090633124113083,0.04870492219924927,0.008914973586797714,1.0,1.0,1.0,2000
979,0.08361957222223282,0.026031382381916046,0.048682741820812225,0.008905449882149696,1.0,1.0,1.0,2000
980,0.0835338830947876,0.025939077138900757,0.048715390264987946,0.00887941475957632,1.0,1.0,1.0,2000
981,0.08345790207386017,0.02590928226709366,0.0486685112118721,0.00888010859489441,1.0,1.0,1.0,2000
982,0.08340141177177429,0.025815390050411224,0.0487431138753891,0.008842907845973969,1.0,1.0,1.0,2000
983,0.08339034020900726,0.02588990516960621,0.04863465204834938,0.008865779265761375,1.0,1.0,1.0,2000
984,0.08347724378108978,0.025870751589536667,0.04880553483963013,0.008800956420600414,1.0,1.0,1.0,2000
985,0.08382045477628708,0.026395263150334358,0.04854840040206909,0.008876793086528778,1.0,1.0,1.0,2000
986,0.0846557542681694,0.02696218714118004,0.04894401133060455,0.008749552071094513,1.0,1.0,1.0,2000
987,0.08690708875656128,0.02961159124970436,0.04833461716771126,0.008960876613855362,1.0,1.0,1.0,2000
988,0.09072821587324142,0.03280505910515785,0.04921219125390053,0.00871096272021532,1.0,1.0,1.0,2000
989,0.10022671520709991,0.043106380850076675,0.047874052077531815,0.009246283210814,1.0,1.0,1.0,2000
990,0.10606967657804489,0.04781968519091606,0.04948975890874863,0.008760235272347927,1.0,1.0,1.0,2000
991,0.12049607187509537,0.06353560835123062,0.04727994650602341,0.009680518880486488,1.0,1.0,1.0,2000
992,0.10568653792142868,0.04768211767077446,0.04918133467435837,0.0088230911642313,1.0,1.0,1.0,2000
993,0.09520534425973892,0.03846653550863266,0.04741369187831879,0.0093251196667552,1.0,1.0,1.0,2000
994,0.08363565802574158,0.026534056290984154,0.04819956794381142,0.008902031928300858,1.0,1.0,1.0,2000
995,0.08458409458398819,0.027414776384830475,0.048297856003046036,0.00887146033346653,1.0,1.0,1.0,2000
996,0.09395419806241989,0.03721179813146591,0.047482896596193314,0.009259496815502644,1.0,1.0,1.0,2000
997,0.096262127161026,0.0385124608874321,0.04899776726961136,0.008751900866627693,1.0,1.0,1.0,2000
998,0.0946534126996994,0.03778218477964401,0.047715961933135986,0.009155266918241978,1.0,1.0,1.0,2000
999,0.08508314937353134,0.027583464980125427,0.04883410409092903,0.00866558589041233,1.0,1.0,1.0,2000
1000,0.08226506412029266,0.02493741549551487,0.04865451902151108,0.008673131465911865,1.0,1.0,1.0,2000
1001,0.08656622469425201,0.0295136459171772,0.04821770638227463,0.008834869600832462,1.0,1.0,1.0,2000
1002,0.08997808396816254,0.03221707046031952,0.04920565336942673,0.00855536013841629,1.0,1.0,1.0,2000
1003,0.09009067714214325,0.03314889594912529,0.048051510006189346,0.008890273980796337,1.0,1.0,1.0,2000
1004,0.0843319520354271,0.026914434507489204,0.048842329531908035,0.00857518706470728,1.0,1.0,1.0,2000
1005,0.08185039460659027,0.024728314951062202,0.048468608409166336,0.008653472177684307,1.0,1.0,1.0,2000
1006,0.08397845178842545,0.027082178741693497,0.04810929670929909,0.00878697820007801,1.0,1.0,1.0,2000
1007,0.08639733493328094,0.029008803889155388,0.048780374228954315,0.008608158677816391,1.0,1.0,1.0,2000
1008,0.08655178546905518,0.02974090538918972,0.04792045056819916,0.008890427649021149,1.0,1.0,1.0,2000
1009,0.08321536332368851,0.025966033339500427,0.04860284924507141,0.008646477945148945,1.0,1.0,1.0,2000
1010,0.08159328252077103,0.02448701672255993,0.04840053245425224,0.00870573241263628,1.0,1.0,1.0,2000
1011,0.0827767625451088,0.02574389986693859,0.048253800719976425,0.008779061026871204,1.0,1.0,1.0,2000
1012,0.08429718762636185,0.026815097779035568,0.04887639731168747,0.008605694398283958,1.0,1.0,1.0,2000
1013,0.0843496173620224,0.027257567271590233,0.048288725316524506,0.00880332663655281,1.0,1.0,1.0,2000
1014,0.0824022963643074,0.02493167296051979,0.048876017332077026,0.008594609797000885,1.0,1.0,1.0,2000
1015,0.08135578781366348,0.024006357416510582,0.048715557903051376,0.008633872494101524,1.0,1.0,1.0,2000
1016,0.081976979970932,0.024702418595552444,0.048599716275930405,0.008674847893416882,1.0,1.0,1.0,2000
1017,0.0829264298081398,0.02535054087638855,0.049036651849746704,0.008539238013327122,1.0,1.0,1.0,2000
1018,0.0830046609044075,0.025774911046028137,0.04853310436010361,0.008696644566953182,1.0,1.0,1.0,2000
1019,0.08188039809465408,0.024379272013902664,0.04896201938390732,0.008539103902876377,1.0,1.0,1.0,2000
1020,0.08114585280418396,0.023787543177604675,0.048771779984235764,0.008586528711020947,1.0,1.0,1.0,2000
1021,0.08138490468263626,0.024080878123641014,0.04869445785880089,0.008609571494162083,1.0,1.0,1.0,2000
1022,0.08197619020938873,0.024463025853037834,0.04899885505437851,0.008514308370649815,1.0,1.0,1.0,2000
1023,0.08212339878082275,0.024872107431292534,0.048613063991069794,0.008638226427137852,1.0,1.0,1.0,2000
1024,0.08151406794786453,0.024024059996008873,0.04897952079772949,0.008510487154126167,1.0,1.0,1.0,2000
1025,0.0809752494096756,0.023610947653651237,0.048805009573698044,0.008559293113648891,1.0,1.0,1.0,2000
1026,0.08096585422754288,0.023595357313752174,0.04881678894162178,0.008553707972168922,1.0,1.0,1.0,2000
1027,0.08130042999982834,0.02378108538687229,0.049035146832466125,0.008484197780489922,1.0,1.0,1.0,2000
1028,0.08148379623889923,0.024145357310771942,0.04876689985394478,0.008571533486247063,1.0,1.0,1.0,2000
1029,0.08120892196893692,0.02366289496421814,0.04908548295497894,0.008460546843707561,1.0,1.0,1.0,2000
1030,0.08083469420671463,0.02341550588607788,0.04890946298837662,0.008509728126227856,1.0,1.0,1.0,2000
1031,0.08068817853927612,0.02322850003838539,0.04898020997643471,0.008479469455778599,1.0,1.0,1.0,2000
1032,0.08082037419080734,0.02329092286527157,0.049091339111328125,0.008438113145530224,1.0,1.0,1.0,2000
1033,0.08098186552524567,0.023586206138134003,0.048900194466114044,0.008495461195707321,1.0,1.0,1.0,2000
1034,0.08091584593057632,0.023367155343294144,0.04914108291268349,0.008407607674598694,1.0,1.0,1.0,2000
1035,0.08069976419210434,0.02329253777861595,0.04894738644361496,0.008459844626486301,1.0,1.0,1.0,2000
1036,0.08051269501447678,0.023048775270581245,0.049048542976379395,0.00841537956148386,1.0,1.0,1.0,2000
1037,0.08049364387989044,0.02303430438041687,0.049056276679039,0.008403061889111996,1.0,1.0,1.0,2000
1038,0.0805802196264267,0.023206785321235657,0.04894173517823219,0.008431700058281422,1.0,1.0,1.0,2000
1039,0.08061279356479645,0.023136936128139496,0.04910717532038689,0.00836868491023779,1.0,1.0,1.0,2000
1040,0.0805339440703392,0.02318619005382061,0.048931919038295746,0.008415834978222847,1.0,1.0,1.0,2000
1041,0.08038771152496338,0.02295989915728569,0.049065299332141876,0.008362514898180962,1.0,1.0,1.0,2000
1042,0.08029129356145859,0.02290625125169754,0.04901442304253578,0.008370617404580116,1.0,1.0,1.0,2000
1043,0.08028428256511688,0.02291676215827465,0.04899810254573822,0.008369417861104012,1.0,1.0,1.0,2000
1044,0.08031679689884186,0.022884367033839226,0.04910211265087128,0.008330315351486206,1.0,1.0,1.0,2000
1045,0.08031685650348663,0.02296963520348072,0.04898359626531601,0.008363625966012478,1.0,1.0,1.0,2000
1046,0.08025038242340088,0.022815536707639694,0.04912196472287178,0.008312879130244255,1.0,1.0,1.0,2000
1047,0.08015960454940796,0.022792400792241096,0.04903106018900871,0.008336142636835575,1.0,1.0,1.0,2000
1048,0.08009374141693115,0.022703230381011963,0.04907498508691788,0.008315525017678738,1.0,1.0,1.0,2000
1049,0.08007407933473587,0.022680848836898804,0.04908841848373413,0.008304809220135212,1.0,1.0,1.0,2000
1050,0.08007775247097015,0.022739436477422714,0.04901687800884247,0.008321437053382397,1.0,1.0,1.0,2000
1051,0.08006604015827179,0.022676857188344002,0.049102913588285446,0.008286269381642342,1.0,1.0,1.0,2000
1052,0.08002433180809021,0.022714771330356598,0.04899654909968376,0.008313017897307873,1.0,1.0,1.0,2000
1053,0.07996264845132828,0.022613145411014557,0.04906774312257767,0.008281758055090904,1.0,1.0,1.0,2000
1054,0.07990873605012894,0.022599954158067703,0.04901913180947304,0.008289651945233345,1.0,1.0,1.0,2000
1055,0.07987725734710693,0.02257596142590046,0.04901891574263573,0.008282381109893322,1.0,1.0,1.0,2000
1056,0.07986287772655487,0.022543661296367645,0.049055423587560654,0.008263795636594296,1.0,1.0,1.0,2000
1057,0.07984872907400131,0.02257557027041912,0.04899656027555466,0.008276598528027534,1.0,1.0,1.0,2000
1058,0.07982061058282852,0.02250131219625473,0.04907373711466789,0.008245565928518772,1.0,1.0,1.0,2000
1059,0.07977956533432007,0.022508159279823303,0.04901157319545746,0.008259831927716732,1.0,1.0,1.0,2000
1060,0.07973472774028778,0.02243403159081936,0.0490633100271225,0.0082373833283782,1.0,1.0,1.0,2000
1061,0.0796973779797554,0.022415708750486374,0.04904346168041229,0.008238205686211586,1.0,1.0,1.0,2000
1062,0.07967092096805573,0.02240018919110298,0.049035534262657166,0.008235203102231026,1.0,1.0,1.0,2000
1063,0.07965067028999329,0.02236717939376831,0.04906277358531952,0.008220721036195755,1.0,1.0,1.0,2000
1064,0.07962896674871445,0.022387081757187843,0.049009986221790314,0.00823190063238144,1.0,1.0,1.0,2000
1065,0.07960055023431778,0.02233424037694931,0.049055200070142746,0.008211116306483746,1.0,1.0,1.0,2000
1066,0.07956644892692566,0.022343704476952553,0.04900012165307999,0.00822262279689312,1.0,1.0,1.0,2000
1067,0.07953082025051117,0.02229510061442852,0.04902876168489456,0.008206954225897789,1.0,1.0,1.0,2000
1068,0.07949846982955933,0.02228403650224209,0.049006618559360504,0.008207813836634159,1.0,1.0,1.0,2000
1069,0.07947102934122086,0.022265734151005745,0.04900229349732399,0.008202999830245972,1.0,1.0,1.0,2000
1070,0.07944702357053757,0.022236214950680733,0.04901949688792229,0.008191307075321674,1.0,1.0,1.0,2000
1071,0.07942330837249756,0.022239014506340027,0.04898925870656967,0.008195033296942711,1.0,1.0,1.0,2000
1072,0.07939721643924713,0.022194018587470055,0.0490262433886528,0.008176948875188828,1.0,1.0,1.0,2000
1073,0.07936839014291763,0.02219550684094429,0.04899054765701294,0.008182341232895851,1.0,1.0,1.0,2000
1074,0.07933788001537323,0.022151106968522072,0.04902026429772377,0.00816650502383709,1.0,1.0,1.0,2000
1075,0.07930783182382584,0.022142212837934494,0.04899824410676956,0.008167380467057228,1.0,1.0,1.0,2000
1076,0.07927953451871872,0.022116390988230705,0.04900382459163666,0.008159318938851357,1.0,1.0,1.0,2000
1077,0.07925328612327576,0.022096876055002213,0.049003079533576965,0.008153330534696579,1.0,1.0,1.0,2000
1078,0.07922828942537308,0.022090664133429527,0.04898446798324585,0.0081531573086977,1.0,1.0,1.0,2000
1079,0.07920334488153458,0.022061344236135483,0.04900001361966133,0.008141984231770039,1.0,1.0,1.0,2000
1080,0.0791776031255722,0.022062264382839203,0.04896961897611618,0.008145722560584545,1.0,1.0,1.0,2000
1081,0.0791507288813591,0.022027915343642235,0.048989590257406235,0.00813322514295578,1.0,1.0,1.0,2000
1082,0.07912321388721466,0.022024549543857574,0.048962727189064026,0.008135934360325336,1.0,1.0,1.0,2000
1083,0.07909557223320007,0.02199411392211914,0.048975665122270584,0.008125800639390945,1.0,1.0,1.0,2000
1084,0.07906854897737503,0.021982096135616302,0.04896220564842224,0.008124246262013912,1.0,1.0,1.0,2000
1085,0.07904226332902908,0.02196190319955349,0.04896197468042374,0.008118385449051857,1.0,1.0,1.0,2000
1086,0.07901671528816223,0.02194155752658844,0.048963114619255066,0.008112043142318726,1.0,1.0,1.0,2000
1087,0.07899157702922821,0.021931292489171028,0.04895006865262985,0.008110220544040203,1.0,1.0,1.0,2000
1088,0.07896646112203598,0.021905289962887764,0.04896041005849838,0.008100761100649834,1.0,1.0,1.0,2000
1089,0.07894106954336166,0.02190004475414753,0.04893980175256729,0.008101223967969418,1.0,1.0,1.0,2000
1090,0.07891539484262466,0.021872498095035553,0.048951782286167145,0.008091115392744541,1.0,1.0,1.0,2000
1091,0.07888945192098618,0.021867066621780396,0.04893072322010994,0.008091664873063564,1.0,1.0,1.0,2000
1092,0.07886342704296112,0.021842168644070625,0.048938263207674026,0.008082989603281021,1.0,1.0,1.0,2000
1093,0.07883751392364502,0.02183317206799984,0.04892244189977646,0.00808190181851387,1.0,1.0,1.0,2000
1094,0.07881185412406921,0.021813608705997467,0.048922501504421234,0.008075741119682789,1.0,1.0,1.0,2000
1095,0.0787864401936531,0.02179977297782898,0.04891442134976387,0.00807225238531828,1.0,1.0,1.0,2000
1096,0.07876131683588028,0.021785873919725418,0.04890678822994232,0.008068656548857689,1.0,1.0,1.0,2000
1097,0.0787363201379776,0.021767690777778625,0.04890567436814308,0.008062961511313915,1.0,1.0,1.0,2000
1098,0.07871142029762268,0.02175796590745449,0.048892196267843246,0.008061261847615242,1.0,1.0,1.0,2000
1099,0.07868652045726776,0.0217369943857193,0.048895373940467834,0.008054151199758053,1.0,1.0,1.0,2000
1100,0.07866157591342926,0.0217293594032526,0.048878829926252365,0.008053380995988846,1.0,1.0,1.0,2000
1101,0.07863660156726837,0.021707620471715927,0.04888315126299858,0.008045829832553864,1.0,1.0,1.0,2000
1102,0.07861156761646271,0.021700231358408928,0.048866234719753265,0.008045101538300514,1.0,1.0,1.0,2000
1103,0.07858650386333466,0.021679509431123734,0.0488690510392189,0.008037939667701721,1.0,1.0,1.0,2000
1104,0.07856150716543198,0.021671177819371223,0.04885371774435043,0.008036616258323193,1.0,1.0,1.0,2000
1105,0.07853652536869049,0.02165270410478115,0.04885342717170715,0.008030388504266739,1.0,1.0,1.0,2000
1106,0.07851158827543259,0.02164270170032978,0.04884074628353119,0.008028144016861916,1.0,1.0,1.0,2000
1107,0.07848677039146423,0.021626917645335197,0.04883679747581482,0.008023054338991642,1.0,1.0,1.0,2000
1108,0.07846199721097946,0.02161511965095997,0.04882705584168434,0.008019819855690002,1.0,1.0,1.0,2000
1109,0.07843730598688126,0.021601833403110504,0.0488196536898613,0.008015820756554604,1.0,1.0,1.0,2000
1110,0.07841262221336365,0.021588347852230072,0.04881257191300392,0.008011700585484505,1.0,1.0,1.0,2000
1111,0.0783880352973938,0.021577132865786552,0.04880229011178017,0.008008613251149654,1.0,1.0,1.0,2000
1112,0.07836344838142395,0.021562350913882256,0.048797305673360825,0.008003797382116318,1.0,1.0,1.0,2000
1113,0.07833892852067947,0.02155268006026745,0.04878485947847366,0.008001387119293213,1.0,1.0,1.0,2000
1114,0.0783144161105156,0.02153697796165943,0.048781365156173706,0.007996076717972755,1.0,1.0,1.0,2000
1115,0.07828991860151291,0.021528374403715134,0.04876740649342537,0.007994134910404682,1.0,1.0,1.0,2000
1116,0.07826542109251022,0.02151203714311123,0.048764899373054504,0.007988481782376766,1.0,1.0,1.0,2000
1117,0.07824094593524933,0.02150421030819416,0.04874986410140991,0.007986871525645256,1.0,1.0,1.0,2000
1118,0.07821650803089142,0.021487515419721603,0.04874800145626068,0.00798099022358656,1.0,1.0,1.0,2000
1119,0.07819207012653351,0.021480411291122437,0.04873200133442879,0.00797965843230486,1.0,1.0,1.0,2000
1120,0.07816764712333679,0.021463507786393166,0.04873054474592209,0.007973600178956985,1.0,1.0,1.0,2000
1121,0.07814324647188187,0.021457187831401825,0.048713505268096924,0.007972554303705692,1.0,1.0,1.0,2000
1122,0.07811889797449112,0.02144007571041584,0.04871252924203873,0.007966294884681702,1.0,1.0,1.0,2000
1123,0.07809457182884216,0.02143472246825695,0.04869423061609268,0.007965613156557083,1.0,1.0,1.0,2000
1124,0.07807023823261261,0.02141706831753254,0.04869415611028671,0.007959013804793358,1.0,1.0,1.0,2000
1125,0.07804599404335022,0.021412929520010948,0.048674240708351135,0.007958821952342987,1.0,1.0,1.0,2000
1126,0.07802177965641022,0.021394293755292892,0.04867579787969589,0.007951690815389156,1.0,1.0,1.0,2000
1127,0.07799764722585678,0.021391766145825386,0.04865366965532303,0.007952210493385792,1.0,1.0,1.0,2000
1128,0.07797359675168991,0.02137153409421444,0.048657819628715515,0.007944240234792233,1.0,1.0,1.0,2000
1129,0.07794967293739319,0.021371472626924515,0.048632360994815826,0.007945836521685123,1.0,1.0,1.0,2000
1130,0.07792595028877258,0.02134888619184494,0.04864046722650528,0.007936598733067513,1.0,1.0,1.0,2000
1131,0.07790252566337585,0.021352794021368027,0.04860987514257431,0.007939862087368965,1.0,1.0,1.0,2000
1132,0.07787945866584778,0.021326836198568344,0.048623938113451004,0.00792868621647358,1.0,1.0,1.0,2000
1133,0.07785703986883163,0.021337104961276054,0.0485854297876358,0.007934500463306904,1.0,1.0,1.0,2000
1134,0.07783551514148712,0.02130640298128128,0.04860878735780716,0.007920326665043831,1.0,1.0,1.0,2000
1135,0.0778154507279396,0.021327301859855652,0.0485580675303936,0.007930080406367779,1.0,1.0,1.0,2000
1136,0.07779742777347565,0.02129020169377327,0.04859605431556702,0.007911177352070808,1.0,1.0,1.0,2000
1137,0.07778313010931015,0.02132972702383995,0.04852628335356712,0.007927117869257927,1.0,1.0,1.0,2000
1138,0.07777378708124161,0.021285386756062508,0.04858769103884697,0.007900707423686981,1.0,1.0,1.0,2000
1139,0.0777740627527237,0.021359913051128387,0.04848755896091461,0.007926594465970993,1.0,1.0,1.0,2000
1140,0.07778686285018921,0.021311795338988304,0.04858693480491638,0.00788812804967165,1.0,1.0,1.0,2000
1141,0.07782603800296783,0.021458320319652557,0.04843727499246597,0.007930438965559006,1.0,1.0,1.0,2000
1142,0.07789698988199234,0.021425656974315643,0.04859890043735504,0.00787243340164423,1.0,1.0,1.0,2000
1143,0.07804396748542786,0.021734558045864105,0.04836681857705116,0.007942589931190014,1.0,1.0,1.0,2000
1144,0.07827021181583405,0.021785903722047806,0.048631515353918076,0.007852794602513313,1.0,1.0,1.0,2000
1145,0.07872548699378967,0.022493725642561913,0.04826025292277336,0.007971514016389847,1.0,1.0,1.0,2000
1146,0.07935803383588791,0.022832073271274567,0.048695679754018784,0.007830286398530006,1.0,1.0,1.0,2000
1147,0.08069752901792526,0.024572547525167465,0.048089105635881424,0.008035873994231224,1.0,1.0,1.0,2000
1148,0.08227483183145523,0.025661813095211983,0.04879990965127945,0.007813109084963799,1.0,1.0,1.0,2000
1149,0.08595089614391327,0.029967905953526497,0.0478091686964035,0.008173824287950993,1.0,1.0,1.0,2000
1150,0.08886367827653885,0.0321170948445797,0.048921938985586166,0.007824642583727837,1.0,1.0,1.0,2000
1151,0.09683510661125183,0.04101835563778877,0.04738977923989296,0.0084269680082798,1.0,1.0,1.0,2000
1152,0.09777084738016129,0.04095224663615227,0.04893297702074051,0.007885625585913658,1.0,1.0,1.0,2000
1153,0.10564220696687698,0.05001530796289444,0.04696376621723175,0.008663132786750793,1.0,1.0,1.0,2000
1154,0.09658189117908478,0.04002949595451355,0.048608943819999695,0.007943451404571533,1.0,1.0,1.0,2000
1155,0.09222349524497986,0.036785442382097244,0.04695749282836914,0.008480560965836048,1.0,1.0,1.0,2000
1156,0.08223509788513184,0.026235349476337433,0.048034388571977615,0.007965355180203915,1.0,1.0,1.0,2000
1157,0.07765199989080429,0.022011354565620422,0.04756331443786621,0.008077329955995083,1.0,1.0,1.0,2000
1158,0.07818391919136047,0.022498801350593567,0.04762731492519379,0.008057805709540844,1.0,1.0,1.0,2000
1159,0.08198792487382889,0.02576098032295704,0.04838208109140396,0.007844867184758186,1.0,1.0,1.0,2000
1160,0.08701171725988388,0.03133139759302139,0.047506555914878845,0.008173760958015919,1.0,1.0,1.0,2000
1161,0.08644864708185196,0.029959380626678467,0.048729058355093,0.007760204374790192,1.0,1.0,1.0,2000
1162,0.08508329093456268,0.029428597539663315,0.047573260962963104,0.008081434294581413,1.0,1.0,1.0,2000
1163,0.08017097413539886,0.024066146463155746,0.048338402062654495,0.007766428403556347,1.0,1.0,1.0,2000
1164,0.07742846012115479,0.021754305809736252,0.047788362950086594,0.007885793223977089,1.0,1.0,1.0,2000
1165,0.0774879977107048,0.02189907245337963,0.047680046409368515,0.00790888350456953,1.0,1.0,1.0,2000
1166,0.07948839664459229,0.02364295907318592,0.048025138676166534,0.00782029889523983,1.0,1.0,1.0,2000
1167,0.08180124312639236,0.02643023431301117,0.047289445996284485,0.00808156281709671,1.0,1.0,1.0,2000
1168,0.08141917735338211,0.025508997961878777,0.04807503521442413,0.007835141383111477,1.0,1.0,1.0,2000
1169,0.08013482391834259,0.024720443412661552,0.04735132306814194,0.008063051849603653,1.0,1.0,1.0,2000
1170,0.07792021334171295,0.02215391956269741,0.04788891226053238,0.007877375930547714,1.0,1.0,1.0,2000
1171,0.07696346938610077,0.021296722814440727,0.04773937165737152,0.007927373051643372,1.0,1.0,1.0,2000
1172,0.07747837156057358,0.02183806523680687,0.04767520725727081,0.007965097203850746,1.0,1.0,1.0,2000
1173,0.07859093695878983,0.022632911801338196,0.04811514541506767,0.00784287415444851,1.0,1.0,1.0,2000
1174,0.07943572849035263,0.023814672604203224,0.04760025441646576,0.008020803332328796,1.0,1.0,1.0,2000
1175,0.07887832820415497,0.022881925106048584,0.04817061126232147,0.00782579556107521,1.0,1.0,1.0,2000
1176,0.07793022692203522,0.022286059334874153,0.047677867114543915,0.007966306060552597,1.0,1.0,1.0,2000
1177,0.07700735330581665,0.021217970177531242,0.047923557460308075,0.007865825667977333,1.0,1.0,1.0,2000
1178,0.07681949436664581,0.02109338529407978,0.04784688726067543,0.007879223674535751,1.0,1.0,1.0,2000
1179,0.07726935297250748,0.021665489301085472,0.04766803979873657,0.007935823872685432,1.0,1.0,1.0,2000
1180,0.07778158783912659,0.02194935828447342,0.04800311103463173,0.007829115726053715,1.0,1.0,1.0,2000
1181,0.07800568640232086,0.02243286557495594,0.047616682946681976,0.007956136018037796,1.0,1.0,1.0,2000
1182,0.07760103791952133,0.021749181672930717,0.04803510382771492,0.007816756144165993,1.0,1.0,1.0,2000
1183,0.07707148790359497,0.021415719762444496,0.0477534756064415,0.0079022953286767,1.0,1.0,1.0,2000
1184,0.07668270170688629,0.02091393433511257,0.04792715981602669,0.007841609418392181,1.0,1.0,1.0,2000
1185,0.07665957510471344,0.020888643339276314,0.04793311282992363,0.007837815210223198,1.0,1.0,1.0,2000
1186,0.07690048217773438,0.021229108795523643,0.04778558760881424,0.007885785773396492,1.0,1.0,1.0,2000
1187,0.07712394744157791,0.02129245735704899,0.048026226460933685,0.007805262226611376,1.0,1.0,1.0,2000
1188,0.07718167454004288,0.021556740626692772,0.04772477596998215,0.00790015421807766,1.0,1.0,1.0,2000
1189,0.07696571201086044,0.021170124411582947,0.047992631793022156,0.007802953012287617,1.0,1.0,1.0,2000
1190,0.07669193297624588,0.021053306758403778,0.04777279123663902,0.007865840569138527,1.0,1.0,1.0,2000
1191,0.0764915868639946,0.02079121582210064,0.04788011312484741,0.007820256054401398,1.0,1.0,1.0,2000
1192,0.07646004110574722,0.020774809643626213,0.0478707030415535,0.007814525626599789,1.0,1.0,1.0,2000
1193,0.07655521482229233,0.020944664254784584,0.04777141660451889,0.007839134894311428,1.0,1.0,1.0,2000
1194,0.07665802538394928,0.020947419106960297,0.04793376103043556,0.007776842452585697,1.0,1.0,1.0,2000
1195,0.07669001817703247,0.021130817010998726,0.0477231964468956,0.007836010307073593,1.0,1.0,1.0,2000
1196,0.07659822702407837,0.020920509472489357,0.04791689291596413,0.007760823704302311,1.0,1.0,1.0,2000
1197,0.07645959407091141,0.02091231942176819,0.04774104058742523,0.007806234061717987,1.0,1.0,1.0,2000
1198,0.07633120566606522,0.0207317303866148,0.047835953533649445,0.0077635180205106735,1.0,1.0,1.0,2000
1199,0.07627064734697342,0.02071341499686241,0.04778880625963211,0.007768427021801472,1.0,1.0,1.0,2000
1200,0.07627854496240616,0.020762817934155464,0.047740738838911057,0.0077749895863235,1.0,1.0,1.0,2000
1201,0.07631653547286987,0.020755993202328682,0.04781951382756233,0.007741027977317572,1.0,1.0,1.0,2000
1202,0.07634158432483673,0.020884934812784195,0.04767657816410065,0.007780077401548624,1.0,1.0,1.0,2000
1203,0.07631801068782806,0.020781200379133224,0.04780737683176994,0.007729430682957172,1.0,1.0,1.0,2000
1204,0.07625828683376312,0.020828058943152428,0.04766051471233368,0.007769708521664143,1.0,1.0,1.0,2000
1205,0.07617821544408798,0.020692531019449234,0.04775508493185043,0.007730595767498016,1.0,1.0,1.0,2000
1206,0.07611150294542313,0.02068781852722168,0.04767519235610962,0.0077484892681241035,1.0,1.0,1.0,2000
1207,0.07607310265302658,0.02065468579530716,0.04768018424510956,0.007738229352980852,1.0,1.0,1.0,2000
1208,0.07606213539838791,0.02064931020140648,0.047685399651527405,0.007727420888841152,1.0,1.0,1.0,2000
1209,0.07606428116559982,0.020715173333883286,0.04760505259037018,0.00774405337870121,1.0,1.0,1.0,2000
1210,0.07606096565723419,0.020678939297795296,0.04766901582479477,0.007713008671998978,1.0,1.0,1.0,2000
1211,0.07604298740625381,0.02074914239346981,0.04755321145057678,0.007740633562207222,1.0,1.0,1.0,2000
1212,0.07600601762533188,0.020669974386692047,0.047630757093429565,0.007705283351242542,1.0,1.0,1.0,2000
1213,0.07596012949943542,0.020696625113487244,0.04753702133893967,0.007726483978331089,1.0,1.0,1.0,2000
1214,0.07591375708580017,0.02062627300620079,0.04758543521165848,0.007702050730586052,1.0,1.0,1.0,2000
1215,0.07587594538927078,0.02062392234802246,0.047544606029987335,0.007707415148615837,1.0,1.0,1.0,2000
1216,0.07584933191537857,0.02060854248702526,0.047538965940475464,0.007701819762587547,1.0,1.0,1.0,2000
1217,0.07583148777484894,0.02059163898229599,0.04754827916622162,0.007691565901041031,1.0,1.0,1.0,2000
1218,0.07581707835197449,0.020623236894607544,0.0474909245967865,0.007702918723225594,1.0,1.0,1.0,2000
1219,0.07580025494098663,0.02058836817741394,0.04752875864505768,0.007683128118515015,1.0,1.0,1.0,2000
1220,0.07577822357416153,0.02063015289604664,0.04744564741849899,0.0077024223282933235,1.0,1.0,1.0,2000
1221,0.07574957609176636,0.020581161603331566,0.04748758301138878,0.007680830545723438,1.0,1.0,1.0,2000
1222,0.07571709156036377,0.020608127117156982,0.047411393374204636,0.007697567343711853,1.0,1.0,1.0,2000
1223,0.07568322867155075,0.020564323291182518,0.04743817821145058,0.00768072996288538,1.0,1.0,1.0,2000
1224,0.07565116137266159,0.02057194709777832,0.04739128053188324,0.007687937002629042,1.0,1.0,1.0,2000
1225,0.07562239468097687,0.020550357177853584,0.04739249125123024,0.007679542060941458,1.0,1.0,1.0,2000
1226,0.07559709250926971,0.020541036501526833,0.04738053306937218,0.007675522472709417,1.0,1.0,1.0,2000
1227,0.07557431608438492,0.020542973652482033,0.047355495393276215,0.007675850763916969,1.0,1.0,1.0,2000
1228,0.0755525529384613,0.020518986508250237,0.04737024009227753,0.007663323078304529,1.0,1.0,1.0,2000
1229,0.07553034275770187,0.020534681156277657,0.04732555150985718,0.007670112885534763,1.0,1.0,1.0,2000
1230,0.07550661265850067,0.020501164719462395,0.047351494431495667,0.007653955370187759,1.0,1.0,1.0,2000
1231,0.07548117637634277,0.020520200952887535,0.047297265380620956,0.007663710042834282,1.0,1.0,1.0,2000
1232,0.07545405626296997,0.02048584073781967,0.0473196804523468,0.0076485369354486465,1.0,1.0,1.0,2000
1233,0.07542606443166733,0.02050109952688217,0.047267451882362366,0.0076575130224227905,1.0,1.0,1.0,2000
1234,0.07539772242307663,0.020473197102546692,0.047278519719839096,0.007646000944077969,1.0,1.0,1.0,2000
1235,0.07536973059177399,0.020479755476117134,0.04723895341157913,0.007651025429368019,1.0,1.0,1.0,2000
1236,0.07534243911504745,0.020461000502109528,0.04723760485649109,0.007643835619091988,1.0,1.0,1.0,2000
1237,0.07531598210334778,0.020456397905945778,0.047216273844242096,0.007643311284482479,1.0,1.0,1.0,2000
1238,0.0752902552485466,0.020446600392460823,0.047203533351421356,0.007640124298632145,1.0,1.0,1.0,2000
1239,0.0752650797367096,0.02043226920068264,0.047198276966810226,0.0076345354318618774,1.0,1.0,1.0,2000
1240,0.07524017244577408,0.020430782809853554,0.04717453941702843,0.007634848356246948,1.0,1.0,1.0,2000
1241,0.07521529495716095,0.020410776138305664,0.047178518027067184,0.007625998463481665,1.0,1.0,1.0,2000
1242,0.07519024610519409,0.020416023209691048,0.04714518412947655,0.007629039231687784,1.0,1.0,1.0,2000
1243,0.07516492158174515,0.020393725484609604,0.04715244844555855,0.007618749979883432,1.0,1.0,1.0,2000
1244,0.07513926923274994,0.020402373746037483,0.04711363464593887,0.007623263634741306,1.0,1.0,1.0,2000
1245,0.07511328905820847,0.02037927880883217,0.0471213199198246,0.007612688932567835,1.0,1.0,1.0,2000
1246,0.07508708536624908,0.020387571305036545,0.047082189470529556,0.007617320865392685,1.0,1.0,1.0,2000
1247,0.07506066560745239,0.02036445587873459,0.04708907753229141,0.0076071289367973804,1.0,1.0,1.0,2000
1248,0.07503411918878555,0.020370136946439743,0.04705306887626648,0.007610911503434181,1.0,1.0,1.0,2000
1249,0.07500749826431274,0.02034805342555046,0.04705789312720299,0.007601555436849594,1.0,1.0,1.0,2000
1250,0.07498089224100113,0.020350709557533264,0.04702608287334442,0.0076041026040911674,1.0,1.0,1.0,2000
1251,0.07495425641536713,0.020330751314759254,0.047027651220560074,0.007595855742692947,1.0,1.0,1.0,2000
1252,0.0749276801943779,0.02033090591430664,0.04699961096048355,0.007597165182232857,1.0,1.0,1.0,2000
1253,0.07490111142396927,0.0203138068318367,0.04699718579649925,0.007590119726955891,1.0,1.0,1.0,2000
1254,0.07487455010414124,0.02031221054494381,0.046971987932920456,0.007590355817228556,1.0,1.0,1.0,2000
1255,0.07484803348779678,0.020298117771744728,0.04696546867489815,0.007584442384541035,1.0,1.0,1.0,2000
1256,0.07482153922319412,0.02029542811214924,0.04694230109453201,0.007583810947835445,1.0,1.0,1.0,2000
1257,0.07479500770568848,0.020283808931708336,0.046932414174079895,0.007578785996884108,1.0,1.0,1.0,2000
1258,0.07476848363876343,0.0202800240367651,0.04691106453537941,0.007577398791909218,1.0,1.0,1.0,2000
1259,0.07474196702241898,0.020269863307476044,0.046899180859327316,0.007572924252599478,1.0,1.0,1.0,2000
1260,0.07471540570259094,0.020264698192477226,0.04687986895442009,0.007570844143629074,1.0,1.0,1.0,2000
1261,0.07468880712985992,0.02025502361357212,0.04686713591217995,0.007566642481833696,1.0,1.0,1.0,2000
1262,0.07466220110654831,0.020248666405677795,0.04684948921203613,0.007564045954495668,1.0,1.0,1.0,2000
1263,0.07463555037975311,0.020239422097802162,0.046836063265800476,0.007560070138424635,1.0,1.0,1.0,2000
1264,0.07460886985063553,0.02023262530565262,0.046819016337394714,0.007557228207588196,1.0,1.0,1.0,2000
1265,0.07458215206861496,0.020224090665578842,0.04680453985929489,0.007553523406386375,1.0,1.0,1.0,2000
1266,0.07455538958311081,0.02021743915975094,0.046787284314632416,0.007550661452114582,1.0,1.0,1.0,2000
1267,0.07452858984470367,0.020209571346640587,0.04677184671163559,0.007547173649072647,1.0,1.0,1.0,2000
1268,0.07450175285339355,0.020203040912747383,0.04675440490245819,0.007544312626123428,1.0,1.0,1.0,2000
1269,0.07447486370801926,0.020195314660668373,0.046738676726818085,0.007540873251855373,1.0,1.0,1.0,2000
1270,0.07444794476032257,0.020188672468066216,0.046721309423446655,0.0075379591435194016,1.0,1.0,1.0,2000
1271,0.07442096620798111,0.02018071711063385,0.04670581966638565,0.007534428033977747,1.0,1.0,1.0,2000
1272,0.07439398765563965,0.02017403207719326,0.04668847844004631,0.0075314780697226524,1.0,1.0,1.0,2000
1273,0.07436692714691162,0.02016587369143963,0.0466732457280159,0.007527807727456093,1.0,1.0,1.0,2000
1274,0.0743398368358612,0.02015940099954605,0.04665553197264671,0.00752490758895874,1.0,1.0,1.0,2000
1275,0.0743127390742302,0.020151041448116302,0.04664062336087227,0.007521072402596474,1.0,1.0,1.0,2000
1276,0.07428555935621262,0.020145025104284286,0.04662220925092697,0.007518331054598093,1.0,1.0,1.0,2000
1277,0.07425835728645325,0.020136239007115364,0.046607859432697296,0.007514261174947023,1.0,1.0,1.0,2000
1278,0.07423114031553268,0.020130889490246773,0.04658844321966171,0.007511812262237072,1.0,1.0,1.0,2000
1279,0.07420386373996735,0.020121322944760323,0.046575162559747696,0.007507380098104477,1.0,1.0,1.0,2000
1280,0.0741766020655632,0.020116988569498062,0.04655418545007706,0.007505426183342934,1.0,1.0,1.0,2000
1281,0.07414931058883667,0.02010618895292282,0.0465427041053772,0.007500417530536652,1.0,1.0,1.0,2000
1282,0.07412206381559372,0.02010355144739151,0.04651924967765808,0.007499263621866703,1.0,1.0,1.0,2000
1283,0.07409484684467316,0.020090721547603607,0.046510856598615646,0.0074932691641151905,1.0,1.0,1.0,2000
1284,0.07406773418188095,0.020091019570827484,0.04648328945040703,0.007493426091969013,1.0,1.0,1.0,2000
1285,0.07404089719057083,0.02007501758635044,0.04648013785481453,0.007485741749405861,1.0,1.0,1.0,2000
1286,0.07401454448699951,0.0200808048248291,0.04644561558961868,0.007488123141229153,1.0,1.0,1.0,2000
1287,0.07398895919322968,0.02006002515554428,0.046451374888420105,0.007477556820958853,1.0,1.0,1.0,2000
1288,0.07396489381790161,0.02007635310292244,0.046404752880334854,0.007483787834644318,1.0,1.0,1.0,2000
1289,0.07394333183765411,0.020048974081873894,0.04642614722251892,0.007468212395906448,1.0,1.0,1.0,2000
1290,0.07392656803131104,0.02008696086704731,0.046358343213796616,0.007481261156499386,1.0,1.0,1.0,2000
1291,0.07391772419214249,0.020053254440426826,0.04640761390328407,0.007456855848431587,1.0,1.0,1.0,2000
1292,0.07392481714487076,0.020140552893280983,0.04630202054977417,0.00748224463313818,1.0,1.0,1.0,2000
1293,0.07395711541175842,0.02011341229081154,0.046401504427194595,0.007442199159413576,1.0,1.0,1.0,2000
1294,0.07404442876577377,0.020326945930719376,0.04622691124677658,0.007490565534681082,1.0,1.0,1.0,2000
1295,0.07421164959669113,0.02037133276462555,0.04641754552721977,0.007422769442200661,1.0,1.0,1.0,2000
1296,0.07457762956619263,0.02094753459095955,0.0461147241294384,0.00751537224277854,1.0,1.0,1.0,2000
1297,0.07518470287322998,0.021314270794391632,0.04647161066532135,0.007398822344839573,1.0,1.0,1.0,2000
1298,0.07653960585594177,0.02303098328411579,0.045928314328193665,0.007580306846648455,1.0,1.0,1.0,2000
1299,0.07847784459590912,0.024514231830835342,0.04658302664756775,0.007380592171102762,1.0,1.0,1.0,2000
1300,0.0832190066576004,0.0298750139772892,0.045595571398735046,0.0077484287321567535,1.0,1.0,1.0,2000
1301,0.08801916986703873,0.0338703952729702,0.046739816665649414,0.007408955134451389,1.0,1.0,1.0,2000
1302,0.10170428454875946,0.04853890836238861,0.0450192391872406,0.00814613327383995,1.0,1.0,1.0,2000
1303,0.10479065775871277,0.05049790069460869,0.04675469547510147,0.007538063917309046,1.0,1.0,1.0,2000
1304,0.12312136590480804,0.07016102969646454,0.04431411251425743,0.008646221831440926,1.0,1.0,1.0,2000
1305,0.10394280403852463,0.05008367821574211,0.04621439054608345,0.007644735276699066,1.0,1.0,1.0,2000
1306,0.09551861882209778,0.04297945275902748,0.04424665868282318,0.00829251203685999,1.0,1.0,1.0,2000
1307,0.07848696410655975,0.025455914437770844,0.04539346694946289,0.0076375799253582954,1.0,1.0,1.0,2000
1308,0.07354051619768143,0.02068149670958519,0.04519687965512276,0.007662138901650906,1.0,1.0,1.0,2000
1309,0.07894288003444672,0.026135239750146866,0.04501763731241226,0.007789999712258577,1.0,1.0,1.0,2000
1310,0.08641259372234344,0.03264099732041359,0.046344488859176636,0.00742711266502738,1.0,1.0,1.0,2000
1311,0.09421119838953018,0.04129853844642639,0.04498984292149544,0.007922818884253502,1.0,1.0,1.0,2000
1312,0.0855957567691803,0.03187047690153122,0.04637254774570465,0.0073527321219444275,1.0,1.0,1.0,2000
1313,0.0782947763800621,0.025542108342051506,0.045161109417676926,0.0075915600173175335,1.0,1.0,1.0,2000
1314,0.07340596616268158,0.02054821141064167,0.045438118278980255,0.0074196369387209415,1.0,1.0,1.0,2000
1315,0.07532615959644318,0.022418059408664703,0.04550483450293541,0.007403272669762373,1.0,1.0,1.0,2000
1316,0.08088874816894531,0.02847995236515999,0.04470610246062279,0.007702695671468973,1.0,1.0,1.0,2000
1317,0.0817197635769844,0.028609860688447952,0.04568202421069145,0.00742787541821599,1.0,1.0,1.0,2000
1318,0.08011867105960846,0.02770783193409443,0.04468192160129547,0.007728918455541134,1.0,1.0,1.0,2000
1319,0.07497354596853256,0.022112004458904266,0.04538733512163162,0.007474205456674099,1.0,1.0,1.0,2000
1320,0.07311780750751495,0.02037491835653782,0.045212145894765854,0.007530738599598408,1.0,1.0,1.0,2000
1321,0.07500525563955307,0.02233891747891903,0.045031607151031494,0.00763472868129611,1.0,1.0,1.0,2000
1322,0.07732699811458588,0.024133365601301193,0.045733895152807236,0.007459734566509724,1.0,1.0,1.0,2000
1323,0.07816991955041885,0.02544119954109192,0.04501892626285553,0.007709795609116554,1.0,1.0,1.0,2000
1324,0.07544760406017303,0.0222866740077734,0.04569847509264946,0.00746245589107275,1.0,1.0,1.0,2000
1325,0.07329206168651581,0.02045634761452675,0.045269906520843506,0.007565808482468128,1.0,1.0,1.0,2000
1326,0.07316393405199051,0.020373350009322166,0.045225922018289566,0.007564667146652937,1.0,1.0,1.0,2000
1327,0.07458998262882233,0.021616032347083092,0.045494433492422104,0.00747951865196228,1.0,1.0,1.0,2000
1328,0.07584939897060394,0.023244768381118774,0.04494389891624451,0.0076607344672083855,1.0,1.0,1.0,2000
1329,0.07502393424510956,0.022039297968149185,0.04552865028381348,0.0074559892527759075,1.0,1.0,1.0,2000
1330,0.07365046441555023,0.020931033417582512,0.04516242444515228,0.0075570084154605865,1.0,1.0,1.0,2000
1331,0.07279011607170105,0.019894778728485107,0.0454280748963356,0.007467261515557766,1.0,1.0,1.0,2000
1332,0.0731610506772995,0.0201355442404747,0.04560278356075287,0.007422721944749355,1.0,1.0,1.0,2000
1333,0.07406328618526459,0.021213077008724213,0.045328378677368164,0.007521827705204487,1.0,1.0,1.0,2000
1334,0.0742245465517044,0.021078690886497498,0.045758407562971115,0.007387444376945496,1.0,1.0,1.0,2000
1335,0.07371342182159424,0.02088695578277111,0.045308440923690796,0.007518019527196884,1.0,1.0,1.0,2000
1336,0.07287991791963577,0.01992843486368656,0.04552098363637924,0.007430500350892544,1.0,1.0,1.0,2000
1337,0.07260818779468536,0.019751498475670815,0.04539985954761505,0.0074568334966897964,1.0,1.0,1.0,2000
1338,0.07294951379299164,0.020197490230202675,0.045250631868839264,0.007501397281885147,1.0,1.0,1.0,2000
1339,0.07333903014659882,0.020407527685165405,0.04552540183067322,0.007406102027744055,1.0,1.0,1.0,2000
1340,0.0733773410320282,0.02065618708729744,0.04522233083844185,0.007498821709305048,1.0,1.0,1.0,2000
1341,0.07293164730072021,0.020018048584461212,0.04553280398249626,0.0073807998560369015,1.0,1.0,1.0,2000
1342,0.07252514362335205,0.019731871783733368,0.04537997394800186,0.0074132950976490974,1.0,1.0,1.0,2000
1343,0.07244521379470825,0.01965029537677765,0.04540655016899109,0.007388368248939514,1.0,1.0,1.0,2000
1344,0.07264822721481323,0.019790323451161385,0.04552087187767029,0.007337034679949284,1.0,1.0,1.0,2000
1345,0.07284918427467346,0.02016247808933258,0.04529064521193504,0.007396060042083263,1.0,1.0,1.0,2000
1346,0.0727768987417221,0.01995587721467018,0.045514483004808426,0.007306537125259638,1.0,1.0,1.0,2000
1347,0.07253799587488174,0.019892729818820953,0.045283131301403046,0.007362137548625469,1.0,1.0,1.0,2000
1348,0.07230813801288605,0.019615089520812035,0.04537811502814293,0.0073149362578988075,1.0,1.0,1.0,2000
1349,0.07225948572158813,0.019603367894887924,0.04534292221069336,0.007313192822039127,1.0,1.0,1.0,2000
1350,0.07235711812973022,0.019786547869443893,0.045231107622385025,0.007339462637901306,1.0,1.0,1.0,2000
1351,0.0724387913942337,0.01978127285838127,0.045372091233730316,0.007285428233444691,1.0,1.0,1.0,2000
1352,0.07240864634513855,0.019891101866960526,0.04517854377627373,0.007339003495872021,1.0,1.0,1.0,2000
1353,0.07226066291332245,0.01965397223830223,0.04532511532306671,0.0072815679013729095,1.0,1.0,1.0,2000
1354,0.07212097942829132,0.019595736637711525,0.0452202707529068,0.00730497669428587,1.0,1.0,1.0,2000
1355,0.07206816226243973,0.01955028995871544,0.045225176960229874,0.0072926972061395645,1.0,1.0,1.0,2000
1356,0.07209716737270355,0.01956700161099434,0.045260217040777206,0.007269947789609432,1.0,1.0,1.0,2000
1357,0.07213673740625381,0.019714418798685074,0.045120719820261,0.007301601581275463,1.0,1.0,1.0,2000
1358,0.0721149891614914,0.019641539081931114,0.04521789029240608,0.007255563512444496,1.0,1.0,1.0,2000
1359,0.07203700393438339,0.019684825092554092,0.045062191784381866,0.007289986126124859,1.0,1.0,1.0,2000
1360,0.07194200158119202,0.019565030932426453,0.04511989280581474,0.0072570741176605225,1.0,1.0,1.0,2000
1361,0.07188348472118378,0.019550934433937073,0.045072391629219055,0.0072601595893502235,1.0,1.0,1.0,2000
1362,0.07187210023403168,0.01956968568265438,0.04504235088825226,0.007260059006512165,1.0,1.0,1.0,2000
1363,0.07187951356172562,0.01954207383096218,0.04510556161403656,0.0072318739257752895,1.0,1.0,1.0,2000
1364,0.07187028974294662,0.01960914023220539,0.04500558599829674,0.0072555625811219215,1.0,1.0,1.0,2000
1365,0.07182566821575165,0.01951991766691208,0.04508347436785698,0.007222276646643877,1.0,1.0,1.0,2000
1366,0.07176288962364197,0.01953755132853985,0.044980037957429886,0.007245304062962532,1.0,1.0,1.0,2000
1367,0.0717058852314949,0.01948343962430954,0.04499078541994095,0.007231657858937979,1.0,1.0,1.0,2000
1368,0.07167172431945801,0.019487353041768074,0.0449502058327198,0.007234165444970131,1.0,1.0,1.0,2000
1369,0.07165659964084625,0.019524073228240013,0.04488903284072876,0.007243491243571043,1.0,1.0,1.0,2000
1370,0.07164330780506134,0.01949927769601345,0.04492034763097763,0.007223679684102535,1.0,1.0,1.0,2000
1371,0.07161784917116165,0.019542647525668144,0.044833846390247345,0.007241356186568737,1.0,1.0,1.0,2000
1372,0.071576327085495,0.019475914537906647,0.0448853000998497,0.007215113844722509,1.0,1.0,1.0,2000
1373,0.07152901589870453,0.01948137767612934,0.044822897762060165,0.007224738132208586,1.0,1.0,1.0,2000
1374,0.07148691266775131,0.0194401815533638,0.04483655095100403,0.007210176903754473,1.0,1.0,1.0,2000
1375,0.07145587354898453,0.019429629668593407,0.04482167586684227,0.007204572670161724,1.0,1.0,1.0,2000
1376,0.07143290340900421,0.01944473758339882,0.04478111118078232,0.007207050919532776,1.0,1.0,1.0,2000
1377,0.07141005247831345,0.01941755972802639,0.044802308082580566,0.00719018280506134,1.0,1.0,1.0,2000
1378,0.07138131558895111,0.019447103142738342,0.044732339680194855,0.007201870437711477,1.0,1.0,1.0,2000
1379,0.0713452622294426,0.019405150786042213,0.044755712151527405,0.007184399291872978,1.0,1.0,1.0,2000
1380,0.07130618393421173,0.019417988136410713,0.04469478875398636,0.007193406578153372,1.0,1.0,1.0,2000
1381,0.07126893103122711,0.01939212903380394,0.04469248652458191,0.0071843089535832405,1.0,1.0,1.0,2000
1382,0.0712364986538887,0.01938670314848423,0.044667020440101624,0.007182776927947998,1.0,1.0,1.0,2000
1383,0.07120820134878159,0.019389156252145767,0.04463563486933708,0.007183408830314875,1.0,1.0,1.0,2000
1384,0.07118090987205505,0.019364265725016594,0.044645220041275024,0.007171424105763435,1.0,1.0,1.0,2000
1385,0.07115167379379272,0.019376041367650032,0.044598668813705444,0.007176966406404972,1.0,1.0,1.0,2000
1386,0.07111907005310059,0.01933921128511429,0.044618263840675354,0.007161595392972231,1.0,1.0,1.0,2000
1387,0.07108422368764877,0.019345343112945557,0.044572800397872925,0.007166077848523855,1.0,1.0,1.0,2000
1388,0.07104905694723129,0.019319141283631325,0.04457453638315201,0.007155383937060833,1.0,1.0,1.0,2000
1389,0.07101551443338394,0.0193177480250597,0.044543102383613586,0.007154667284339666,1.0,1.0,1.0,2000
1390,0.07098401337862015,0.01931370235979557,0.04451869800686836,0.007151614408940077,1.0,1.0,1.0,2000
1391,0.07095383107662201,0.01930144801735878,0.04450798034667969,0.007144409231841564,1.0,1.0,1.0,2000
1392,0.07092367857694626,0.019308647140860558,0.0444687120616436,0.007146323099732399,1.0,1.0,1.0,2000
1393,0.07089243829250336,0.019284309819340706,0.04447314888238907,0.007134984713047743,1.0,1.0,1.0,2000
1394,0.070859894156456,0.019288821145892143,0.04443354159593582,0.007137526758015156,1.0,1.0,1.0,2000
1395,0.07082635164260864,0.019262632355093956,0.04443687945604324,0.007126839831471443,1.0,1.0,1.0,2000
1396,0.07079273462295532,0.019260793924331665,0.04440494626760483,0.007126993034034967,1.0,1.0,1.0,2000
1397,0.07075965404510498,0.019245579838752747,0.04439340531826019,0.0071206726133823395,1.0,1.0,1.0,2000
1398,0.07072735577821732,0.019237982109189034,0.04437227547168732,0.0071171000599861145,1.0,1.0,1.0,2000
1399,0.0706956535577774,0.019235653802752495,0.04434463754296303,0.00711536779999733,1.0,1.0,1.0,2000
1400,0.07066404819488525,0.019221846014261246,0.04433394968509674,0.00710825901478529,1.0,1.0,1.0,2000
1401,0.07063215225934982,0.019225172698497772,0.0442981943488121,0.007108783349394798,1.0,1.0,1.0,2000
1402,0.07059971988201141,0.019207071512937546,0.04429277032613754,0.007099883630871773,1.0,1.0,1.0,2000
1403,0.07056675851345062,0.019208984449505806,0.0442577600479126,0.007100014016032219,1.0,1.0,1.0,2000
1404,0.07053355127573013,0.019191967323422432,0.04424986243247986,0.007091722451150417,1.0,1.0,1.0,2000
1405,0.07050032168626785,0.019189275801181793,0.04422133043408394,0.0070897117257118225,1.0,1.0,1.0,2000
1406,0.07046730071306229,0.019177831709384918,0.044205814599990845,0.007083657663315535,1.0,1.0,1.0,2000
1407,0.07043451070785522,0.019169935956597328,0.04418554902076721,0.00707902479916811,1.0,1.0,1.0,2000
1408,0.07040189951658249,0.01916489563882351,0.04416147246956825,0.007075534202158451,1.0,1.0,1.0,2000
1409,0.07036929577589035,0.019153069704771042,0.04414724186062813,0.007068983279168606,1.0,1.0,1.0,2000
1410,0.07033658027648926,0.01915242336690426,0.044116802513599396,0.007067350670695305,1.0,1.0,1.0,2000
1411,0.07030362635850906,0.019138965755701065,0.04410453140735626,0.007060134783387184,1.0,1.0,1.0,2000
1412,0.07027047872543335,0.019139200448989868,0.04407227784395218,0.007059002760797739,1.0,1.0,1.0,2000
1413,0.07023714482784271,0.019126076251268387,0.044058967381715775,0.007052101194858551,1.0,1.0,1.0,2000
1414,0.0702037364244461,0.019123809412121773,0.04402988404035568,0.007050043903291225,1.0,1.0,1.0,2000
1415,0.07017026841640472,0.019112378358840942,0.04401387274265289,0.007044014986604452,1.0,1.0,1.0,2000
1416,0.07013682276010513,0.019106345251202583,0.04399015009403229,0.007040327414870262,1.0,1.0,1.0,2000
1417,0.07010342925786972,0.019098028540611267,0.04396984726190567,0.007035552058368921,1.0,1.0,1.0,2000
1418,0.0700700432062149,0.019089339300990105,0.043950218707323074,0.007030488923192024,1.0,1.0,1.0,2000
1419,0.0700366199016571,0.019084563478827477,0.04392503201961517,0.00702702347189188,1.0,1.0,1.0,2000
1420,0.07000315189361572,0.01907440461218357,0.04390760138630867,0.007021147292107344,1.0,1.0,1.0,2000
1421,0.06996956467628479,0.01907157152891159,0.043879520148038864,0.007018478587269783,1.0,1.0,1.0,2000
1422,0.06993589550256729,0.019060255959630013,0.043863408267498016,0.007012230344116688,1.0,1.0,1.0,2000
1423,0.06990211457014084,0.01905703730881214,0.043835461139678955,0.007009618915617466,1.0,1.0,1.0,2000
1424,0.06986822187900543,0.019045183435082436,0.0438196174800396,0.007003422826528549,1.0,1.0,1.0,2000
1425,0.06983426958322525,0.019040526822209358,0.04379330202937126,0.007000441197305918,1.0,1.0,1.0,2000
1426,0.06980025768280029,0.01902955397963524,0.043775901198387146,0.00699479877948761,1.0,1.0,1.0,2000
1427,0.06976620852947235,0.01902364008128643,0.04375121742486954,0.00699134636670351,1.0,1.0,1.0,2000
1428,0.06973207741975784,0.019014481455087662,0.04373110458254814,0.006986492313444614,1.0,1.0,1.0,2000
1429,0.06969791650772095,0.019007351249456406,0.04370807483792305,0.006982490886002779,1.0,1.0,1.0,2000
1430,0.06966370344161987,0.018999861553311348,0.04368553310632706,0.006978306919336319,1.0,1.0,1.0,2000
1431,0.06962943822145462,0.0189913809299469,0.0436643585562706,0.006973697803914547,1.0,1.0,1.0,2000
1432,0.06959511339664459,0.018984852358698845,0.04364032298326492,0.006969932932406664,1.0,1.0,1.0,2000
1433,0.06956074386835098,0.0189751535654068,0.04362078383564949,0.006964812986552715,1.0,1.0,1.0,2000
1434,0.0695262923836708,0.01896914280951023,0.04359586164355278,0.00696128373965621,1.0,1.0,1.0,2000
1435,0.06949174404144287,0.018958644941449165,0.04357723891735077,0.006955863907933235,1.0,1.0,1.0,2000
1436,0.06945715099573135,0.018952850252389908,0.043551843613386154,0.006952459923923016,1.0,1.0,1.0,2000
1437,0.06942249834537506,0.018942032009363174,0.04353351145982742,0.006946953013539314,1.0,1.0,1.0,2000
1438,0.06938774138689041,0.018936235457658768,0.04350792244076729,0.00694358441978693,1.0,1.0,1.0,2000
1439,0.06935292482376099,0.018925553187727928,0.043489210307598114,0.006938159931451082,1.0,1.0,1.0,2000
1440,0.069318026304245,0.018919719383120537,0.043463513255119324,0.006934788543730974,1.0,1.0,1.0,2000
1441,0.06928305327892303,0.018909433856606483,0.04344408959150314,0.006929529830813408,1.0,1.0,1.0,2000
1442,0.06924803555011749,0.018903430551290512,0.043418534100055695,0.0069260671734809875,1.0,1.0,1.0,2000
1443,0.06921293586492538,0.018893443048000336,0.04339855909347534,0.006920936517417431,1.0,1.0,1.0,2000
1444,0.0691777765750885,0.01888691633939743,0.04337359592318535,0.006917265709489584,1.0,1.0,1.0,2000
1445,0.06914253532886505,0.018876973539590836,0.043353382498025894,0.006912177428603172,1.0,1.0,1.0,2000
1446,0.06910723447799683,0.018869874998927116,0.04332909360527992,0.006908266339451075,1.0,1.0,1.0,2000
1447,0.06907185167074203,0.018860111013054848,0.04330851137638092,0.006903230678290129,1.0,1.0,1.0,2000
1448,0.06903642416000366,0.018852777779102325,0.04328446462750435,0.006899184547364712,1.0,1.0,1.0,2000
1449,0.06900092214345932,0.01884341426193714,0.04326324164867401,0.006894267164170742,1.0,1.0,1.0,2000
1450,0.06896533817052841,0.01883605495095253,0.043239135295152664,0.006890150718390942,1.0,1.0,1.0,2000
1451,0.06892966479063034,0.01882697455585003,0.04321736842393875,0.006885322276502848,1.0,1.0,1.0,2000
1452,0.06889393925666809,0.01881946437060833,0.04319333657622337,0.0068811411038041115,1.0,1.0,1.0,2000
1453,0.06885815411806107,0.018810413777828217,0.04317140951752663,0.006876333616673946,1.0,1.0,1.0,2000
1454,0.06882227957248688,0.018802661448717117,0.04314753785729408,0.006872077472507954,1.0,1.0,1.0,2000
1455,0.06878634542226791,0.018793471157550812,0.04312562942504883,0.006867242977023125,1.0,1.0,1.0,2000
1456,0.06875031441450119,0.018785612657666206,0.04310175031423569,0.006862956564873457,1.0,1.0,1.0,2000
1457,0.06871422380208969,0.018776357173919678,0.04307977110147476,0.0068580955266952515,1.0,1.0,1.0,2000
1458,0.06867808103561401,0.018768571317195892,0.04305568337440491,0.006853830069303513,1.0,1.0,1.0,2000
1459,0.06864183396100998,0.018759258091449738,0.0430336520075798,0.006848926655948162,1.0,1.0,1.0,2000
1460,0.06860551983118057,0.01875161938369274,0.0430091992020607,0.006844702176749706,1.0,1.0,1.0,2000
1461,0.0685691386461258,0.01874212734401226,0.04298730567097664,0.006839707028120756,1.0,1.0,1.0,2000
1462,0.06853268295526505,0.018734704703092575,0.04296242818236351,0.006835549604147673,1.0,1.0,1.0,2000
1463,0.06849614530801773,0.018724849447607994,0.042940884828567505,0.006830410100519657,1.0,1.0,1.0,2000
1464,0.06845954060554504,0.018717730417847633,0.04291544109582901,0.006826374679803848,1.0,1.0,1.0,2000
1465,0.06842287629842758,0.018707342445850372,0.04289451614022255,0.006821015849709511,1.0,1.0,1.0,2000
1466,0.06838613003492355,0.018700722604990005,0.042868226766586304,0.006817180663347244,1.0,1.0,1.0,2000
1467,0.06834930926561356,0.018689541146159172,0.04284825921058655,0.006811507511883974,1.0,1.0,1.0,2000
1468,0.06831243634223938,0.018683774396777153,0.042820654809474945,0.006808005273342133,1.0,1.0,1.0,2000
1469,0.06827551126480103,0.018671514466404915,0.0428021177649498,0.00680188462138176,1.0,1.0,1.0,2000
1470,0.06823853403329849,0.018667178228497505,0.042772434651851654,0.006798921152949333,1.0,1.0,1.0,2000
1471,0.06820156425237656,0.01865328848361969,0.04275616258382797,0.006792113184928894,1.0,1.0,1.0,2000
1472,0.0681646317243576,0.01865129917860031,0.04272332042455673,0.006790012586861849,1.0,1.0,1.0,2000
1473,0.06812776625156403,0.018634872511029243,0.0427107959985733,0.006782097741961479,1.0,1.0,1.0,2000
1474,0.06809110939502716,0.018636727705597878,0.0426730178296566,0.006781359203159809,1.0,1.0,1.0,2000
1475,0.06805480271577835,0.018616439774632454,0.042666707187891006,0.006771652493625879,1.0,1.0,1.0,2000
1476,0.06801919639110565,0.01862514764070511,0.04262089356780052,0.0067731523886322975,1.0,1.0,1.0,2000
1477,0.0679847002029419,0.018599364906549454,0.042624782770872116,0.0067605506628751755,1.0,1.0,1.0,2000
1478,0.0679522454738617,0.018620898947119713,0.04256552830338478,0.006765821948647499,1.0,1.0,1.0,2000
1479,0.06792305409908295,0.01858813315629959,0.04258650168776512,0.006748422048985958,1.0,1.0,1.0,2000
1480,0.06790008395910263,0.01863541454076767,0.04250451549887657,0.006760152988135815,1.0,1.0,1.0,2000
1481,0.06788647919893265,0.01859709993004799,0.04255468398332596,0.006734692491590977,1.0,1.0,1.0,2000
1482,0.0678919330239296,0.01870068348944187,0.04243357852101326,0.006757672410458326,1.0,1.0,1.0,2000
1483,0.06792476028203964,0.018671931698918343,0.042534273117780685,0.006718555465340614,1.0,1.0,1.0,2000
1484,0.06801847368478775,0.01891213096678257,0.042344626039266586,0.006761714816093445,1.0,1.0,1.0,2000
1485,0.06819073855876923,0.018957827240228653,0.04253341257572174,0.00669949920848012,1.0,1.0,1.0,2000
1486,0.06856660544872284,0.019564734771847725,0.04222176969051361,0.006780104711651802,1.0,1.0,1.0,2000
1487,0.0691530853509903,0.019909409806132317,0.04256431758403778,0.006679353769868612,1.0,1.0,1.0,2000
1488,0.07044660300016403,0.021580107510089874,0.04203387722373009,0.0068326229229569435,1.0,1.0,1.0,2000
1489,0.07216843962669373,0.02285981923341751,0.04263925552368164,0.006669366732239723,1.0,1.0,1.0,2000
1490,0.0763360783457756,0.027643222361803055,0.041723284870386124,0.006969569716602564,1.0,1.0,1.0,2000
1491,0.08027534931898117,0.03082975558936596,0.042740870267152786,0.006704725790768862,1.0,1.0,1.0,2000
1492,0.09154771268367767,0.04304434359073639,0.04121652990579605,0.0072868382558226585,1.0,1.0,1.0,2000
1493,0.09443198889493942,0.044882796704769135,0.042722441256046295,0.006826750468462706,1.0,1.0,1.0,2000
1494,0.11069092899560928,0.06238482892513275,0.04059267044067383,0.007713432423770428,1.0,1.0,1.0,2000
1495,0.09705480933189392,0.04782523959875107,0.04229919612407684,0.006930375471711159,1.0,1.0,1.0,2000
1496,0.09389793872833252,0.045935653150081635,0.04043114557862282,0.007531138136982918,1.0,1.0,1.0,2000
1497,0.07630088180303574,0.02772185392677784,0.041714005172252655,0.006865024100989103,1.0,1.0,1.0,2000
1498,0.06816782802343369,0.02002369612455368,0.04121612384915352,0.006928005255758762,1.0,1.0,1.0,2000
1499,0.06823115795850754,0.019939834251999855,0.04145045951008797,0.006840864196419716,1.0,1.0,1.0,2000
1500,0.07408653944730759,0.025164233520627022,0.042263325303792953,0.006658982019871473,1.0,1.0,1.0,2000
